state,state_abbr,state_fips,characteristic,group,prevalence,ci_low,ci_high,period,period_label,suppressed,geography_scope,source,source_file
Alabama,AL,01,Overall,All adults,39.7,37.7,41.7,2025,BRFSS 2025,false,State/territory,https://www.cdc.gov/obesity/media/files/2026/09/2_2025-Obesity-by-state.csv,2_2025-Obesity-by-state.csv
Alaska,AK,02,Overall,All adults,33,31.2,35.0,2025,BRFSS 2025,false,State/territory,https://www.cdc.gov/obesity/media/files/2026/09/2_2025-Obesity-by-state.csv,2_2025-Obesity-by-state.csv
Arizona,AZ,04,Overall,All adults,32.3,30.1,34.5,2025,BRFSS 2025,false,State/territory,https://www.cdc.gov/obesity/media/files/2026/09/2_2025-Obesity-by-state.csv,2_2025-Obesity-by-state.csv
Arkansas,AR,05,Overall,All adults,36.7,34.9,38.6,2025,BRFSS 2025,false,State/territory,https://www.cdc.gov/obesity/media/files/2026/09/2_2025-Obesity-by-state.csv,2_2025-Obesity-by-state.csv
California,CA,06,Overall,All adults,,,,2025,BRFSS 2025,true,State/territory,https://www.cdc.gov/obesity/media/files/2026/09/2_2025-Obesity-by-state.csv,2_2025-Obesity-by-state.csv
Colorado,CO,08,Overall,All adults,25.7,24.6,26.7,2025,BRFSS 2025,false,State/territory,https://www.cdc.gov/obesity/media/files/2026/09/2_2025-Obesity-by-state.csv,2_2025-Obesity-by-state.csv
Connecticut,CT,09,Overall,All adults,30.4,28.9,31.9,2025,BRFSS 2025,false,State/territory,https://www.cdc.gov/obesity/media/files/2026/09/2_2025-Obesity-by-state.csv,2_2025-Obesity-by-state.csv
Delaware,DE,10,Overall,All adults,36.3,34.1,38.5,2025,BRFSS 2025,false,State/territory,https://www.cdc.gov/obesity/media/files/2026/09/2_2025-Obesity-by-state.csv,2_2025-Obesity-by-state.csv
District of Columbia,DC,11,Overall,All adults,24.2,21.9,26.5,2025,BRFSS 2025,false,State/territory,https://www.cdc.gov/obesity/media/files/2026/09/2_2025-Obesity-by-state.csv,2_2025-Obesity-by-state.csv
Florida,FL,12,Overall,All adults,30,28.4,31.6,2025,BRFSS 2025,false,State/territory,https://www.cdc.gov/obesity/media/files/2026/09/2_2025-Obesity-by-state.csv,2_2025-Obesity-by-state.csv
Georgia,GA,13,Overall,All adults,35.9,34.2,37.7,2025,BRFSS 2025,false,State/territory,https://www.cdc.gov/obesity/media/files/2026/09/2_2025-Obesity-by-state.csv,2_2025-Obesity-by-state.csv
Guam,GU,66,Overall,All adults,39.6,31.0,48.9,2025,BRFSS 2025,false,State/territory,https://www.cdc.gov/obesity/media/files/2026/09/2_2025-Obesity-by-state.csv,2_2025-Obesity-by-state.csv
Hawaii,HI,15,Overall,All adults,26.4,25.0,27.8,2025,BRFSS 2025,false,State/territory,https://www.cdc.gov/obesity/media/files/2026/09/2_2025-Obesity-by-state.csv,2_2025-Obesity-by-state.csv
Idaho,ID,16,Overall,All adults,32.6,30.5,34.7,2025,BRFSS 2025,false,State/territory,https://www.cdc.gov/obesity/media/files/2026/09/2_2025-Obesity-by-state.csv,2_2025-Obesity-by-state.csv
Illinois,IL,17,Overall,All adults,33.7,32.5,34.8,2025,BRFSS 2025,false,State/territory,https://www.cdc.gov/obesity/media/files/2026/09/2_2025-Obesity-by-state.csv,2_2025-Obesity-by-state.csv
Indiana,IN,18,Overall,All adults,37.5,35.7,39.3,2025,BRFSS 2025,false,State/territory,https://www.cdc.gov/obesity/media/files/2026/09/2_2025-Obesity-by-state.csv,2_2025-Obesity-by-state.csv
Iowa,IA,19,Overall,All adults,36.9,35.7,38.2,2025,BRFSS 2025,false,State/territory,https://www.cdc.gov/obesity/media/files/2026/09/2_2025-Obesity-by-state.csv,2_2025-Obesity-by-state.csv
Kansas,KS,20,Overall,All adults,37.3,36.0,38.6,2025,BRFSS 2025,false,State/territory,https://www.cdc.gov/obesity/media/files/2026/09/2_2025-Obesity-by-state.csv,2_2025-Obesity-by-state.csv
Kentucky,KY,21,Overall,All adults,38.8,37.1,40.6,2025,BRFSS 2025,false,State/territory,https://www.cdc.gov/obesity/media/files/2026/09/2_2025-Obesity-by-state.csv,2_2025-Obesity-by-state.csv
Louisiana,LA,22,Overall,All adults,35.6,33.9,37.4,2025,BRFSS 2025,false,State/territory,https://www.cdc.gov/obesity/media/files/2026/09/2_2025-Obesity-by-state.csv,2_2025-Obesity-by-state.csv
Maine,ME,23,Overall,All adults,33,31.8,34.2,2025,BRFSS 2025,false,State/territory,https://www.cdc.gov/obesity/media/files/2026/09/2_2025-Obesity-by-state.csv,2_2025-Obesity-by-state.csv
Maryland,MD,24,Overall,All adults,33.1,31.9,34.3,2025,BRFSS 2025,false,State/territory,https://www.cdc.gov/obesity/media/files/2026/09/2_2025-Obesity-by-state.csv,2_2025-Obesity-by-state.csv
Massachusetts,MA,25,Overall,All adults,27,25.8,28.3,2025,BRFSS 2025,false,State/territory,https://www.cdc.gov/obesity/media/files/2026/09/2_2025-Obesity-by-state.csv,2_2025-Obesity-by-state.csv
Michigan,MI,26,Overall,All adults,35.1,33.8,36.4,2025,BRFSS 2025,false,State/territory,https://www.cdc.gov/obesity/media/files/2026/09/2_2025-Obesity-by-state.csv,2_2025-Obesity-by-state.csv
Minnesota,MN,27,Overall,All adults,33.1,32.0,34.1,2025,BRFSS 2025,false,State/territory,https://www.cdc.gov/obesity/media/files/2026/09/2_2025-Obesity-by-state.csv,2_2025-Obesity-by-state.csv
Mississippi,MS,28,Overall,All adults,,,,2025,BRFSS 2025,true,State/territory,https://www.cdc.gov/obesity/media/files/2026/09/2_2025-Obesity-by-state.csv,2_2025-Obesity-by-state.csv
Missouri,MO,29,Overall,All adults,36.6,34.9,38.4,2025,BRFSS 2025,false,State/territory,https://www.cdc.gov/obesity/media/files/2026/09/2_2025-Obesity-by-state.csv,2_2025-Obesity-by-state.csv
Montana,MT,30,Overall,All adults,30.3,28.8,31.8,2025,BRFSS 2025,false,State/territory,https://www.cdc.gov/obesity/media/files/2026/09/2_2025-Obesity-by-state.csv,2_2025-Obesity-by-state.csv
Nebraska,NE,31,Overall,All adults,36,34.3,37.6,2025,BRFSS 2025,false,State/territory,https://www.cdc.gov/obesity/media/files/2026/09/2_2025-Obesity-by-state.csv,2_2025-Obesity-by-state.csv
Nevada,NV,32,Overall,All adults,,,,2025,BRFSS 2025,true,State/territory,https://www.cdc.gov/obesity/media/files/2026/09/2_2025-Obesity-by-state.csv,2_2025-Obesity-by-state.csv
New Hampshire,NH,33,Overall,All adults,31.6,29.6,33.6,2025,BRFSS 2025,false,State/territory,https://www.cdc.gov/obesity/media/files/2026/09/2_2025-Obesity-by-state.csv,2_2025-Obesity-by-state.csv
New Jersey,NJ,34,Overall,All adults,27,25.4,28.7,2025,BRFSS 2025,false,State/territory,https://www.cdc.gov/obesity/media/files/2026/09/2_2025-Obesity-by-state.csv,2_2025-Obesity-by-state.csv
New Mexico,NM,35,Overall,All adults,35.3,32.9,37.7,2025,BRFSS 2025,false,State/territory,https://www.cdc.gov/obesity/media/files/2026/09/2_2025-Obesity-by-state.csv,2_2025-Obesity-by-state.csv
New York,NY,36,Overall,All adults,28.5,27.6,29.6,2025,BRFSS 2025,false,State/territory,https://www.cdc.gov/obesity/media/files/2026/09/2_2025-Obesity-by-state.csv,2_2025-Obesity-by-state.csv
North Carolina,NC,37,Overall,All adults,33.5,31.5,35.5,2025,BRFSS 2025,false,State/territory,https://www.cdc.gov/obesity/media/files/2026/09/2_2025-Obesity-by-state.csv,2_2025-Obesity-by-state.csv
North Dakota,ND,38,Overall,All adults,39.1,37.3,40.8,2025,BRFSS 2025,false,State/territory,https://www.cdc.gov/obesity/media/files/2026/09/2_2025-Obesity-by-state.csv,2_2025-Obesity-by-state.csv
Ohio,OH,39,Overall,All adults,36,34.5,37.6,2025,BRFSS 2025,false,State/territory,https://www.cdc.gov/obesity/media/files/2026/09/2_2025-Obesity-by-state.csv,2_2025-Obesity-by-state.csv
Oklahoma,OK,40,Overall,All adults,38.1,36.3,39.9,2025,BRFSS 2025,false,State/territory,https://www.cdc.gov/obesity/media/files/2026/09/2_2025-Obesity-by-state.csv,2_2025-Obesity-by-state.csv
Oregon,OR,41,Overall,All adults,32.7,31.1,34.4,2025,BRFSS 2025,false,State/territory,https://www.cdc.gov/obesity/media/files/2026/09/2_2025-Obesity-by-state.csv,2_2025-Obesity-by-state.csv
Pennsylvania,PA,42,Overall,All adults,33.5,31.1,36.0,2025,BRFSS 2025,false,State/territory,https://www.cdc.gov/obesity/media/files/2026/09/2_2025-Obesity-by-state.csv,2_2025-Obesity-by-state.csv
Puerto Rico,PR,72,Overall,All adults,35.9,33.3,38.7,2025,BRFSS 2025,false,State/territory,https://www.cdc.gov/obesity/media/files/2026/09/2_2025-Obesity-by-state.csv,2_2025-Obesity-by-state.csv
Rhode Island,RI,44,Overall,All adults,31.3,29.6,33.0,2025,BRFSS 2025,false,State/territory,https://www.cdc.gov/obesity/media/files/2026/09/2_2025-Obesity-by-state.csv,2_2025-Obesity-by-state.csv
South Carolina,SC,45,Overall,All adults,36.5,33.6,39.5,2025,BRFSS 2025,false,State/territory,https://www.cdc.gov/obesity/media/files/2026/09/2_2025-Obesity-by-state.csv,2_2025-Obesity-by-state.csv
South Dakota,SD,46,Overall,All adults,34.3,31.8,37.0,2025,BRFSS 2025,false,State/territory,https://www.cdc.gov/obesity/media/files/2026/09/2_2025-Obesity-by-state.csv,2_2025-Obesity-by-state.csv
Tennessee,TN,47,Overall,All adults,37.9,36.1,39.7,2025,BRFSS 2025,false,State/territory,https://www.cdc.gov/obesity/media/files/2026/09/2_2025-Obesity-by-state.csv,2_2025-Obesity-by-state.csv
Texas,TX,48,Overall,All adults,36.1,34.3,38.0,2025,BRFSS 2025,false,State/territory,https://www.cdc.gov/obesity/media/files/2026/09/2_2025-Obesity-by-state.csv,2_2025-Obesity-by-state.csv
Utah,UT,49,Overall,All adults,29.8,28.6,30.9,2025,BRFSS 2025,false,State/territory,https://www.cdc.gov/obesity/media/files/2026/09/2_2025-Obesity-by-state.csv,2_2025-Obesity-by-state.csv
Vermont,VT,50,Overall,All adults,29.1,27.6,30.6,2025,BRFSS 2025,false,State/territory,https://www.cdc.gov/obesity/media/files/2026/09/2_2025-Obesity-by-state.csv,2_2025-Obesity-by-state.csv
Virgin Islands,VI,78,Overall,All adults,,,,2025,BRFSS 2025,true,State/territory,https://www.cdc.gov/obesity/media/files/2026/09/2_2025-Obesity-by-state.csv,2_2025-Obesity-by-state.csv
Virginia,VA,51,Overall,All adults,34.2,32.2,36.3,2025,BRFSS 2025,false,State/territory,https://www.cdc.gov/obesity/media/files/2026/09/2_2025-Obesity-by-state.csv,2_2025-Obesity-by-state.csv
Washington,WA,53,Overall,All adults,31,30.2,31.9,2025,BRFSS 2025,false,State/territory,https://www.cdc.gov/obesity/media/files/2026/09/2_2025-Obesity-by-state.csv,2_2025-Obesity-by-state.csv
West Virginia,WV,54,Overall,All adults,37.4,35.6,39.3,2025,BRFSS 2025,false,State/territory,https://www.cdc.gov/obesity/media/files/2026/09/2_2025-Obesity-by-state.csv,2_2025-Obesity-by-state.csv
Wisconsin,WI,55,Overall,All adults,36.6,35.3,37.9,2025,BRFSS 2025,false,State/territory,https://www.cdc.gov/obesity/media/files/2026/09/2_2025-Obesity-by-state.csv,2_2025-Obesity-by-state.csv
Wyoming,WY,56,Overall,All adults,32.6,30.8,34.5,2025,BRFSS 2025,false,State/territory,https://www.cdc.gov/obesity/media/files/2026/09/2_2025-Obesity-by-state.csv,2_2025-Obesity-by-state.csv
Alabama,AL,01,Age,Adults aged 18–39 years,38.1,34.4,42.0,2025,BRFSS 2025,false,State/territory,https://www.cdc.gov/obesity/media/files/2026/09/3_2025-obesity-by-state-and-aged-18-39.csv,3_2025-obesity-by-state-and-aged-18-39.csv
Alaska,AK,02,Age,Adults aged 18–39 years,29.9,26.5,33.4,2025,BRFSS 2025,false,State/territory,https://www.cdc.gov/obesity/media/files/2026/09/3_2025-obesity-by-state-and-aged-18-39.csv,3_2025-obesity-by-state-and-aged-18-39.csv
Arizona,AZ,04,Age,Adults aged 18–39 years,29.6,25.6,33.9,2025,BRFSS 2025,false,State/territory,https://www.cdc.gov/obesity/media/files/2026/09/3_2025-obesity-by-state-and-aged-18-39.csv,3_2025-obesity-by-state-and-aged-18-39.csv
Arkansas,AR,05,Age,Adults aged 18–39 years,32.8,29.4,36.5,2025,BRFSS 2025,false,State/territory,https://www.cdc.gov/obesity/media/files/2026/09/3_2025-obesity-by-state-and-aged-18-39.csv,3_2025-obesity-by-state-and-aged-18-39.csv
California,CA,06,Age,Adults aged 18–39 years,,,,2025,BRFSS 2025,true,State/territory,https://www.cdc.gov/obesity/media/files/2026/09/3_2025-obesity-by-state-and-aged-18-39.csv,3_2025-obesity-by-state-and-aged-18-39.csv
Colorado,CO,08,Age,Adults aged 18–39 years,21.1,19.3,22.9,2025,BRFSS 2025,false,State/territory,https://www.cdc.gov/obesity/media/files/2026/09/3_2025-obesity-by-state-and-aged-18-39.csv,3_2025-obesity-by-state-and-aged-18-39.csv
Connecticut,CT,09,Age,Adults aged 18–39 years,27.8,25.2,30.6,2025,BRFSS 2025,false,State/territory,https://www.cdc.gov/obesity/media/files/2026/09/3_2025-obesity-by-state-and-aged-18-39.csv,3_2025-obesity-by-state-and-aged-18-39.csv
Delaware,DE,10,Age,Adults aged 18–39 years,33.4,28.8,38.3,2025,BRFSS 2025,false,State/territory,https://www.cdc.gov/obesity/media/files/2026/09/3_2025-obesity-by-state-and-aged-18-39.csv,3_2025-obesity-by-state-and-aged-18-39.csv
District of Columbia,DC,11,Age,Adults aged 18–39 years,17.7,14.6,21.3,2025,BRFSS 2025,false,State/territory,https://www.cdc.gov/obesity/media/files/2026/09/3_2025-obesity-by-state-and-aged-18-39.csv,3_2025-obesity-by-state-and-aged-18-39.csv
Florida,FL,12,Age,Adults aged 18–39 years,24.6,21.8,27.6,2025,BRFSS 2025,false,State/territory,https://www.cdc.gov/obesity/media/files/2026/09/3_2025-obesity-by-state-and-aged-18-39.csv,3_2025-obesity-by-state-and-aged-18-39.csv
Georgia,GA,13,Age,Adults aged 18–39 years,30.2,27.3,33.3,2025,BRFSS 2025,false,State/territory,https://www.cdc.gov/obesity/media/files/2026/09/3_2025-obesity-by-state-and-aged-18-39.csv,3_2025-obesity-by-state-and-aged-18-39.csv
Guam,GU,66,Age,Adults aged 18–39 years,35.7,28.5,43.5,2025,BRFSS 2025,false,State/territory,https://www.cdc.gov/obesity/media/files/2026/09/3_2025-obesity-by-state-and-aged-18-39.csv,3_2025-obesity-by-state-and-aged-18-39.csv
Hawaii,HI,15,Age,Adults aged 18–39 years,28.9,26.2,31.8,2025,BRFSS 2025,false,State/territory,https://www.cdc.gov/obesity/media/files/2026/09/3_2025-obesity-by-state-and-aged-18-39.csv,3_2025-obesity-by-state-and-aged-18-39.csv
Idaho,ID,16,Age,Adults aged 18–39 years,30.5,27.0,34.3,2025,BRFSS 2025,false,State/territory,https://www.cdc.gov/obesity/media/files/2026/09/3_2025-obesity-by-state-and-aged-18-39.csv,3_2025-obesity-by-state-and-aged-18-39.csv
Illinois,IL,17,Age,Adults aged 18–39 years,28.2,26.2,30.2,2025,BRFSS 2025,false,State/territory,https://www.cdc.gov/obesity/media/files/2026/09/3_2025-obesity-by-state-and-aged-18-39.csv,3_2025-obesity-by-state-and-aged-18-39.csv
Indiana,IN,18,Age,Adults aged 18–39 years,32.9,29.7,36.4,2025,BRFSS 2025,false,State/territory,https://www.cdc.gov/obesity/media/files/2026/09/3_2025-obesity-by-state-and-aged-18-39.csv,3_2025-obesity-by-state-and-aged-18-39.csv
Iowa,IA,19,Age,Adults aged 18–39 years,30.4,28.2,32.8,2025,BRFSS 2025,false,State/territory,https://www.cdc.gov/obesity/media/files/2026/09/3_2025-obesity-by-state-and-aged-18-39.csv,3_2025-obesity-by-state-and-aged-18-39.csv
Kansas,KS,20,Age,Adults aged 18–39 years,34.1,31.8,36.5,2025,BRFSS 2025,false,State/territory,https://www.cdc.gov/obesity/media/files/2026/09/3_2025-obesity-by-state-and-aged-18-39.csv,3_2025-obesity-by-state-and-aged-18-39.csv
Kentucky,KY,21,Age,Adults aged 18–39 years,35.3,32.1,38.6,2025,BRFSS 2025,false,State/territory,https://www.cdc.gov/obesity/media/files/2026/09/3_2025-obesity-by-state-and-aged-18-39.csv,3_2025-obesity-by-state-and-aged-18-39.csv
Louisiana,LA,22,Age,Adults aged 18–39 years,30,26.9,33.4,2025,BRFSS 2025,false,State/territory,https://www.cdc.gov/obesity/media/files/2026/09/3_2025-obesity-by-state-and-aged-18-39.csv,3_2025-obesity-by-state-and-aged-18-39.csv
Maine,ME,23,Age,Adults aged 18–39 years,29.2,26.6,32.0,2025,BRFSS 2025,false,State/territory,https://www.cdc.gov/obesity/media/files/2026/09/3_2025-obesity-by-state-and-aged-18-39.csv,3_2025-obesity-by-state-and-aged-18-39.csv
Maryland,MD,24,Age,Adults aged 18–39 years,30.2,27.8,32.8,2025,BRFSS 2025,false,State/territory,https://www.cdc.gov/obesity/media/files/2026/09/3_2025-obesity-by-state-and-aged-18-39.csv,3_2025-obesity-by-state-and-aged-18-39.csv
Massachusetts,MA,25,Age,Adults aged 18–39 years,23.2,21.1,25.4,2025,BRFSS 2025,false,State/territory,https://www.cdc.gov/obesity/media/files/2026/09/3_2025-obesity-by-state-and-aged-18-39.csv,3_2025-obesity-by-state-and-aged-18-39.csv
Michigan,MI,26,Age,Adults aged 18–39 years,30.6,28.1,33.2,2025,BRFSS 2025,false,State/territory,https://www.cdc.gov/obesity/media/files/2026/09/3_2025-obesity-by-state-and-aged-18-39.csv,3_2025-obesity-by-state-and-aged-18-39.csv
Minnesota,MN,27,Age,Adults aged 18–39 years,28.8,26.8,30.9,2025,BRFSS 2025,false,State/territory,https://www.cdc.gov/obesity/media/files/2026/09/3_2025-obesity-by-state-and-aged-18-39.csv,3_2025-obesity-by-state-and-aged-18-39.csv
Mississippi,MS,28,Age,Adults aged 18–39 years,,,,2025,BRFSS 2025,true,State/territory,https://www.cdc.gov/obesity/media/files/2026/09/3_2025-obesity-by-state-and-aged-18-39.csv,3_2025-obesity-by-state-and-aged-18-39.csv
Missouri,MO,29,Age,Adults aged 18–39 years,33.4,30.4,36.5,2025,BRFSS 2025,false,State/territory,https://www.cdc.gov/obesity/media/files/2026/09/3_2025-obesity-by-state-and-aged-18-39.csv,3_2025-obesity-by-state-and-aged-18-39.csv
Montana,MT,30,Age,Adults aged 18–39 years,22.8,20.2,25.6,2025,BRFSS 2025,false,State/territory,https://www.cdc.gov/obesity/media/files/2026/09/3_2025-obesity-by-state-and-aged-18-39.csv,3_2025-obesity-by-state-and-aged-18-39.csv
Nebraska,NE,31,Age,Adults aged 18–39 years,29.3,26.6,32.3,2025,BRFSS 2025,false,State/territory,https://www.cdc.gov/obesity/media/files/2026/09/3_2025-obesity-by-state-and-aged-18-39.csv,3_2025-obesity-by-state-and-aged-18-39.csv
Nevada,NV,32,Age,Adults aged 18–39 years,,,,2025,BRFSS 2025,true,State/territory,https://www.cdc.gov/obesity/media/files/2026/09/3_2025-obesity-by-state-and-aged-18-39.csv,3_2025-obesity-by-state-and-aged-18-39.csv
New Hampshire,NH,33,Age,Adults aged 18–39 years,27.3,23.1,32.1,2025,BRFSS 2025,false,State/territory,https://www.cdc.gov/obesity/media/files/2026/09/3_2025-obesity-by-state-and-aged-18-39.csv,3_2025-obesity-by-state-and-aged-18-39.csv
New Jersey,NJ,34,Age,Adults aged 18–39 years,23.7,20.9,26.7,2025,BRFSS 2025,false,State/territory,https://www.cdc.gov/obesity/media/files/2026/09/3_2025-obesity-by-state-and-aged-18-39.csv,3_2025-obesity-by-state-and-aged-18-39.csv
New Mexico,NM,35,Age,Adults aged 18–39 years,37.3,32.7,42.1,2025,BRFSS 2025,false,State/territory,https://www.cdc.gov/obesity/media/files/2026/09/3_2025-obesity-by-state-and-aged-18-39.csv,3_2025-obesity-by-state-and-aged-18-39.csv
New York,NY,36,Age,Adults aged 18–39 years,24.5,23.0,26.2,2025,BRFSS 2025,false,State/territory,https://www.cdc.gov/obesity/media/files/2026/09/3_2025-obesity-by-state-and-aged-18-39.csv,3_2025-obesity-by-state-and-aged-18-39.csv
North Carolina,NC,37,Age,Adults aged 18–39 years,27.8,24.4,31.5,2025,BRFSS 2025,false,State/territory,https://www.cdc.gov/obesity/media/files/2026/09/3_2025-obesity-by-state-and-aged-18-39.csv,3_2025-obesity-by-state-and-aged-18-39.csv
North Dakota,ND,38,Age,Adults aged 18–39 years,35.6,32.4,39.0,2025,BRFSS 2025,false,State/territory,https://www.cdc.gov/obesity/media/files/2026/09/3_2025-obesity-by-state-and-aged-18-39.csv,3_2025-obesity-by-state-and-aged-18-39.csv
Ohio,OH,39,Age,Adults aged 18–39 years,32.1,29.2,35.2,2025,BRFSS 2025,false,State/territory,https://www.cdc.gov/obesity/media/files/2026/09/3_2025-obesity-by-state-and-aged-18-39.csv,3_2025-obesity-by-state-and-aged-18-39.csv
Oklahoma,OK,40,Age,Adults aged 18–39 years,36.7,33.3,40.2,2025,BRFSS 2025,false,State/territory,https://www.cdc.gov/obesity/media/files/2026/09/3_2025-obesity-by-state-and-aged-18-39.csv,3_2025-obesity-by-state-and-aged-18-39.csv
Oregon,OR,41,Age,Adults aged 18–39 years,30.7,27.7,33.9,2025,BRFSS 2025,false,State/territory,https://www.cdc.gov/obesity/media/files/2026/09/3_2025-obesity-by-state-and-aged-18-39.csv,3_2025-obesity-by-state-and-aged-18-39.csv
Pennsylvania,PA,42,Age,Adults aged 18–39 years,27.8,23.5,32.5,2025,BRFSS 2025,false,State/territory,https://www.cdc.gov/obesity/media/files/2026/09/3_2025-obesity-by-state-and-aged-18-39.csv,3_2025-obesity-by-state-and-aged-18-39.csv
Puerto Rico,PR,72,Age,Adults aged 18–39 years,32.1,28.0,36.4,2025,BRFSS 2025,false,State/territory,https://www.cdc.gov/obesity/media/files/2026/09/3_2025-obesity-by-state-and-aged-18-39.csv,3_2025-obesity-by-state-and-aged-18-39.csv
Rhode Island,RI,44,Age,Adults aged 18–39 years,28.7,25.5,32.1,2025,BRFSS 2025,false,State/territory,https://www.cdc.gov/obesity/media/files/2026/09/3_2025-obesity-by-state-and-aged-18-39.csv,3_2025-obesity-by-state-and-aged-18-39.csv
South Carolina,SC,45,Age,Adults aged 18–39 years,29.6,24.1,35.8,2025,BRFSS 2025,false,State/territory,https://www.cdc.gov/obesity/media/files/2026/09/3_2025-obesity-by-state-and-aged-18-39.csv,3_2025-obesity-by-state-and-aged-18-39.csv
South Dakota,SD,46,Age,Adults aged 18–39 years,26,21.5,31.0,2025,BRFSS 2025,false,State/territory,https://www.cdc.gov/obesity/media/files/2026/09/3_2025-obesity-by-state-and-aged-18-39.csv,3_2025-obesity-by-state-and-aged-18-39.csv
Tennessee,TN,47,Age,Adults aged 18–39 years,35.6,32.5,38.7,2025,BRFSS 2025,false,State/territory,https://www.cdc.gov/obesity/media/files/2026/09/3_2025-obesity-by-state-and-aged-18-39.csv,3_2025-obesity-by-state-and-aged-18-39.csv
Texas,TX,48,Age,Adults aged 18–39 years,32.2,29.3,35.2,2025,BRFSS 2025,false,State/territory,https://www.cdc.gov/obesity/media/files/2026/09/3_2025-obesity-by-state-and-aged-18-39.csv,3_2025-obesity-by-state-and-aged-18-39.csv
Utah,UT,49,Age,Adults aged 18–39 years,25.2,23.4,27.2,2025,BRFSS 2025,false,State/territory,https://www.cdc.gov/obesity/media/files/2026/09/3_2025-obesity-by-state-and-aged-18-39.csv,3_2025-obesity-by-state-and-aged-18-39.csv
Vermont,VT,50,Age,Adults aged 18–39 years,24.4,21.4,27.7,2025,BRFSS 2025,false,State/territory,https://www.cdc.gov/obesity/media/files/2026/09/3_2025-obesity-by-state-and-aged-18-39.csv,3_2025-obesity-by-state-and-aged-18-39.csv
Virgin Islands,VI,78,Age,Adults aged 18–39 years,,,,2025,BRFSS 2025,true,State/territory,https://www.cdc.gov/obesity/media/files/2026/09/3_2025-obesity-by-state-and-aged-18-39.csv,3_2025-obesity-by-state-and-aged-18-39.csv
Virginia,VA,51,Age,Adults aged 18–39 years,29.8,26.2,33.5,2025,BRFSS 2025,false,State/territory,https://www.cdc.gov/obesity/media/files/2026/09/3_2025-obesity-by-state-and-aged-18-39.csv,3_2025-obesity-by-state-and-aged-18-39.csv
Washington,WA,53,Age,Adults aged 18–39 years,27.4,25.9,29.0,2025,BRFSS 2025,false,State/territory,https://www.cdc.gov/obesity/media/files/2026/09/3_2025-obesity-by-state-and-aged-18-39.csv,3_2025-obesity-by-state-and-aged-18-39.csv
West Virginia,WV,54,Age,Adults aged 18–39 years,32.3,28.7,36.0,2025,BRFSS 2025,false,State/territory,https://www.cdc.gov/obesity/media/files/2026/09/3_2025-obesity-by-state-and-aged-18-39.csv,3_2025-obesity-by-state-and-aged-18-39.csv
Wisconsin,WI,55,Age,Adults aged 18–39 years,31.3,28.7,34.0,2025,BRFSS 2025,false,State/territory,https://www.cdc.gov/obesity/media/files/2026/09/3_2025-obesity-by-state-and-aged-18-39.csv,3_2025-obesity-by-state-and-aged-18-39.csv
Wyoming,WY,56,Age,Adults aged 18–39 years,29.9,26.2,33.8,2025,BRFSS 2025,false,State/territory,https://www.cdc.gov/obesity/media/files/2026/09/3_2025-obesity-by-state-and-aged-18-39.csv,3_2025-obesity-by-state-and-aged-18-39.csv
Alabama,AL,01,Age,Adults aged 40–59 years,46.2,42.6,49.8,2025,BRFSS 2025,false,State/territory,https://www.cdc.gov/obesity/media/files/2026/09/4_2025-obesity-aged-40-59.csv,4_2025-obesity-aged-40-59.csv
Alaska,AK,02,Age,Adults aged 40–59 years,37.9,34.7,41.3,2025,BRFSS 2025,false,State/territory,https://www.cdc.gov/obesity/media/files/2026/09/4_2025-obesity-aged-40-59.csv,4_2025-obesity-aged-40-59.csv
Arizona,AZ,04,Age,Adults aged 40–59 years,36.6,32.5,41.0,2025,BRFSS 2025,false,State/territory,https://www.cdc.gov/obesity/media/files/2026/09/4_2025-obesity-aged-40-59.csv,4_2025-obesity-aged-40-59.csv
Arkansas,AR,05,Age,Adults aged 40–59 years,44.3,40.9,47.7,2025,BRFSS 2025,false,State/territory,https://www.cdc.gov/obesity/media/files/2026/09/4_2025-obesity-aged-40-59.csv,4_2025-obesity-aged-40-59.csv
California,CA,06,Age,Adults aged 40–59 years,,,,2025,BRFSS 2025,true,State/territory,https://www.cdc.gov/obesity/media/files/2026/09/4_2025-obesity-aged-40-59.csv,4_2025-obesity-aged-40-59.csv
Colorado,CO,08,Age,Adults aged 40–59 years,29.5,27.5,31.5,2025,BRFSS 2025,false,State/territory,https://www.cdc.gov/obesity/media/files/2026/09/4_2025-obesity-aged-40-59.csv,4_2025-obesity-aged-40-59.csv
Connecticut,CT,09,Age,Adults aged 40–59 years,34.9,32.3,37.6,2025,BRFSS 2025,false,State/territory,https://www.cdc.gov/obesity/media/files/2026/09/4_2025-obesity-aged-40-59.csv,4_2025-obesity-aged-40-59.csv
Delaware,DE,10,Age,Adults aged 40–59 years,42.9,38.9,47.1,2025,BRFSS 2025,false,State/territory,https://www.cdc.gov/obesity/media/files/2026/09/4_2025-obesity-aged-40-59.csv,4_2025-obesity-aged-40-59.csv
District of Columbia,DC,11,Age,Adults aged 40–59 years,31.1,26.7,35.9,2025,BRFSS 2025,false,State/territory,https://www.cdc.gov/obesity/media/files/2026/09/4_2025-obesity-aged-40-59.csv,4_2025-obesity-aged-40-59.csv
Florida,FL,12,Age,Adults aged 40–59 years,38.3,35.0,41.7,2025,BRFSS 2025,false,State/territory,https://www.cdc.gov/obesity/media/files/2026/09/4_2025-obesity-aged-40-59.csv,4_2025-obesity-aged-40-59.csv
Georgia,GA,13,Age,Adults aged 40–59 years,44.4,41.2,47.7,2025,BRFSS 2025,false,State/territory,https://www.cdc.gov/obesity/media/files/2026/09/4_2025-obesity-aged-40-59.csv,4_2025-obesity-aged-40-59.csv
Guam,GU,66,Age,Adults aged 40–59 years,39,30.1,48.6,2025,BRFSS 2025,false,State/territory,https://www.cdc.gov/obesity/media/files/2026/09/4_2025-obesity-aged-40-59.csv,4_2025-obesity-aged-40-59.csv
Hawaii,HI,15,Age,Adults aged 40–59 years,29.9,27.2,32.6,2025,BRFSS 2025,false,State/territory,https://www.cdc.gov/obesity/media/files/2026/09/4_2025-obesity-aged-40-59.csv,4_2025-obesity-aged-40-59.csv
Idaho,ID,16,Age,Adults aged 40–59 years,36.8,33.0,40.8,2025,BRFSS 2025,false,State/territory,https://www.cdc.gov/obesity/media/files/2026/09/4_2025-obesity-aged-40-59.csv,4_2025-obesity-aged-40-59.csv
Illinois,IL,17,Age,Adults aged 40–59 years,39.4,37.3,41.5,2025,BRFSS 2025,false,State/territory,https://www.cdc.gov/obesity/media/files/2026/09/4_2025-obesity-aged-40-59.csv,4_2025-obesity-aged-40-59.csv
Indiana,IN,18,Age,Adults aged 40–59 years,47.3,44.1,50.6,2025,BRFSS 2025,false,State/territory,https://www.cdc.gov/obesity/media/files/2026/09/4_2025-obesity-aged-40-59.csv,4_2025-obesity-aged-40-59.csv
Iowa,IA,19,Age,Adults aged 40–59 years,44.6,42.3,46.9,2025,BRFSS 2025,false,State/territory,https://www.cdc.gov/obesity/media/files/2026/09/4_2025-obesity-aged-40-59.csv,4_2025-obesity-aged-40-59.csv
Kansas,KS,20,Age,Adults aged 40–59 years,43.2,40.7,45.7,2025,BRFSS 2025,false,State/territory,https://www.cdc.gov/obesity/media/files/2026/09/4_2025-obesity-aged-40-59.csv,4_2025-obesity-aged-40-59.csv
Kentucky,KY,21,Age,Adults aged 40–59 years,46,42.9,49.1,2025,BRFSS 2025,false,State/territory,https://www.cdc.gov/obesity/media/files/2026/09/4_2025-obesity-aged-40-59.csv,4_2025-obesity-aged-40-59.csv
Louisiana,LA,22,Age,Adults aged 40–59 years,43.4,40.2,46.6,2025,BRFSS 2025,false,State/territory,https://www.cdc.gov/obesity/media/files/2026/09/4_2025-obesity-aged-40-59.csv,4_2025-obesity-aged-40-59.csv
Maine,ME,23,Age,Adults aged 40–59 years,38.1,35.9,40.4,2025,BRFSS 2025,false,State/territory,https://www.cdc.gov/obesity/media/files/2026/09/4_2025-obesity-aged-40-59.csv,4_2025-obesity-aged-40-59.csv
Maryland,MD,24,Age,Adults aged 40–59 years,38.4,36.2,40.6,2025,BRFSS 2025,false,State/territory,https://www.cdc.gov/obesity/media/files/2026/09/4_2025-obesity-aged-40-59.csv,4_2025-obesity-aged-40-59.csv
Massachusetts,MA,25,Age,Adults aged 40–59 years,32.3,30.0,34.7,2025,BRFSS 2025,false,State/territory,https://www.cdc.gov/obesity/media/files/2026/09/4_2025-obesity-aged-40-59.csv,4_2025-obesity-aged-40-59.csv
Michigan,MI,26,Age,Adults aged 40–59 years,41,38.6,43.5,2025,BRFSS 2025,false,State/territory,https://www.cdc.gov/obesity/media/files/2026/09/4_2025-obesity-aged-40-59.csv,4_2025-obesity-aged-40-59.csv
Minnesota,MN,27,Age,Adults aged 40–59 years,38.5,36.7,40.4,2025,BRFSS 2025,false,State/territory,https://www.cdc.gov/obesity/media/files/2026/09/4_2025-obesity-aged-40-59.csv,4_2025-obesity-aged-40-59.csv
Mississippi,MS,28,Age,Adults aged 40–59 years,,,,2025,BRFSS 2025,true,State/territory,https://www.cdc.gov/obesity/media/files/2026/09/4_2025-obesity-aged-40-59.csv,4_2025-obesity-aged-40-59.csv
Missouri,MO,29,Age,Adults aged 40–59 years,42.6,39.2,46.0,2025,BRFSS 2025,false,State/territory,https://www.cdc.gov/obesity/media/files/2026/09/4_2025-obesity-aged-40-59.csv,4_2025-obesity-aged-40-59.csv
Montana,MT,30,Age,Adults aged 40–59 years,37,34.1,40.0,2025,BRFSS 2025,false,State/territory,https://www.cdc.gov/obesity/media/files/2026/09/4_2025-obesity-aged-40-59.csv,4_2025-obesity-aged-40-59.csv
Nebraska,NE,31,Age,Adults aged 40–59 years,43.3,40.2,46.4,2025,BRFSS 2025,false,State/territory,https://www.cdc.gov/obesity/media/files/2026/09/4_2025-obesity-aged-40-59.csv,4_2025-obesity-aged-40-59.csv
Nevada,NV,32,Age,Adults aged 40–59 years,,,,2025,BRFSS 2025,true,State/territory,https://www.cdc.gov/obesity/media/files/2026/09/4_2025-obesity-aged-40-59.csv,4_2025-obesity-aged-40-59.csv
New Hampshire,NH,33,Age,Adults aged 40–59 years,38.9,35.2,42.7,2025,BRFSS 2025,false,State/territory,https://www.cdc.gov/obesity/media/files/2026/09/4_2025-obesity-aged-40-59.csv,4_2025-obesity-aged-40-59.csv
New Jersey,NJ,34,Age,Adults aged 40–59 years,31.7,28.7,34.7,2025,BRFSS 2025,false,State/territory,https://www.cdc.gov/obesity/media/files/2026/09/4_2025-obesity-aged-40-59.csv,4_2025-obesity-aged-40-59.csv
New Mexico,NM,35,Age,Adults aged 40–59 years,40.3,36.2,44.5,2025,BRFSS 2025,false,State/territory,https://www.cdc.gov/obesity/media/files/2026/09/4_2025-obesity-aged-40-59.csv,4_2025-obesity-aged-40-59.csv
New York,NY,36,Age,Adults aged 40–59 years,33.8,31.9,35.7,2025,BRFSS 2025,false,State/territory,https://www.cdc.gov/obesity/media/files/2026/09/4_2025-obesity-aged-40-59.csv,4_2025-obesity-aged-40-59.csv
North Carolina,NC,37,Age,Adults aged 40–59 years,40.9,37.2,44.7,2025,BRFSS 2025,false,State/territory,https://www.cdc.gov/obesity/media/files/2026/09/4_2025-obesity-aged-40-59.csv,4_2025-obesity-aged-40-59.csv
North Dakota,ND,38,Age,Adults aged 40–59 years,47.6,44.5,50.8,2025,BRFSS 2025,false,State/territory,https://www.cdc.gov/obesity/media/files/2026/09/4_2025-obesity-aged-40-59.csv,4_2025-obesity-aged-40-59.csv
Ohio,OH,39,Age,Adults aged 40–59 years,41.4,38.5,44.3,2025,BRFSS 2025,false,State/territory,https://www.cdc.gov/obesity/media/files/2026/09/4_2025-obesity-aged-40-59.csv,4_2025-obesity-aged-40-59.csv
Oklahoma,OK,40,Age,Adults aged 40–59 years,41.5,38.4,44.8,2025,BRFSS 2025,false,State/territory,https://www.cdc.gov/obesity/media/files/2026/09/4_2025-obesity-aged-40-59.csv,4_2025-obesity-aged-40-59.csv
Oregon,OR,41,Age,Adults aged 40–59 years,36.1,33.2,39.1,2025,BRFSS 2025,false,State/territory,https://www.cdc.gov/obesity/media/files/2026/09/4_2025-obesity-aged-40-59.csv,4_2025-obesity-aged-40-59.csv
Pennsylvania,PA,42,Age,Adults aged 40–59 years,40.8,36.4,45.2,2025,BRFSS 2025,false,State/territory,https://www.cdc.gov/obesity/media/files/2026/09/4_2025-obesity-aged-40-59.csv,4_2025-obesity-aged-40-59.csv
Puerto Rico,PR,72,Age,Adults aged 40–59 years,45.7,41.9,49.5,2025,BRFSS 2025,false,State/territory,https://www.cdc.gov/obesity/media/files/2026/09/4_2025-obesity-aged-40-59.csv,4_2025-obesity-aged-40-59.csv
Rhode Island,RI,44,Age,Adults aged 40–59 years,33.4,30.4,36.5,2025,BRFSS 2025,false,State/territory,https://www.cdc.gov/obesity/media/files/2026/09/4_2025-obesity-aged-40-59.csv,4_2025-obesity-aged-40-59.csv
South Carolina,SC,45,Age,Adults aged 40–59 years,46.9,41.5,52.4,2025,BRFSS 2025,false,State/territory,https://www.cdc.gov/obesity/media/files/2026/09/4_2025-obesity-aged-40-59.csv,4_2025-obesity-aged-40-59.csv
South Dakota,SD,46,Age,Adults aged 40–59 years,43.9,38.9,49.1,2025,BRFSS 2025,false,State/territory,https://www.cdc.gov/obesity/media/files/2026/09/4_2025-obesity-aged-40-59.csv,4_2025-obesity-aged-40-59.csv
Tennessee,TN,47,Age,Adults aged 40–59 years,46,42.7,49.4,2025,BRFSS 2025,false,State/territory,https://www.cdc.gov/obesity/media/files/2026/09/4_2025-obesity-aged-40-59.csv,4_2025-obesity-aged-40-59.csv
Texas,TX,48,Age,Adults aged 40–59 years,43.6,40.1,47.2,2025,BRFSS 2025,false,State/territory,https://www.cdc.gov/obesity/media/files/2026/09/4_2025-obesity-aged-40-59.csv,4_2025-obesity-aged-40-59.csv
Utah,UT,49,Age,Adults aged 40–59 years,36.4,34.3,38.5,2025,BRFSS 2025,false,State/territory,https://www.cdc.gov/obesity/media/files/2026/09/4_2025-obesity-aged-40-59.csv,4_2025-obesity-aged-40-59.csv
Vermont,VT,50,Age,Adults aged 40–59 years,35.5,32.8,38.3,2025,BRFSS 2025,false,State/territory,https://www.cdc.gov/obesity/media/files/2026/09/4_2025-obesity-aged-40-59.csv,4_2025-obesity-aged-40-59.csv
Virgin Islands,VI,78,Age,Adults aged 40–59 years,,,,2025,BRFSS 2025,true,State/territory,https://www.cdc.gov/obesity/media/files/2026/09/4_2025-obesity-aged-40-59.csv,4_2025-obesity-aged-40-59.csv
Virginia,VA,51,Age,Adults aged 40–59 years,40.1,36.4,44.0,2025,BRFSS 2025,false,State/territory,https://www.cdc.gov/obesity/media/files/2026/09/4_2025-obesity-aged-40-59.csv,4_2025-obesity-aged-40-59.csv
Washington,WA,53,Age,Adults aged 40–59 years,36.2,34.6,37.8,2025,BRFSS 2025,false,State/territory,https://www.cdc.gov/obesity/media/files/2026/09/4_2025-obesity-aged-40-59.csv,4_2025-obesity-aged-40-59.csv
West Virginia,WV,54,Age,Adults aged 40–59 years,45.3,41.9,48.7,2025,BRFSS 2025,false,State/territory,https://www.cdc.gov/obesity/media/files/2026/09/4_2025-obesity-aged-40-59.csv,4_2025-obesity-aged-40-59.csv
Wisconsin,WI,55,Age,Adults aged 40–59 years,42.9,40.5,45.3,2025,BRFSS 2025,false,State/territory,https://www.cdc.gov/obesity/media/files/2026/09/4_2025-obesity-aged-40-59.csv,4_2025-obesity-aged-40-59.csv
Wyoming,WY,56,Age,Adults aged 40–59 years,36.8,33.5,40.3,2025,BRFSS 2025,false,State/territory,https://www.cdc.gov/obesity/media/files/2026/09/4_2025-obesity-aged-40-59.csv,4_2025-obesity-aged-40-59.csv
Alabama,AL,01,Age,Adults aged 60 years and older,35.4,32.6,38.2,2025,BRFSS 2025,false,State/territory,https://www.cdc.gov/obesity/media/files/2026/09/5_2025-obesity-aged-60.csv,5_2025-obesity-aged-60.csv
Alaska,AK,02,Age,Adults aged 60 years and older,31.7,29.0,34.5,2025,BRFSS 2025,false,State/territory,https://www.cdc.gov/obesity/media/files/2026/09/5_2025-obesity-aged-60.csv,5_2025-obesity-aged-60.csv
Arizona,AZ,04,Age,Adults aged 60 years and older,31.3,28.5,34.2,2025,BRFSS 2025,false,State/territory,https://www.cdc.gov/obesity/media/files/2026/09/5_2025-obesity-aged-60.csv,5_2025-obesity-aged-60.csv
Arkansas,AR,05,Age,Adults aged 60 years and older,34.2,32.0,36.5,2025,BRFSS 2025,false,State/territory,https://www.cdc.gov/obesity/media/files/2026/09/5_2025-obesity-aged-60.csv,5_2025-obesity-aged-60.csv
California,CA,06,Age,Adults aged 60 years and older,,,,2025,BRFSS 2025,true,State/territory,https://www.cdc.gov/obesity/media/files/2026/09/5_2025-obesity-aged-60.csv,5_2025-obesity-aged-60.csv
Colorado,CO,08,Age,Adults aged 60 years and older,27.4,25.7,29.2,2025,BRFSS 2025,false,State/territory,https://www.cdc.gov/obesity/media/files/2026/09/5_2025-obesity-aged-60.csv,5_2025-obesity-aged-60.csv
Connecticut,CT,09,Age,Adults aged 60 years and older,28.9,26.8,31.2,2025,BRFSS 2025,false,State/territory,https://www.cdc.gov/obesity/media/files/2026/09/5_2025-obesity-aged-60.csv,5_2025-obesity-aged-60.csv
Delaware,DE,10,Age,Adults aged 60 years and older,33.6,31.1,36.3,2025,BRFSS 2025,false,State/territory,https://www.cdc.gov/obesity/media/files/2026/09/5_2025-obesity-aged-60.csv,5_2025-obesity-aged-60.csv
District of Columbia,DC,11,Age,Adults aged 60 years and older,27.8,24.2,31.7,2025,BRFSS 2025,false,State/territory,https://www.cdc.gov/obesity/media/files/2026/09/5_2025-obesity-aged-60.csv,5_2025-obesity-aged-60.csv
Florida,FL,12,Age,Adults aged 60 years and older,27.8,25.8,30.0,2025,BRFSS 2025,false,State/territory,https://www.cdc.gov/obesity/media/files/2026/09/5_2025-obesity-aged-60.csv,5_2025-obesity-aged-60.csv
Georgia,GA,13,Age,Adults aged 60 years and older,34.6,32.0,37.2,2025,BRFSS 2025,false,State/territory,https://www.cdc.gov/obesity/media/files/2026/09/5_2025-obesity-aged-60.csv,5_2025-obesity-aged-60.csv
Guam,GU,66,Age,Adults aged 60 years and older,45.8,23.0,70.5,2025,BRFSS 2025,false,State/territory,https://www.cdc.gov/obesity/media/files/2026/09/5_2025-obesity-aged-60.csv,5_2025-obesity-aged-60.csv
Hawaii,HI,15,Age,Adults aged 60 years and older,21.2,19.4,23.0,2025,BRFSS 2025,false,State/territory,https://www.cdc.gov/obesity/media/files/2026/09/5_2025-obesity-aged-60.csv,5_2025-obesity-aged-60.csv
Idaho,ID,16,Age,Adults aged 60 years and older,30.8,27.7,34.0,2025,BRFSS 2025,false,State/territory,https://www.cdc.gov/obesity/media/files/2026/09/5_2025-obesity-aged-60.csv,5_2025-obesity-aged-60.csv
Illinois,IL,17,Age,Adults aged 60 years and older,34,32.2,35.9,2025,BRFSS 2025,false,State/territory,https://www.cdc.gov/obesity/media/files/2026/09/5_2025-obesity-aged-60.csv,5_2025-obesity-aged-60.csv
Indiana,IN,18,Age,Adults aged 60 years and older,33.4,31.2,35.8,2025,BRFSS 2025,false,State/territory,https://www.cdc.gov/obesity/media/files/2026/09/5_2025-obesity-aged-60.csv,5_2025-obesity-aged-60.csv
Iowa,IA,19,Age,Adults aged 60 years and older,37,35.1,38.8,2025,BRFSS 2025,false,State/territory,https://www.cdc.gov/obesity/media/files/2026/09/5_2025-obesity-aged-60.csv,5_2025-obesity-aged-60.csv
Kansas,KS,20,Age,Adults aged 60 years and older,35.5,33.7,37.4,2025,BRFSS 2025,false,State/territory,https://www.cdc.gov/obesity/media/files/2026/09/5_2025-obesity-aged-60.csv,5_2025-obesity-aged-60.csv
Kentucky,KY,21,Age,Adults aged 60 years and older,36,33.6,38.4,2025,BRFSS 2025,false,State/territory,https://www.cdc.gov/obesity/media/files/2026/09/5_2025-obesity-aged-60.csv,5_2025-obesity-aged-60.csv
Louisiana,LA,22,Age,Adults aged 60 years and older,34.4,32.0,36.8,2025,BRFSS 2025,false,State/territory,https://www.cdc.gov/obesity/media/files/2026/09/5_2025-obesity-aged-60.csv,5_2025-obesity-aged-60.csv
Maine,ME,23,Age,Adults aged 60 years and older,32,30.5,33.6,2025,BRFSS 2025,false,State/territory,https://www.cdc.gov/obesity/media/files/2026/09/5_2025-obesity-aged-60.csv,5_2025-obesity-aged-60.csv
Maryland,MD,24,Age,Adults aged 60 years and older,30.9,29.3,32.5,2025,BRFSS 2025,false,State/territory,https://www.cdc.gov/obesity/media/files/2026/09/5_2025-obesity-aged-60.csv,5_2025-obesity-aged-60.csv
Massachusetts,MA,25,Age,Adults aged 60 years and older,26.6,24.8,28.4,2025,BRFSS 2025,false,State/territory,https://www.cdc.gov/obesity/media/files/2026/09/5_2025-obesity-aged-60.csv,5_2025-obesity-aged-60.csv
Michigan,MI,26,Age,Adults aged 60 years and older,34.7,33.0,36.4,2025,BRFSS 2025,false,State/territory,https://www.cdc.gov/obesity/media/files/2026/09/5_2025-obesity-aged-60.csv,5_2025-obesity-aged-60.csv
Minnesota,MN,27,Age,Adults aged 60 years and older,32.5,31.1,33.9,2025,BRFSS 2025,false,State/territory,https://www.cdc.gov/obesity/media/files/2026/09/5_2025-obesity-aged-60.csv,5_2025-obesity-aged-60.csv
Mississippi,MS,28,Age,Adults aged 60 years and older,,,,2025,BRFSS 2025,true,State/territory,https://www.cdc.gov/obesity/media/files/2026/09/5_2025-obesity-aged-60.csv,5_2025-obesity-aged-60.csv
Missouri,MO,29,Age,Adults aged 60 years and older,34.7,32.1,37.4,2025,BRFSS 2025,false,State/territory,https://www.cdc.gov/obesity/media/files/2026/09/5_2025-obesity-aged-60.csv,5_2025-obesity-aged-60.csv
Montana,MT,30,Age,Adults aged 60 years and older,31.9,29.9,34.1,2025,BRFSS 2025,false,State/territory,https://www.cdc.gov/obesity/media/files/2026/09/5_2025-obesity-aged-60.csv,5_2025-obesity-aged-60.csv
Nebraska,NE,31,Age,Adults aged 60 years and older,37.1,34.7,39.6,2025,BRFSS 2025,false,State/territory,https://www.cdc.gov/obesity/media/files/2026/09/5_2025-obesity-aged-60.csv,5_2025-obesity-aged-60.csv
Nevada,NV,32,Age,Adults aged 60 years and older,,,,2025,BRFSS 2025,true,State/territory,https://www.cdc.gov/obesity/media/files/2026/09/5_2025-obesity-aged-60.csv,5_2025-obesity-aged-60.csv
New Hampshire,NH,33,Age,Adults aged 60 years and older,29.4,27.4,31.4,2025,BRFSS 2025,false,State/territory,https://www.cdc.gov/obesity/media/files/2026/09/5_2025-obesity-aged-60.csv,5_2025-obesity-aged-60.csv
New Jersey,NJ,34,Age,Adults aged 60 years and older,26,23.5,28.6,2025,BRFSS 2025,false,State/territory,https://www.cdc.gov/obesity/media/files/2026/09/5_2025-obesity-aged-60.csv,5_2025-obesity-aged-60.csv
New Mexico,NM,35,Age,Adults aged 60 years and older,28.6,25.5,32.0,2025,BRFSS 2025,false,State/territory,https://www.cdc.gov/obesity/media/files/2026/09/5_2025-obesity-aged-60.csv,5_2025-obesity-aged-60.csv
New York,NY,36,Age,Adults aged 60 years and older,28.1,26.5,29.8,2025,BRFSS 2025,false,State/territory,https://www.cdc.gov/obesity/media/files/2026/09/5_2025-obesity-aged-60.csv,5_2025-obesity-aged-60.csv
North Carolina,NC,37,Age,Adults aged 60 years and older,33.1,30.1,36.1,2025,BRFSS 2025,false,State/territory,https://www.cdc.gov/obesity/media/files/2026/09/5_2025-obesity-aged-60.csv,5_2025-obesity-aged-60.csv
North Dakota,ND,38,Age,Adults aged 60 years and older,35.5,33.3,37.7,2025,BRFSS 2025,false,State/territory,https://www.cdc.gov/obesity/media/files/2026/09/5_2025-obesity-aged-60.csv,5_2025-obesity-aged-60.csv
Ohio,OH,39,Age,Adults aged 60 years and older,35.1,33.1,37.2,2025,BRFSS 2025,false,State/territory,https://www.cdc.gov/obesity/media/files/2026/09/5_2025-obesity-aged-60.csv,5_2025-obesity-aged-60.csv
Oklahoma,OK,40,Age,Adults aged 60 years and older,36.2,33.6,38.8,2025,BRFSS 2025,false,State/territory,https://www.cdc.gov/obesity/media/files/2026/09/5_2025-obesity-aged-60.csv,5_2025-obesity-aged-60.csv
Oregon,OR,41,Age,Adults aged 60 years and older,31.5,29.2,34.0,2025,BRFSS 2025,false,State/territory,https://www.cdc.gov/obesity/media/files/2026/09/5_2025-obesity-aged-60.csv,5_2025-obesity-aged-60.csv
Pennsylvania,PA,42,Age,Adults aged 60 years and older,32.9,29.3,36.7,2025,BRFSS 2025,false,State/territory,https://www.cdc.gov/obesity/media/files/2026/09/5_2025-obesity-aged-60.csv,5_2025-obesity-aged-60.csv
Puerto Rico,PR,72,Age,Adults aged 60 years and older,31,25.7,36.7,2025,BRFSS 2025,false,State/territory,https://www.cdc.gov/obesity/media/files/2026/09/5_2025-obesity-aged-60.csv,5_2025-obesity-aged-60.csv
Rhode Island,RI,44,Age,Adults aged 60 years and older,32.1,29.7,34.7,2025,BRFSS 2025,false,State/territory,https://www.cdc.gov/obesity/media/files/2026/09/5_2025-obesity-aged-60.csv,5_2025-obesity-aged-60.csv
South Carolina,SC,45,Age,Adults aged 60 years and older,34.2,30.6,38.0,2025,BRFSS 2025,false,State/territory,https://www.cdc.gov/obesity/media/files/2026/09/5_2025-obesity-aged-60.csv,5_2025-obesity-aged-60.csv
South Dakota,SD,46,Age,Adults aged 60 years and older,35,31.6,38.5,2025,BRFSS 2025,false,State/territory,https://www.cdc.gov/obesity/media/files/2026/09/5_2025-obesity-aged-60.csv,5_2025-obesity-aged-60.csv
Tennessee,TN,47,Age,Adults aged 60 years and older,32.7,30.1,35.5,2025,BRFSS 2025,false,State/territory,https://www.cdc.gov/obesity/media/files/2026/09/5_2025-obesity-aged-60.csv,5_2025-obesity-aged-60.csv
Texas,TX,48,Age,Adults aged 60 years and older,33,30.1,36.2,2025,BRFSS 2025,false,State/territory,https://www.cdc.gov/obesity/media/files/2026/09/5_2025-obesity-aged-60.csv,5_2025-obesity-aged-60.csv
Utah,UT,49,Age,Adults aged 60 years and older,29.2,27.4,31.1,2025,BRFSS 2025,false,State/territory,https://www.cdc.gov/obesity/media/files/2026/09/5_2025-obesity-aged-60.csv,5_2025-obesity-aged-60.csv
Vermont,VT,50,Age,Adults aged 60 years and older,28.2,26.2,30.3,2025,BRFSS 2025,false,State/territory,https://www.cdc.gov/obesity/media/files/2026/09/5_2025-obesity-aged-60.csv,5_2025-obesity-aged-60.csv
Virgin Islands,VI,78,Age,Adults aged 60 years and older,,,,2025,BRFSS 2025,true,State/territory,https://www.cdc.gov/obesity/media/files/2026/09/5_2025-obesity-aged-60.csv,5_2025-obesity-aged-60.csv
Virginia,VA,51,Age,Adults aged 60 years and older,33.7,30.6,36.9,2025,BRFSS 2025,false,State/territory,https://www.cdc.gov/obesity/media/files/2026/09/5_2025-obesity-aged-60.csv,5_2025-obesity-aged-60.csv
Washington,WA,53,Age,Adults aged 60 years and older,30,28.7,31.4,2025,BRFSS 2025,false,State/territory,https://www.cdc.gov/obesity/media/files/2026/09/5_2025-obesity-aged-60.csv,5_2025-obesity-aged-60.csv
West Virginia,WV,54,Age,Adults aged 60 years and older,36,33.7,38.3,2025,BRFSS 2025,false,State/territory,https://www.cdc.gov/obesity/media/files/2026/09/5_2025-obesity-aged-60.csv,5_2025-obesity-aged-60.csv
Wisconsin,WI,55,Age,Adults aged 60 years and older,36.3,34.7,38.0,2025,BRFSS 2025,false,State/territory,https://www.cdc.gov/obesity/media/files/2026/09/5_2025-obesity-aged-60.csv,5_2025-obesity-aged-60.csv
Wyoming,WY,56,Age,Adults aged 60 years and older,31.6,29.5,33.8,2025,BRFSS 2025,false,State/territory,https://www.cdc.gov/obesity/media/files/2026/09/5_2025-obesity-aged-60.csv,5_2025-obesity-aged-60.csv
Alabama,AL,01,Race/Ethnicity,Non-Hispanic Asian adults,11.6,6.4,20.3,2023–2025,BRFSS 2023–2025 pooled,false,State/territory,https://www.cdc.gov/obesity/media/files/2025/11/5-Asian.csv,5-Asian.csv
Alaska,AK,02,Race/Ethnicity,Non-Hispanic Asian adults,21.8,16.5,28.2,2023–2025,BRFSS 2023–2025 pooled,false,State/territory,https://www.cdc.gov/obesity/media/files/2025/11/5-Asian.csv,5-Asian.csv
Arizona,AZ,04,Race/Ethnicity,Non-Hispanic Asian adults,14.5,10.6,19.7,2023–2025,BRFSS 2023–2025 pooled,false,State/territory,https://www.cdc.gov/obesity/media/files/2025/11/5-Asian.csv,5-Asian.csv
Arkansas,AR,05,Race/Ethnicity,Non-Hispanic Asian adults,13.7,7.9,22.8,2023–2025,BRFSS 2023–2025 pooled,false,State/territory,https://www.cdc.gov/obesity/media/files/2025/11/5-Asian.csv,5-Asian.csv
California,CA,06,Race/Ethnicity,Non-Hispanic Asian adults,12.7,10.9,14.8,2023–2025,BRFSS 2023–2025 pooled,false,State/territory,https://www.cdc.gov/obesity/media/files/2025/11/5-Asian.csv,5-Asian.csv
Colorado,CO,08,Race/Ethnicity,Non-Hispanic Asian adults,11.0,8.1,14.9,2023–2025,BRFSS 2023–2025 pooled,false,State/territory,https://www.cdc.gov/obesity/media/files/2025/11/5-Asian.csv,5-Asian.csv
Connecticut,CT,09,Race/Ethnicity,Non-Hispanic Asian adults,11.8,8.6,16.0,2023–2025,BRFSS 2023–2025 pooled,false,State/territory,https://www.cdc.gov/obesity/media/files/2025/11/5-Asian.csv,5-Asian.csv
Delaware,DE,10,Race/Ethnicity,Non-Hispanic Asian adults,16.0,10.7,23.4,2023–2025,BRFSS 2023–2025 pooled,false,State/territory,https://www.cdc.gov/obesity/media/files/2025/11/5-Asian.csv,5-Asian.csv
District of Columbia,DC,11,Race/Ethnicity,Non-Hispanic Asian adults,11.0,7.3,16.1,2023–2025,BRFSS 2023–2025 pooled,false,State/territory,https://www.cdc.gov/obesity/media/files/2025/11/5-Asian.csv,5-Asian.csv
Florida,FL,12,Race/Ethnicity,Non-Hispanic Asian adults,13.1,8.3,20.0,2023–2025,BRFSS 2023–2025 pooled,false,State/territory,https://www.cdc.gov/obesity/media/files/2025/11/5-Asian.csv,5-Asian.csv
Georgia,GA,13,Race/Ethnicity,Non-Hispanic Asian adults,14.9,10.8,20.2,2023–2025,BRFSS 2023–2025 pooled,false,State/territory,https://www.cdc.gov/obesity/media/files/2025/11/5-Asian.csv,5-Asian.csv
Guam,GU,66,Race/Ethnicity,Non-Hispanic Asian adults,17.8,14.2,22.0,2023–2025,BRFSS 2023–2025 pooled,false,State/territory,https://www.cdc.gov/obesity/media/files/2025/11/5-Asian.csv,5-Asian.csv
Hawaii,HI,15,Race/Ethnicity,Non-Hispanic Asian adults,18.7,17.3,20.2,2023–2025,BRFSS 2023–2025 pooled,false,State/territory,https://www.cdc.gov/obesity/media/files/2025/11/5-Asian.csv,5-Asian.csv
Idaho,ID,16,Race/Ethnicity,Non-Hispanic Asian adults,,,,2023–2025,BRFSS 2023–2025 pooled,true,State/territory,https://www.cdc.gov/obesity/media/files/2025/11/5-Asian.csv,5-Asian.csv
Illinois,IL,17,Race/Ethnicity,Non-Hispanic Asian adults,11.6,9.2,14.6,2023–2025,BRFSS 2023–2025 pooled,false,State/territory,https://www.cdc.gov/obesity/media/files/2025/11/5-Asian.csv,5-Asian.csv
Indiana,IN,18,Race/Ethnicity,Non-Hispanic Asian adults,11.0,7.7,15.6,2023–2025,BRFSS 2023–2025 pooled,false,State/territory,https://www.cdc.gov/obesity/media/files/2025/11/5-Asian.csv,5-Asian.csv
Iowa,IA,19,Race/Ethnicity,Non-Hispanic Asian adults,12.4,8.4,17.7,2023–2025,BRFSS 2023–2025 pooled,false,State/territory,https://www.cdc.gov/obesity/media/files/2025/11/5-Asian.csv,5-Asian.csv
Kansas,KS,20,Race/Ethnicity,Non-Hispanic Asian adults,13.2,9.4,18.2,2023–2025,BRFSS 2023–2025 pooled,false,State/territory,https://www.cdc.gov/obesity/media/files/2025/11/5-Asian.csv,5-Asian.csv
Kentucky,KY,21,Race/Ethnicity,Non-Hispanic Asian adults,,,,2023–2025,BRFSS 2023–2025 pooled,true,State/territory,https://www.cdc.gov/obesity/media/files/2025/11/5-Asian.csv,5-Asian.csv
Louisiana,LA,22,Race/Ethnicity,Non-Hispanic Asian adults,13.4,8.2,21.0,2023–2025,BRFSS 2023–2025 pooled,false,State/territory,https://www.cdc.gov/obesity/media/files/2025/11/5-Asian.csv,5-Asian.csv
Maine,ME,23,Race/Ethnicity,Non-Hispanic Asian adults,,,,2023–2025,BRFSS 2023–2025 pooled,true,State/territory,https://www.cdc.gov/obesity/media/files/2025/11/5-Asian.csv,5-Asian.csv
Maryland,MD,24,Race/Ethnicity,Non-Hispanic Asian adults,12.7,10.5,15.4,2023–2025,BRFSS 2023–2025 pooled,false,State/territory,https://www.cdc.gov/obesity/media/files/2025/11/5-Asian.csv,5-Asian.csv
Massachusetts,MA,25,Race/Ethnicity,Non-Hispanic Asian adults,11.6,9.3,14.4,2023–2025,BRFSS 2023–2025 pooled,false,State/territory,https://www.cdc.gov/obesity/media/files/2025/11/5-Asian.csv,5-Asian.csv
Michigan,MI,26,Race/Ethnicity,Non-Hispanic Asian adults,11.3,8.3,15.4,2023–2025,BRFSS 2023–2025 pooled,false,State/territory,https://www.cdc.gov/obesity/media/files/2025/11/5-Asian.csv,5-Asian.csv
Minnesota,MN,27,Race/Ethnicity,Non-Hispanic Asian adults,20.3,17.4,23.6,2023–2025,BRFSS 2023–2025 pooled,false,State/territory,https://www.cdc.gov/obesity/media/files/2025/11/5-Asian.csv,5-Asian.csv
Mississippi,MS,28,Race/Ethnicity,Non-Hispanic Asian adults,,,,2023–2025,BRFSS 2023–2025 pooled,true,State/territory,https://www.cdc.gov/obesity/media/files/2025/11/5-Asian.csv,5-Asian.csv
Missouri,MO,29,Race/Ethnicity,Non-Hispanic Asian adults,14.4,9.8,20.8,2023–2025,BRFSS 2023–2025 pooled,false,State/territory,https://www.cdc.gov/obesity/media/files/2025/11/5-Asian.csv,5-Asian.csv
Montana,MT,30,Race/Ethnicity,Non-Hispanic Asian adults,,,,2023–2025,BRFSS 2023–2025 pooled,true,State/territory,https://www.cdc.gov/obesity/media/files/2025/11/5-Asian.csv,5-Asian.csv
Nebraska,NE,31,Race/Ethnicity,Non-Hispanic Asian adults,14.8,10.2,21.1,2023–2025,BRFSS 2023–2025 pooled,false,State/territory,https://www.cdc.gov/obesity/media/files/2025/11/5-Asian.csv,5-Asian.csv
Nevada,NV,32,Race/Ethnicity,Non-Hispanic Asian adults,22.5,15.4,31.7,2023–2025,BRFSS 2023–2025 pooled,false,State/territory,https://www.cdc.gov/obesity/media/files/2025/11/5-Asian.csv,5-Asian.csv
New Hampshire,NH,33,Race/Ethnicity,Non-Hispanic Asian adults,9.0,5.7,14.1,2023–2025,BRFSS 2023–2025 pooled,false,State/territory,https://www.cdc.gov/obesity/media/files/2025/11/5-Asian.csv,5-Asian.csv
New Jersey,NJ,34,Race/Ethnicity,Non-Hispanic Asian adults,14.0,11.7,16.8,2023–2025,BRFSS 2023–2025 pooled,false,State/territory,https://www.cdc.gov/obesity/media/files/2025/11/5-Asian.csv,5-Asian.csv
New Mexico,NM,35,Race/Ethnicity,Non-Hispanic Asian adults,,,,2023–2025,BRFSS 2023–2025 pooled,true,State/territory,https://www.cdc.gov/obesity/media/files/2025/11/5-Asian.csv,5-Asian.csv
New York,NY,36,Race/Ethnicity,Non-Hispanic Asian adults,14.5,12.7,16.6,2023–2025,BRFSS 2023–2025 pooled,false,State/territory,https://www.cdc.gov/obesity/media/files/2025/11/5-Asian.csv,5-Asian.csv
North Carolina,NC,37,Race/Ethnicity,Non-Hispanic Asian adults,11.6,7.7,17.1,2023–2025,BRFSS 2023–2025 pooled,false,State/territory,https://www.cdc.gov/obesity/media/files/2025/11/5-Asian.csv,5-Asian.csv
North Dakota,ND,38,Race/Ethnicity,Non-Hispanic Asian adults,17.2,10.6,26.8,2023–2025,BRFSS 2023–2025 pooled,false,State/territory,https://www.cdc.gov/obesity/media/files/2025/11/5-Asian.csv,5-Asian.csv
Ohio,OH,39,Race/Ethnicity,Non-Hispanic Asian adults,13.7,9.7,18.8,2023–2025,BRFSS 2023–2025 pooled,false,State/territory,https://www.cdc.gov/obesity/media/files/2025/11/5-Asian.csv,5-Asian.csv
Oklahoma,OK,40,Race/Ethnicity,Non-Hispanic Asian adults,10.5,6.9,15.6,2023–2025,BRFSS 2023–2025 pooled,false,State/territory,https://www.cdc.gov/obesity/media/files/2025/11/5-Asian.csv,5-Asian.csv
Oregon,OR,41,Race/Ethnicity,Non-Hispanic Asian adults,14.7,11.2,19.2,2023–2025,BRFSS 2023–2025 pooled,false,State/territory,https://www.cdc.gov/obesity/media/files/2025/11/5-Asian.csv,5-Asian.csv
Pennsylvania,PA,42,Race/Ethnicity,Non-Hispanic Asian adults,,,,2023–2025,BRFSS 2023–2025 pooled,true,State/territory,https://www.cdc.gov/obesity/media/files/2025/11/5-Asian.csv,5-Asian.csv
Puerto Rico,PR,72,Race/Ethnicity,Non-Hispanic Asian adults,,,,2023–2025,BRFSS 2023–2025 pooled,true,State/territory,https://www.cdc.gov/obesity/media/files/2025/11/5-Asian.csv,5-Asian.csv
Rhode Island,RI,44,Race/Ethnicity,Non-Hispanic Asian adults,15.2,10.6,21.2,2023–2025,BRFSS 2023–2025 pooled,false,State/territory,https://www.cdc.gov/obesity/media/files/2025/11/5-Asian.csv,5-Asian.csv
South Carolina,SC,45,Race/Ethnicity,Non-Hispanic Asian adults,7.7,4.5,12.9,2023–2025,BRFSS 2023–2025 pooled,false,State/territory,https://www.cdc.gov/obesity/media/files/2025/11/5-Asian.csv,5-Asian.csv
South Dakota,SD,46,Race/Ethnicity,Non-Hispanic Asian adults,,,,2023–2025,BRFSS 2023–2025 pooled,true,State/territory,https://www.cdc.gov/obesity/media/files/2025/11/5-Asian.csv,5-Asian.csv
Tennessee,TN,47,Race/Ethnicity,Non-Hispanic Asian adults,,,,2023–2025,BRFSS 2023–2025 pooled,true,State/territory,https://www.cdc.gov/obesity/media/files/2025/11/5-Asian.csv,5-Asian.csv
Texas,TX,48,Race/Ethnicity,Non-Hispanic Asian adults,13.6,10.2,17.8,2023–2025,BRFSS 2023–2025 pooled,false,State/territory,https://www.cdc.gov/obesity/media/files/2025/11/5-Asian.csv,5-Asian.csv
Utah,UT,49,Race/Ethnicity,Non-Hispanic Asian adults,11.8,8.7,15.9,2023–2025,BRFSS 2023–2025 pooled,false,State/territory,https://www.cdc.gov/obesity/media/files/2025/11/5-Asian.csv,5-Asian.csv
Vermont,VT,50,Race/Ethnicity,Non-Hispanic Asian adults,11.4,6.6,19.2,2023–2025,BRFSS 2023–2025 pooled,false,State/territory,https://www.cdc.gov/obesity/media/files/2025/11/5-Asian.csv,5-Asian.csv
Virgin Islands,VI,78,Race/Ethnicity,Non-Hispanic Asian adults,,,,2023–2025,BRFSS 2023–2025 pooled,true,State/territory,https://www.cdc.gov/obesity/media/files/2025/11/5-Asian.csv,5-Asian.csv
Virginia,VA,51,Race/Ethnicity,Non-Hispanic Asian adults,11.8,8.7,15.7,2023–2025,BRFSS 2023–2025 pooled,false,State/territory,https://www.cdc.gov/obesity/media/files/2025/11/5-Asian.csv,5-Asian.csv
Washington,WA,53,Race/Ethnicity,Non-Hispanic Asian adults,12.7,11.4,14.0,2023–2025,BRFSS 2023–2025 pooled,false,State/territory,https://www.cdc.gov/obesity/media/files/2025/11/5-Asian.csv,5-Asian.csv
West Virginia,WV,54,Race/Ethnicity,Non-Hispanic Asian adults,,,,2023–2025,BRFSS 2023–2025 pooled,true,State/territory,https://www.cdc.gov/obesity/media/files/2025/11/5-Asian.csv,5-Asian.csv
Wisconsin,WI,55,Race/Ethnicity,Non-Hispanic Asian adults,16.0,12.2,20.7,2023–2025,BRFSS 2023–2025 pooled,false,State/territory,https://www.cdc.gov/obesity/media/files/2025/11/5-Asian.csv,5-Asian.csv
Wyoming,WY,56,Race/Ethnicity,Non-Hispanic Asian adults,,,,2023–2025,BRFSS 2023–2025 pooled,true,State/territory,https://www.cdc.gov/obesity/media/files/2025/11/5-Asian.csv,5-Asian.csv
Alabama,AL,01,Race/Ethnicity,Non-Hispanic White adults,36.1,34.8,37.5,2023–2025,BRFSS 2023–2025 pooled,false,State/territory,https://www.cdc.gov/obesity/media/files/2026/09/10_2023-2025_White.csv,10_2023-2025_White.csv
Alaska,AK,02,Race/Ethnicity,Non-Hispanic White adults,32.9,31.6,34.2,2023–2025,BRFSS 2023–2025 pooled,false,State/territory,https://www.cdc.gov/obesity/media/files/2026/09/10_2023-2025_White.csv,10_2023-2025_White.csv
Arizona,AZ,04,Race/Ethnicity,Non-Hispanic White adults,28.2,27.0,29.4,2023–2025,BRFSS 2023–2025 pooled,false,State/territory,https://www.cdc.gov/obesity/media/files/2026/09/10_2023-2025_White.csv,10_2023-2025_White.csv
Arkansas,AR,05,Race/Ethnicity,Non-Hispanic White adults,37.1,36.0,38.2,2023–2025,BRFSS 2023–2025 pooled,false,State/territory,https://www.cdc.gov/obesity/media/files/2026/09/10_2023-2025_White.csv,10_2023-2025_White.csv
California,CA,06,Race/Ethnicity,Non-Hispanic White adults,,,,2023–2025,BRFSS 2023–2025 pooled,true,State/territory,https://www.cdc.gov/obesity/media/files/2026/09/10_2023-2025_White.csv,10_2023-2025_White.csv
Colorado,CO,08,Race/Ethnicity,Non-Hispanic White adults,23.6,22.9,24.3,2023–2025,BRFSS 2023–2025 pooled,false,State/territory,https://www.cdc.gov/obesity/media/files/2026/09/10_2023-2025_White.csv,10_2023-2025_White.csv
Connecticut,CT,09,Race/Ethnicity,Non-Hispanic White adults,28.7,27.7,29.8,2023–2025,BRFSS 2023–2025 pooled,false,State/territory,https://www.cdc.gov/obesity/media/files/2026/09/10_2023-2025_White.csv,10_2023-2025_White.csv
Delaware,DE,10,Race/Ethnicity,Non-Hispanic White adults,34.9,33.4,36.4,2023–2025,BRFSS 2023–2025 pooled,false,State/territory,https://www.cdc.gov/obesity/media/files/2026/09/10_2023-2025_White.csv,10_2023-2025_White.csv
District of Columbia,DC,11,Race/Ethnicity,Non-Hispanic White adults,14.3,13.0,15.8,2023–2025,BRFSS 2023–2025 pooled,false,State/territory,https://www.cdc.gov/obesity/media/files/2026/09/10_2023-2025_White.csv,10_2023-2025_White.csv
Florida,FL,12,Race/Ethnicity,Non-Hispanic White adults,29.1,28.1,30.1,2023–2025,BRFSS 2023–2025 pooled,false,State/territory,https://www.cdc.gov/obesity/media/files/2026/09/10_2023-2025_White.csv,10_2023-2025_White.csv
Georgia,GA,13,Race/Ethnicity,Non-Hispanic White adults,32.6,31.4,33.8,2023–2025,BRFSS 2023–2025 pooled,false,State/territory,https://www.cdc.gov/obesity/media/files/2026/09/10_2023-2025_White.csv,10_2023-2025_White.csv
Guam,GU,66,Race/Ethnicity,Non-Hispanic White adults,36.2,28.2,45.1,2023–2025,BRFSS 2023–2025 pooled,false,State/territory,https://www.cdc.gov/obesity/media/files/2026/09/10_2023-2025_White.csv,10_2023-2025_White.csv
Hawaii,HI,15,Race/Ethnicity,Non-Hispanic White adults,20.3,18.9,21.7,2023–2025,BRFSS 2023–2025 pooled,false,State/territory,https://www.cdc.gov/obesity/media/files/2026/09/10_2023-2025_White.csv,10_2023-2025_White.csv
Idaho,ID,16,Race/Ethnicity,Non-Hispanic White adults,31.2,30.1,32.3,2023–2025,BRFSS 2023–2025 pooled,false,State/territory,https://www.cdc.gov/obesity/media/files/2026/09/10_2023-2025_White.csv,10_2023-2025_White.csv
Illinois,IL,17,Race/Ethnicity,Non-Hispanic White adults,34,33.0,35.1,2023–2025,BRFSS 2023–2025 pooled,false,State/territory,https://www.cdc.gov/obesity/media/files/2026/09/10_2023-2025_White.csv,10_2023-2025_White.csv
Indiana,IN,18,Race/Ethnicity,Non-Hispanic White adults,37.6,36.7,38.5,2023–2025,BRFSS 2023–2025 pooled,false,State/territory,https://www.cdc.gov/obesity/media/files/2026/09/10_2023-2025_White.csv,10_2023-2025_White.csv
Iowa,IA,19,Race/Ethnicity,Non-Hispanic White adults,37,36.2,37.8,2023–2025,BRFSS 2023–2025 pooled,false,State/territory,https://www.cdc.gov/obesity/media/files/2026/09/10_2023-2025_White.csv,10_2023-2025_White.csv
Kansas,KS,20,Race/Ethnicity,Non-Hispanic White adults,36.3,35.5,37.1,2023–2025,BRFSS 2023–2025 pooled,false,State/territory,https://www.cdc.gov/obesity/media/files/2026/09/10_2023-2025_White.csv,10_2023-2025_White.csv
Kentucky,KY,21,Race/Ethnicity,Non-Hispanic White adults,,,,2023–2025,BRFSS 2023–2025 pooled,true,State/territory,https://www.cdc.gov/obesity/media/files/2026/09/10_2023-2025_White.csv,10_2023-2025_White.csv
Louisiana,LA,22,Race/Ethnicity,Non-Hispanic White adults,34.6,33.4,35.8,2023–2025,BRFSS 2023–2025 pooled,false,State/territory,https://www.cdc.gov/obesity/media/files/2026/09/10_2023-2025_White.csv,10_2023-2025_White.csv
Maine,ME,23,Race/Ethnicity,Non-Hispanic White adults,33.3,32.6,34.1,2023–2025,BRFSS 2023–2025 pooled,false,State/territory,https://www.cdc.gov/obesity/media/files/2026/09/10_2023-2025_White.csv,10_2023-2025_White.csv
Maryland,MD,24,Race/Ethnicity,Non-Hispanic White adults,30.7,29.9,31.6,2023–2025,BRFSS 2023–2025 pooled,false,State/territory,https://www.cdc.gov/obesity/media/files/2026/09/10_2023-2025_White.csv,10_2023-2025_White.csv
Massachusetts,MA,25,Race/Ethnicity,Non-Hispanic White adults,26.4,25.6,27.3,2023–2025,BRFSS 2023–2025 pooled,false,State/territory,https://www.cdc.gov/obesity/media/files/2026/09/10_2023-2025_White.csv,10_2023-2025_White.csv
Michigan,MI,26,Race/Ethnicity,Non-Hispanic White adults,34.9,34.1,35.8,2023–2025,BRFSS 2023–2025 pooled,false,State/territory,https://www.cdc.gov/obesity/media/files/2026/09/10_2023-2025_White.csv,10_2023-2025_White.csv
Minnesota,MN,27,Race/Ethnicity,Non-Hispanic White adults,33.1,32.5,33.8,2023–2025,BRFSS 2023–2025 pooled,false,State/territory,https://www.cdc.gov/obesity/media/files/2026/09/10_2023-2025_White.csv,10_2023-2025_White.csv
Mississippi,MS,28,Race/Ethnicity,Non-Hispanic White adults,,,,2023–2025,BRFSS 2023–2025 pooled,true,State/territory,https://www.cdc.gov/obesity/media/files/2026/09/10_2023-2025_White.csv,10_2023-2025_White.csv
Missouri,MO,29,Race/Ethnicity,Non-Hispanic White adults,34.8,33.7,35.8,2023–2025,BRFSS 2023–2025 pooled,false,State/territory,https://www.cdc.gov/obesity/media/files/2026/09/10_2023-2025_White.csv,10_2023-2025_White.csv
Montana,MT,30,Race/Ethnicity,Non-Hispanic White adults,29.7,28.8,30.6,2023–2025,BRFSS 2023–2025 pooled,false,State/territory,https://www.cdc.gov/obesity/media/files/2026/09/10_2023-2025_White.csv,10_2023-2025_White.csv
Nebraska,NE,31,Race/Ethnicity,Non-Hispanic White adults,37,36.1,37.9,2023–2025,BRFSS 2023–2025 pooled,false,State/territory,https://www.cdc.gov/obesity/media/files/2026/09/10_2023-2025_White.csv,10_2023-2025_White.csv
Nevada,NV,32,Race/Ethnicity,Non-Hispanic White adults,,,,2023–2025,BRFSS 2023–2025 pooled,true,State/territory,https://www.cdc.gov/obesity/media/files/2026/09/10_2023-2025_White.csv,10_2023-2025_White.csv
New Hampshire,NH,33,Race/Ethnicity,Non-Hispanic White adults,32.4,31.3,33.5,2023–2025,BRFSS 2023–2025 pooled,false,State/territory,https://www.cdc.gov/obesity/media/files/2026/09/10_2023-2025_White.csv,10_2023-2025_White.csv
New Jersey,NJ,34,Race/Ethnicity,Non-Hispanic White adults,26.4,25.3,27.5,2023–2025,BRFSS 2023–2025 pooled,false,State/territory,https://www.cdc.gov/obesity/media/files/2026/09/10_2023-2025_White.csv,10_2023-2025_White.csv
New Mexico,NM,35,Race/Ethnicity,Non-Hispanic White adults,28.7,26.9,30.6,2023–2025,BRFSS 2023–2025 pooled,false,State/territory,https://www.cdc.gov/obesity/media/files/2026/09/10_2023-2025_White.csv,10_2023-2025_White.csv
New York,NY,36,Race/Ethnicity,Non-Hispanic White adults,28.2,27.5,28.9,2023–2025,BRFSS 2023–2025 pooled,false,State/territory,https://www.cdc.gov/obesity/media/files/2026/09/10_2023-2025_White.csv,10_2023-2025_White.csv
North Carolina,NC,37,Race/Ethnicity,Non-Hispanic White adults,31.5,30.1,32.9,2023–2025,BRFSS 2023–2025 pooled,false,State/territory,https://www.cdc.gov/obesity/media/files/2026/09/10_2023-2025_White.csv,10_2023-2025_White.csv
North Dakota,ND,38,Race/Ethnicity,Non-Hispanic White adults,36.6,35.6,37.6,2023–2025,BRFSS 2023–2025 pooled,false,State/territory,https://www.cdc.gov/obesity/media/files/2026/09/10_2023-2025_White.csv,10_2023-2025_White.csv
Ohio,OH,39,Race/Ethnicity,Non-Hispanic White adults,36.2,35.3,37.0,2023–2025,BRFSS 2023–2025 pooled,false,State/territory,https://www.cdc.gov/obesity/media/files/2026/09/10_2023-2025_White.csv,10_2023-2025_White.csv
Oklahoma,OK,40,Race/Ethnicity,Non-Hispanic White adults,37.2,36.2,38.3,2023–2025,BRFSS 2023–2025 pooled,false,State/territory,https://www.cdc.gov/obesity/media/files/2026/09/10_2023-2025_White.csv,10_2023-2025_White.csv
Oregon,OR,41,Race/Ethnicity,Non-Hispanic White adults,33,32.0,34.0,2023–2025,BRFSS 2023–2025 pooled,false,State/territory,https://www.cdc.gov/obesity/media/files/2026/09/10_2023-2025_White.csv,10_2023-2025_White.csv
Pennsylvania,PA,42,Race/Ethnicity,Non-Hispanic White adults,,,,2023–2025,BRFSS 2023–2025 pooled,true,State/territory,https://www.cdc.gov/obesity/media/files/2026/09/10_2023-2025_White.csv,10_2023-2025_White.csv
Puerto Rico,PR,72,Race/Ethnicity,Non-Hispanic White adults,32,17.6,51.0,2023–2025,BRFSS 2023–2025 pooled,false,State/territory,https://www.cdc.gov/obesity/media/files/2026/09/10_2023-2025_White.csv,10_2023-2025_White.csv
Rhode Island,RI,44,Race/Ethnicity,Non-Hispanic White adults,30,28.9,31.2,2023–2025,BRFSS 2023–2025 pooled,false,State/territory,https://www.cdc.gov/obesity/media/files/2026/09/10_2023-2025_White.csv,10_2023-2025_White.csv
South Carolina,SC,45,Race/Ethnicity,Non-Hispanic White adults,32.1,30.7,33.5,2023–2025,BRFSS 2023–2025 pooled,false,State/territory,https://www.cdc.gov/obesity/media/files/2026/09/10_2023-2025_White.csv,10_2023-2025_White.csv
South Dakota,SD,46,Race/Ethnicity,Non-Hispanic White adults,35.9,34.0,37.8,2023–2025,BRFSS 2023–2025 pooled,false,State/territory,https://www.cdc.gov/obesity/media/files/2026/09/10_2023-2025_White.csv,10_2023-2025_White.csv
Tennessee,TN,47,Race/Ethnicity,Non-Hispanic White adults,,,,2023–2025,BRFSS 2023–2025 pooled,true,State/territory,https://www.cdc.gov/obesity/media/files/2026/09/10_2023-2025_White.csv,10_2023-2025_White.csv
Texas,TX,48,Race/Ethnicity,Non-Hispanic White adults,33.5,32.2,34.9,2023–2025,BRFSS 2023–2025 pooled,false,State/territory,https://www.cdc.gov/obesity/media/files/2026/09/10_2023-2025_White.csv,10_2023-2025_White.csv
Utah,UT,49,Race/Ethnicity,Non-Hispanic White adults,29.3,28.6,30.0,2023–2025,BRFSS 2023–2025 pooled,false,State/territory,https://www.cdc.gov/obesity/media/files/2026/09/10_2023-2025_White.csv,10_2023-2025_White.csv
Vermont,VT,50,Race/Ethnicity,Non-Hispanic White adults,29.2,28.2,30.1,2023–2025,BRFSS 2023–2025 pooled,false,State/territory,https://www.cdc.gov/obesity/media/files/2026/09/10_2023-2025_White.csv,10_2023-2025_White.csv
Virgin Islands,VI,78,Race/Ethnicity,Non-Hispanic White adults,,,,2023–2025,BRFSS 2023–2025 pooled,true,State/territory,https://www.cdc.gov/obesity/media/files/2026/09/10_2023-2025_White.csv,10_2023-2025_White.csv
Virginia,VA,51,Race/Ethnicity,Non-Hispanic White adults,32.6,31.4,33.8,2023–2025,BRFSS 2023–2025 pooled,false,State/territory,https://www.cdc.gov/obesity/media/files/2026/09/10_2023-2025_White.csv,10_2023-2025_White.csv
Washington,WA,53,Race/Ethnicity,Non-Hispanic White adults,31.6,31.1,32.2,2023–2025,BRFSS 2023–2025 pooled,false,State/territory,https://www.cdc.gov/obesity/media/files/2026/09/10_2023-2025_White.csv,10_2023-2025_White.csv
West Virginia,WV,54,Race/Ethnicity,Non-Hispanic White adults,40.5,39.5,41.6,2023–2025,BRFSS 2023–2025 pooled,false,State/territory,https://www.cdc.gov/obesity/media/files/2026/09/10_2023-2025_White.csv,10_2023-2025_White.csv
Wisconsin,WI,55,Race/Ethnicity,Non-Hispanic White adults,36.9,36.1,37.7,2023–2025,BRFSS 2023–2025 pooled,false,State/territory,https://www.cdc.gov/obesity/media/files/2026/09/10_2023-2025_White.csv,10_2023-2025_White.csv
Wyoming,WY,56,Race/Ethnicity,Non-Hispanic White adults,32.3,31.2,33.4,2023–2025,BRFSS 2023–2025 pooled,false,State/territory,https://www.cdc.gov/obesity/media/files/2026/09/10_2023-2025_White.csv,10_2023-2025_White.csv
Alabama,AL,01,Race/Ethnicity,Hispanic adults,35.4,28.9,42.6,2023–2025,BRFSS 2023–2025 pooled,false,State/territory,https://www.cdc.gov/obesity/media/files/2026/09/9_2023-2025_Hispanic.csv,9_2023-2025_Hispanic.csv
Alaska,AK,02,Race/Ethnicity,Hispanic adults,38.8,33.7,44.1,2023–2025,BRFSS 2023–2025 pooled,false,State/territory,https://www.cdc.gov/obesity/media/files/2026/09/9_2023-2025_Hispanic.csv,9_2023-2025_Hispanic.csv
Arizona,AZ,04,Race/Ethnicity,Hispanic adults,39.7,37.2,42.2,2023–2025,BRFSS 2023–2025 pooled,false,State/territory,https://www.cdc.gov/obesity/media/files/2026/09/9_2023-2025_Hispanic.csv,9_2023-2025_Hispanic.csv
Arkansas,AR,05,Race/Ethnicity,Hispanic adults,38.7,33.8,43.8,2023–2025,BRFSS 2023–2025 pooled,false,State/territory,https://www.cdc.gov/obesity/media/files/2026/09/9_2023-2025_Hispanic.csv,9_2023-2025_Hispanic.csv
California,CA,06,Race/Ethnicity,Hispanic adults,,,,2023–2025,BRFSS 2023–2025 pooled,true,State/territory,https://www.cdc.gov/obesity/media/files/2026/09/9_2023-2025_Hispanic.csv,9_2023-2025_Hispanic.csv
Colorado,CO,08,Race/Ethnicity,Hispanic adults,31.7,30.1,33.4,2023–2025,BRFSS 2023–2025 pooled,false,State/territory,https://www.cdc.gov/obesity/media/files/2026/09/9_2023-2025_Hispanic.csv,9_2023-2025_Hispanic.csv
Connecticut,CT,09,Race/Ethnicity,Hispanic adults,36.3,33.9,38.7,2023–2025,BRFSS 2023–2025 pooled,false,State/territory,https://www.cdc.gov/obesity/media/files/2026/09/9_2023-2025_Hispanic.csv,9_2023-2025_Hispanic.csv
Delaware,DE,10,Race/Ethnicity,Hispanic adults,33.1,28.9,37.5,2023–2025,BRFSS 2023–2025 pooled,false,State/territory,https://www.cdc.gov/obesity/media/files/2026/09/9_2023-2025_Hispanic.csv,9_2023-2025_Hispanic.csv
District of Columbia,DC,11,Race/Ethnicity,Hispanic adults,24.3,20.1,29.0,2023–2025,BRFSS 2023–2025 pooled,false,State/territory,https://www.cdc.gov/obesity/media/files/2026/09/9_2023-2025_Hispanic.csv,9_2023-2025_Hispanic.csv
Florida,FL,12,Race/Ethnicity,Hispanic adults,28.5,26.2,30.9,2023–2025,BRFSS 2023–2025 pooled,false,State/territory,https://www.cdc.gov/obesity/media/files/2026/09/9_2023-2025_Hispanic.csv,9_2023-2025_Hispanic.csv
Georgia,GA,13,Race/Ethnicity,Hispanic adults,37.7,34.0,41.6,2023–2025,BRFSS 2023–2025 pooled,false,State/territory,https://www.cdc.gov/obesity/media/files/2026/09/9_2023-2025_Hispanic.csv,9_2023-2025_Hispanic.csv
Guam,GU,66,Race/Ethnicity,Hispanic adults,34.6,23.8,47.2,2023–2025,BRFSS 2023–2025 pooled,false,State/territory,https://www.cdc.gov/obesity/media/files/2026/09/9_2023-2025_Hispanic.csv,9_2023-2025_Hispanic.csv
Hawaii,HI,15,Race/Ethnicity,Hispanic adults,34.3,31.4,37.5,2023–2025,BRFSS 2023–2025 pooled,false,State/territory,https://www.cdc.gov/obesity/media/files/2026/09/9_2023-2025_Hispanic.csv,9_2023-2025_Hispanic.csv
Idaho,ID,16,Race/Ethnicity,Hispanic adults,37.5,33.9,41.3,2023–2025,BRFSS 2023–2025 pooled,false,State/territory,https://www.cdc.gov/obesity/media/files/2026/09/9_2023-2025_Hispanic.csv,9_2023-2025_Hispanic.csv
Illinois,IL,17,Race/Ethnicity,Hispanic adults,37.9,36.0,39.9,2023–2025,BRFSS 2023–2025 pooled,false,State/territory,https://www.cdc.gov/obesity/media/files/2026/09/9_2023-2025_Hispanic.csv,9_2023-2025_Hispanic.csv
Indiana,IN,18,Race/Ethnicity,Hispanic adults,40.4,37.3,43.6,2023–2025,BRFSS 2023–2025 pooled,false,State/territory,https://www.cdc.gov/obesity/media/files/2026/09/9_2023-2025_Hispanic.csv,9_2023-2025_Hispanic.csv
Iowa,IA,19,Race/Ethnicity,Hispanic adults,39.2,36.3,42.1,2023–2025,BRFSS 2023–2025 pooled,false,State/territory,https://www.cdc.gov/obesity/media/files/2026/09/9_2023-2025_Hispanic.csv,9_2023-2025_Hispanic.csv
Kansas,KS,20,Race/Ethnicity,Hispanic adults,40.9,38.0,43.9,2023–2025,BRFSS 2023–2025 pooled,false,State/territory,https://www.cdc.gov/obesity/media/files/2026/09/9_2023-2025_Hispanic.csv,9_2023-2025_Hispanic.csv
Kentucky,KY,21,Race/Ethnicity,Hispanic adults,,,,2023–2025,BRFSS 2023–2025 pooled,true,State/territory,https://www.cdc.gov/obesity/media/files/2026/09/9_2023-2025_Hispanic.csv,9_2023-2025_Hispanic.csv
Louisiana,LA,22,Race/Ethnicity,Hispanic adults,38.9,33.9,44.2,2023–2025,BRFSS 2023–2025 pooled,false,State/territory,https://www.cdc.gov/obesity/media/files/2026/09/9_2023-2025_Hispanic.csv,9_2023-2025_Hispanic.csv
Maine,ME,23,Race/Ethnicity,Hispanic adults,31.4,26.1,37.2,2023–2025,BRFSS 2023–2025 pooled,false,State/territory,https://www.cdc.gov/obesity/media/files/2026/09/9_2023-2025_Hispanic.csv,9_2023-2025_Hispanic.csv
Maryland,MD,24,Race/Ethnicity,Hispanic adults,37.6,35.2,40.1,2023–2025,BRFSS 2023–2025 pooled,false,State/territory,https://www.cdc.gov/obesity/media/files/2026/09/9_2023-2025_Hispanic.csv,9_2023-2025_Hispanic.csv
Massachusetts,MA,25,Race/Ethnicity,Hispanic adults,37,34.8,39.4,2023–2025,BRFSS 2023–2025 pooled,false,State/territory,https://www.cdc.gov/obesity/media/files/2026/09/9_2023-2025_Hispanic.csv,9_2023-2025_Hispanic.csv
Michigan,MI,26,Race/Ethnicity,Hispanic adults,37.2,33.1,41.5,2023–2025,BRFSS 2023–2025 pooled,false,State/territory,https://www.cdc.gov/obesity/media/files/2026/09/9_2023-2025_Hispanic.csv,9_2023-2025_Hispanic.csv
Minnesota,MN,27,Race/Ethnicity,Hispanic adults,34,31.4,36.8,2023–2025,BRFSS 2023–2025 pooled,false,State/territory,https://www.cdc.gov/obesity/media/files/2026/09/9_2023-2025_Hispanic.csv,9_2023-2025_Hispanic.csv
Mississippi,MS,28,Race/Ethnicity,Hispanic adults,,,,2023–2025,BRFSS 2023–2025 pooled,true,State/territory,https://www.cdc.gov/obesity/media/files/2026/09/9_2023-2025_Hispanic.csv,9_2023-2025_Hispanic.csv
Missouri,MO,29,Race/Ethnicity,Hispanic adults,36.8,31.9,42.0,2023–2025,BRFSS 2023–2025 pooled,false,State/territory,https://www.cdc.gov/obesity/media/files/2026/09/9_2023-2025_Hispanic.csv,9_2023-2025_Hispanic.csv
Montana,MT,30,Race/Ethnicity,Hispanic adults,29.6,24.9,34.9,2023–2025,BRFSS 2023–2025 pooled,false,State/territory,https://www.cdc.gov/obesity/media/files/2026/09/9_2023-2025_Hispanic.csv,9_2023-2025_Hispanic.csv
Nebraska,NE,31,Race/Ethnicity,Hispanic adults,37.5,35.2,39.8,2023–2025,BRFSS 2023–2025 pooled,false,State/territory,https://www.cdc.gov/obesity/media/files/2026/09/9_2023-2025_Hispanic.csv,9_2023-2025_Hispanic.csv
Nevada,NV,32,Race/Ethnicity,Hispanic adults,,,,2023–2025,BRFSS 2023–2025 pooled,true,State/territory,https://www.cdc.gov/obesity/media/files/2026/09/9_2023-2025_Hispanic.csv,9_2023-2025_Hispanic.csv
New Hampshire,NH,33,Race/Ethnicity,Hispanic adults,35.7,28.7,43.4,2023–2025,BRFSS 2023–2025 pooled,false,State/territory,https://www.cdc.gov/obesity/media/files/2026/09/9_2023-2025_Hispanic.csv,9_2023-2025_Hispanic.csv
New Jersey,NJ,34,Race/Ethnicity,Hispanic adults,33.7,31.7,35.8,2023–2025,BRFSS 2023–2025 pooled,false,State/territory,https://www.cdc.gov/obesity/media/files/2026/09/9_2023-2025_Hispanic.csv,9_2023-2025_Hispanic.csv
New Mexico,NM,35,Race/Ethnicity,Hispanic adults,39.8,37.5,42.3,2023–2025,BRFSS 2023–2025 pooled,false,State/territory,https://www.cdc.gov/obesity/media/files/2026/09/9_2023-2025_Hispanic.csv,9_2023-2025_Hispanic.csv
New York,NY,36,Race/Ethnicity,Hispanic adults,33.8,32.5,35.1,2023–2025,BRFSS 2023–2025 pooled,false,State/territory,https://www.cdc.gov/obesity/media/files/2026/09/9_2023-2025_Hispanic.csv,9_2023-2025_Hispanic.csv
North Carolina,NC,37,Race/Ethnicity,Hispanic adults,36,32.7,39.4,2023–2025,BRFSS 2023–2025 pooled,false,State/territory,https://www.cdc.gov/obesity/media/files/2026/09/9_2023-2025_Hispanic.csv,9_2023-2025_Hispanic.csv
North Dakota,ND,38,Race/Ethnicity,Hispanic adults,40,34.0,46.3,2023–2025,BRFSS 2023–2025 pooled,false,State/territory,https://www.cdc.gov/obesity/media/files/2026/09/9_2023-2025_Hispanic.csv,9_2023-2025_Hispanic.csv
Ohio,OH,39,Race/Ethnicity,Hispanic adults,37.3,32.0,42.8,2023–2025,BRFSS 2023–2025 pooled,false,State/territory,https://www.cdc.gov/obesity/media/files/2026/09/9_2023-2025_Hispanic.csv,9_2023-2025_Hispanic.csv
Oklahoma,OK,40,Race/Ethnicity,Hispanic adults,41,37.8,44.3,2023–2025,BRFSS 2023–2025 pooled,false,State/territory,https://www.cdc.gov/obesity/media/files/2026/09/9_2023-2025_Hispanic.csv,9_2023-2025_Hispanic.csv
Oregon,OR,41,Race/Ethnicity,Hispanic adults,39.2,36.1,42.3,2023–2025,BRFSS 2023–2025 pooled,false,State/territory,https://www.cdc.gov/obesity/media/files/2026/09/9_2023-2025_Hispanic.csv,9_2023-2025_Hispanic.csv
Pennsylvania,PA,42,Race/Ethnicity,Hispanic adults,,,,2023–2025,BRFSS 2023–2025 pooled,true,State/territory,https://www.cdc.gov/obesity/media/files/2026/09/9_2023-2025_Hispanic.csv,9_2023-2025_Hispanic.csv
Puerto Rico,PR,72,Race/Ethnicity,Hispanic adults,36,34.6,37.3,2023–2025,BRFSS 2023–2025 pooled,false,State/territory,https://www.cdc.gov/obesity/media/files/2026/09/9_2023-2025_Hispanic.csv,9_2023-2025_Hispanic.csv
Rhode Island,RI,44,Race/Ethnicity,Hispanic adults,37.7,34.7,40.7,2023–2025,BRFSS 2023–2025 pooled,false,State/territory,https://www.cdc.gov/obesity/media/files/2026/09/9_2023-2025_Hispanic.csv,9_2023-2025_Hispanic.csv
South Carolina,SC,45,Race/Ethnicity,Hispanic adults,32.8,27.9,38.0,2023–2025,BRFSS 2023–2025 pooled,false,State/territory,https://www.cdc.gov/obesity/media/files/2026/09/9_2023-2025_Hispanic.csv,9_2023-2025_Hispanic.csv
South Dakota,SD,46,Race/Ethnicity,Hispanic adults,37.8,29.2,47.2,2023–2025,BRFSS 2023–2025 pooled,false,State/territory,https://www.cdc.gov/obesity/media/files/2026/09/9_2023-2025_Hispanic.csv,9_2023-2025_Hispanic.csv
Tennessee,TN,47,Race/Ethnicity,Hispanic adults,,,,2023–2025,BRFSS 2023–2025 pooled,true,State/territory,https://www.cdc.gov/obesity/media/files/2026/09/9_2023-2025_Hispanic.csv,9_2023-2025_Hispanic.csv
Texas,TX,48,Race/Ethnicity,Hispanic adults,38.4,36.5,40.3,2023–2025,BRFSS 2023–2025 pooled,false,State/territory,https://www.cdc.gov/obesity/media/files/2026/09/9_2023-2025_Hispanic.csv,9_2023-2025_Hispanic.csv
Utah,UT,49,Race/Ethnicity,Hispanic adults,35.5,33.5,37.5,2023–2025,BRFSS 2023–2025 pooled,false,State/territory,https://www.cdc.gov/obesity/media/files/2026/09/9_2023-2025_Hispanic.csv,9_2023-2025_Hispanic.csv
Vermont,VT,50,Race/Ethnicity,Hispanic adults,29.9,24.1,36.4,2023–2025,BRFSS 2023–2025 pooled,false,State/territory,https://www.cdc.gov/obesity/media/files/2026/09/9_2023-2025_Hispanic.csv,9_2023-2025_Hispanic.csv
Virgin Islands,VI,78,Race/Ethnicity,Hispanic adults,,,,2023–2025,BRFSS 2023–2025 pooled,true,State/territory,https://www.cdc.gov/obesity/media/files/2026/09/9_2023-2025_Hispanic.csv,9_2023-2025_Hispanic.csv
Virginia,VA,51,Race/Ethnicity,Hispanic adults,32.2,28.1,36.6,2023–2025,BRFSS 2023–2025 pooled,false,State/territory,https://www.cdc.gov/obesity/media/files/2026/09/9_2023-2025_Hispanic.csv,9_2023-2025_Hispanic.csv
Washington,WA,53,Race/Ethnicity,Hispanic adults,36.7,35.2,38.1,2023–2025,BRFSS 2023–2025 pooled,false,State/territory,https://www.cdc.gov/obesity/media/files/2026/09/9_2023-2025_Hispanic.csv,9_2023-2025_Hispanic.csv
West Virginia,WV,54,Race/Ethnicity,Hispanic adults,35.5,27.4,44.4,2023–2025,BRFSS 2023–2025 pooled,false,State/territory,https://www.cdc.gov/obesity/media/files/2026/09/9_2023-2025_Hispanic.csv,9_2023-2025_Hispanic.csv
Wisconsin,WI,55,Race/Ethnicity,Hispanic adults,35.2,32.4,38.1,2023–2025,BRFSS 2023–2025 pooled,false,State/territory,https://www.cdc.gov/obesity/media/files/2026/09/9_2023-2025_Hispanic.csv,9_2023-2025_Hispanic.csv
Wyoming,WY,56,Race/Ethnicity,Hispanic adults,32.7,28.7,37.0,2023–2025,BRFSS 2023–2025 pooled,false,State/territory,https://www.cdc.gov/obesity/media/files/2026/09/9_2023-2025_Hispanic.csv,9_2023-2025_Hispanic.csv
Alabama,AL,01,Race/Ethnicity,Non-Hispanic American Indian or Alaska Native adults,44.2,32.2,56.9,2023–2025,BRFSS 2023–2025 pooled,false,State/territory,https://www.cdc.gov/obesity/media/files/2026/09/6_2023-2025-American-Indian-Native-American.csv,6_2023-2025-American-Indian-Native-American.csv
Alaska,AK,02,Race/Ethnicity,Non-Hispanic American Indian or Alaska Native adults,38.5,35.4,41.7,2023–2025,BRFSS 2023–2025 pooled,false,State/territory,https://www.cdc.gov/obesity/media/files/2026/09/6_2023-2025-American-Indian-Native-American.csv,6_2023-2025-American-Indian-Native-American.csv
Arizona,AZ,04,Race/Ethnicity,Non-Hispanic American Indian or Alaska Native adults,50.8,45.4,56.2,2023–2025,BRFSS 2023–2025 pooled,false,State/territory,https://www.cdc.gov/obesity/media/files/2026/09/6_2023-2025-American-Indian-Native-American.csv,6_2023-2025-American-Indian-Native-American.csv
Arkansas,AR,05,Race/Ethnicity,Non-Hispanic American Indian or Alaska Native adults,41.9,32.6,51.9,2023–2025,BRFSS 2023–2025 pooled,false,State/territory,https://www.cdc.gov/obesity/media/files/2026/09/6_2023-2025-American-Indian-Native-American.csv,6_2023-2025-American-Indian-Native-American.csv
California,CA,06,Race/Ethnicity,Non-Hispanic American Indian or Alaska Native adults,,,,2023–2025,BRFSS 2023–2025 pooled,true,State/territory,https://www.cdc.gov/obesity/media/files/2026/09/6_2023-2025-American-Indian-Native-American.csv,6_2023-2025-American-Indian-Native-American.csv
Colorado,CO,08,Race/Ethnicity,Non-Hispanic American Indian or Alaska Native adults,30.8,23.8,38.7,2023–2025,BRFSS 2023–2025 pooled,false,State/territory,https://www.cdc.gov/obesity/media/files/2026/09/6_2023-2025-American-Indian-Native-American.csv,6_2023-2025-American-Indian-Native-American.csv
Connecticut,CT,09,Race/Ethnicity,Non-Hispanic American Indian or Alaska Native adults,29.7,18.0,44.9,2023–2025,BRFSS 2023–2025 pooled,false,State/territory,https://www.cdc.gov/obesity/media/files/2026/09/6_2023-2025-American-Indian-Native-American.csv,6_2023-2025-American-Indian-Native-American.csv
Delaware,DE,10,Race/Ethnicity,Non-Hispanic American Indian or Alaska Native adults,39.1,23.6,57.0,2023–2025,BRFSS 2023–2025 pooled,false,State/territory,https://www.cdc.gov/obesity/media/files/2026/09/6_2023-2025-American-Indian-Native-American.csv,6_2023-2025-American-Indian-Native-American.csv
District of Columbia,DC,11,Race/Ethnicity,Non-Hispanic American Indian or Alaska Native adults,,,,2023–2025,BRFSS 2023–2025 pooled,true,State/territory,https://www.cdc.gov/obesity/media/files/2026/09/6_2023-2025-American-Indian-Native-American.csv,6_2023-2025-American-Indian-Native-American.csv
Florida,FL,12,Race/Ethnicity,Non-Hispanic American Indian or Alaska Native adults,36.4,26.6,47.5,2023–2025,BRFSS 2023–2025 pooled,false,State/territory,https://www.cdc.gov/obesity/media/files/2026/09/6_2023-2025-American-Indian-Native-American.csv,6_2023-2025-American-Indian-Native-American.csv
Georgia,GA,13,Race/Ethnicity,Non-Hispanic American Indian or Alaska Native adults,37,22.2,54.7,2023–2025,BRFSS 2023–2025 pooled,false,State/territory,https://www.cdc.gov/obesity/media/files/2026/09/6_2023-2025-American-Indian-Native-American.csv,6_2023-2025-American-Indian-Native-American.csv
Guam,GU,66,Race/Ethnicity,Non-Hispanic American Indian or Alaska Native adults,,,,2023–2025,BRFSS 2023–2025 pooled,true,State/territory,https://www.cdc.gov/obesity/media/files/2026/09/6_2023-2025-American-Indian-Native-American.csv,6_2023-2025-American-Indian-Native-American.csv
Hawaii,HI,15,Race/Ethnicity,Non-Hispanic American Indian or Alaska Native adults,33.7,19.5,51.7,2023–2025,BRFSS 2023–2025 pooled,false,State/territory,https://www.cdc.gov/obesity/media/files/2026/09/6_2023-2025-American-Indian-Native-American.csv,6_2023-2025-American-Indian-Native-American.csv
Idaho,ID,16,Race/Ethnicity,Non-Hispanic American Indian or Alaska Native adults,43.7,33.0,55.0,2023–2025,BRFSS 2023–2025 pooled,false,State/territory,https://www.cdc.gov/obesity/media/files/2026/09/6_2023-2025-American-Indian-Native-American.csv,6_2023-2025-American-Indian-Native-American.csv
Illinois,IL,17,Race/Ethnicity,Non-Hispanic American Indian or Alaska Native adults,35.2,24.8,47.2,2023–2025,BRFSS 2023–2025 pooled,false,State/territory,https://www.cdc.gov/obesity/media/files/2026/09/6_2023-2025-American-Indian-Native-American.csv,6_2023-2025-American-Indian-Native-American.csv
Indiana,IN,18,Race/Ethnicity,Non-Hispanic American Indian or Alaska Native adults,37.1,26.5,49.1,2023–2025,BRFSS 2023–2025 pooled,false,State/territory,https://www.cdc.gov/obesity/media/files/2026/09/6_2023-2025-American-Indian-Native-American.csv,6_2023-2025-American-Indian-Native-American.csv
Iowa,IA,19,Race/Ethnicity,Non-Hispanic American Indian or Alaska Native adults,53.7,40.1,66.7,2023–2025,BRFSS 2023–2025 pooled,false,State/territory,https://www.cdc.gov/obesity/media/files/2026/09/6_2023-2025-American-Indian-Native-American.csv,6_2023-2025-American-Indian-Native-American.csv
Kansas,KS,20,Race/Ethnicity,Non-Hispanic American Indian or Alaska Native adults,41.2,34.6,48.0,2023–2025,BRFSS 2023–2025 pooled,false,State/territory,https://www.cdc.gov/obesity/media/files/2026/09/6_2023-2025-American-Indian-Native-American.csv,6_2023-2025-American-Indian-Native-American.csv
Kentucky,KY,21,Race/Ethnicity,Non-Hispanic American Indian or Alaska Native adults,,,,2023–2025,BRFSS 2023–2025 pooled,true,State/territory,https://www.cdc.gov/obesity/media/files/2026/09/6_2023-2025-American-Indian-Native-American.csv,6_2023-2025-American-Indian-Native-American.csv
Louisiana,LA,22,Race/Ethnicity,Non-Hispanic American Indian or Alaska Native adults,36.7,28.1,46.3,2023–2025,BRFSS 2023–2025 pooled,false,State/territory,https://www.cdc.gov/obesity/media/files/2026/09/6_2023-2025-American-Indian-Native-American.csv,6_2023-2025-American-Indian-Native-American.csv
Maine,ME,23,Race/Ethnicity,Non-Hispanic American Indian or Alaska Native adults,37.9,31.0,45.4,2023–2025,BRFSS 2023–2025 pooled,false,State/territory,https://www.cdc.gov/obesity/media/files/2026/09/6_2023-2025-American-Indian-Native-American.csv,6_2023-2025-American-Indian-Native-American.csv
Maryland,MD,24,Race/Ethnicity,Non-Hispanic American Indian or Alaska Native adults,37.4,28.3,47.5,2023–2025,BRFSS 2023–2025 pooled,false,State/territory,https://www.cdc.gov/obesity/media/files/2026/09/6_2023-2025-American-Indian-Native-American.csv,6_2023-2025-American-Indian-Native-American.csv
Massachusetts,MA,25,Race/Ethnicity,Non-Hispanic American Indian or Alaska Native adults,40.3,28.6,53.3,2023–2025,BRFSS 2023–2025 pooled,false,State/territory,https://www.cdc.gov/obesity/media/files/2026/09/6_2023-2025-American-Indian-Native-American.csv,6_2023-2025-American-Indian-Native-American.csv
Michigan,MI,26,Race/Ethnicity,Non-Hispanic American Indian or Alaska Native adults,43,33.5,53.1,2023–2025,BRFSS 2023–2025 pooled,false,State/territory,https://www.cdc.gov/obesity/media/files/2026/09/6_2023-2025-American-Indian-Native-American.csv,6_2023-2025-American-Indian-Native-American.csv
Minnesota,MN,27,Race/Ethnicity,Non-Hispanic American Indian or Alaska Native adults,43.9,37.8,50.2,2023–2025,BRFSS 2023–2025 pooled,false,State/territory,https://www.cdc.gov/obesity/media/files/2026/09/6_2023-2025-American-Indian-Native-American.csv,6_2023-2025-American-Indian-Native-American.csv
Mississippi,MS,28,Race/Ethnicity,Non-Hispanic American Indian or Alaska Native adults,,,,2023–2025,BRFSS 2023–2025 pooled,true,State/territory,https://www.cdc.gov/obesity/media/files/2026/09/6_2023-2025-American-Indian-Native-American.csv,6_2023-2025-American-Indian-Native-American.csv
Missouri,MO,29,Race/Ethnicity,Non-Hispanic American Indian or Alaska Native adults,40.4,30.8,50.9,2023–2025,BRFSS 2023–2025 pooled,false,State/territory,https://www.cdc.gov/obesity/media/files/2026/09/6_2023-2025-American-Indian-Native-American.csv,6_2023-2025-American-Indian-Native-American.csv
Montana,MT,30,Race/Ethnicity,Non-Hispanic American Indian or Alaska Native adults,42.9,39.0,46.9,2023–2025,BRFSS 2023–2025 pooled,false,State/territory,https://www.cdc.gov/obesity/media/files/2026/09/6_2023-2025-American-Indian-Native-American.csv,6_2023-2025-American-Indian-Native-American.csv
Nebraska,NE,31,Race/Ethnicity,Non-Hispanic American Indian or Alaska Native adults,43.3,34.9,52.1,2023–2025,BRFSS 2023–2025 pooled,false,State/territory,https://www.cdc.gov/obesity/media/files/2026/09/6_2023-2025-American-Indian-Native-American.csv,6_2023-2025-American-Indian-Native-American.csv
Nevada,NV,32,Race/Ethnicity,Non-Hispanic American Indian or Alaska Native adults,,,,2023–2025,BRFSS 2023–2025 pooled,true,State/territory,https://www.cdc.gov/obesity/media/files/2026/09/6_2023-2025-American-Indian-Native-American.csv,6_2023-2025-American-Indian-Native-American.csv
New Hampshire,NH,33,Race/Ethnicity,Non-Hispanic American Indian or Alaska Native adults,33.7,20.0,50.9,2023–2025,BRFSS 2023–2025 pooled,false,State/territory,https://www.cdc.gov/obesity/media/files/2026/09/6_2023-2025-American-Indian-Native-American.csv,6_2023-2025-American-Indian-Native-American.csv
New Jersey,NJ,34,Race/Ethnicity,Non-Hispanic American Indian or Alaska Native adults,31.1,19.7,45.4,2023–2025,BRFSS 2023–2025 pooled,false,State/territory,https://www.cdc.gov/obesity/media/files/2026/09/6_2023-2025-American-Indian-Native-American.csv,6_2023-2025-American-Indian-Native-American.csv
New Mexico,NM,35,Race/Ethnicity,Non-Hispanic American Indian or Alaska Native adults,41.3,36.0,46.9,2023–2025,BRFSS 2023–2025 pooled,false,State/territory,https://www.cdc.gov/obesity/media/files/2026/09/6_2023-2025-American-Indian-Native-American.csv,6_2023-2025-American-Indian-Native-American.csv
New York,NY,36,Race/Ethnicity,Non-Hispanic American Indian or Alaska Native adults,34.6,26.7,43.5,2023–2025,BRFSS 2023–2025 pooled,false,State/territory,https://www.cdc.gov/obesity/media/files/2026/09/6_2023-2025-American-Indian-Native-American.csv,6_2023-2025-American-Indian-Native-American.csv
North Carolina,NC,37,Race/Ethnicity,Non-Hispanic American Indian or Alaska Native adults,35,25.5,45.8,2023–2025,BRFSS 2023–2025 pooled,false,State/territory,https://www.cdc.gov/obesity/media/files/2026/09/6_2023-2025-American-Indian-Native-American.csv,6_2023-2025-American-Indian-Native-American.csv
North Dakota,ND,38,Race/Ethnicity,Non-Hispanic American Indian or Alaska Native adults,49.9,44.2,55.6,2023–2025,BRFSS 2023–2025 pooled,false,State/territory,https://www.cdc.gov/obesity/media/files/2026/09/6_2023-2025-American-Indian-Native-American.csv,6_2023-2025-American-Indian-Native-American.csv
Ohio,OH,39,Race/Ethnicity,Non-Hispanic American Indian or Alaska Native adults,38.1,26.3,51.6,2023–2025,BRFSS 2023–2025 pooled,false,State/territory,https://www.cdc.gov/obesity/media/files/2026/09/6_2023-2025-American-Indian-Native-American.csv,6_2023-2025-American-Indian-Native-American.csv
Oklahoma,OK,40,Race/Ethnicity,Non-Hispanic American Indian or Alaska Native adults,38.9,35.6,42.3,2023–2025,BRFSS 2023–2025 pooled,false,State/territory,https://www.cdc.gov/obesity/media/files/2026/09/6_2023-2025-American-Indian-Native-American.csv,6_2023-2025-American-Indian-Native-American.csv
Oregon,OR,41,Race/Ethnicity,Non-Hispanic American Indian or Alaska Native adults,37.9,29.2,47.4,2023–2025,BRFSS 2023–2025 pooled,false,State/territory,https://www.cdc.gov/obesity/media/files/2026/09/6_2023-2025-American-Indian-Native-American.csv,6_2023-2025-American-Indian-Native-American.csv
Pennsylvania,PA,42,Race/Ethnicity,Non-Hispanic American Indian or Alaska Native adults,,,,2023–2025,BRFSS 2023–2025 pooled,true,State/territory,https://www.cdc.gov/obesity/media/files/2026/09/6_2023-2025-American-Indian-Native-American.csv,6_2023-2025-American-Indian-Native-American.csv
Puerto Rico,PR,72,Race/Ethnicity,Non-Hispanic American Indian or Alaska Native adults,,,,2023–2025,BRFSS 2023–2025 pooled,true,State/territory,https://www.cdc.gov/obesity/media/files/2026/09/6_2023-2025-American-Indian-Native-American.csv,6_2023-2025-American-Indian-Native-American.csv
Rhode Island,RI,44,Race/Ethnicity,Non-Hispanic American Indian or Alaska Native adults,39.9,26.4,55.1,2023–2025,BRFSS 2023–2025 pooled,false,State/territory,https://www.cdc.gov/obesity/media/files/2026/09/6_2023-2025-American-Indian-Native-American.csv,6_2023-2025-American-Indian-Native-American.csv
South Carolina,SC,45,Race/Ethnicity,Non-Hispanic American Indian or Alaska Native adults,29.2,20.2,40.2,2023–2025,BRFSS 2023–2025 pooled,false,State/territory,https://www.cdc.gov/obesity/media/files/2026/09/6_2023-2025-American-Indian-Native-American.csv,6_2023-2025-American-Indian-Native-American.csv
South Dakota,SD,46,Race/Ethnicity,Non-Hispanic American Indian or Alaska Native adults,42.8,36.4,49.4,2023–2025,BRFSS 2023–2025 pooled,false,State/territory,https://www.cdc.gov/obesity/media/files/2026/09/6_2023-2025-American-Indian-Native-American.csv,6_2023-2025-American-Indian-Native-American.csv
Tennessee,TN,47,Race/Ethnicity,Non-Hispanic American Indian or Alaska Native adults,,,,2023–2025,BRFSS 2023–2025 pooled,true,State/territory,https://www.cdc.gov/obesity/media/files/2026/09/6_2023-2025-American-Indian-Native-American.csv,6_2023-2025-American-Indian-Native-American.csv
Texas,TX,48,Race/Ethnicity,Non-Hispanic American Indian or Alaska Native adults,39.9,27.5,53.8,2023–2025,BRFSS 2023–2025 pooled,false,State/territory,https://www.cdc.gov/obesity/media/files/2026/09/6_2023-2025-American-Indian-Native-American.csv,6_2023-2025-American-Indian-Native-American.csv
Utah,UT,49,Race/Ethnicity,Non-Hispanic American Indian or Alaska Native adults,38.5,31.5,45.9,2023–2025,BRFSS 2023–2025 pooled,false,State/territory,https://www.cdc.gov/obesity/media/files/2026/09/6_2023-2025-American-Indian-Native-American.csv,6_2023-2025-American-Indian-Native-American.csv
Vermont,VT,50,Race/Ethnicity,Non-Hispanic American Indian or Alaska Native adults,32,21.9,44.0,2023–2025,BRFSS 2023–2025 pooled,false,State/territory,https://www.cdc.gov/obesity/media/files/2026/09/6_2023-2025-American-Indian-Native-American.csv,6_2023-2025-American-Indian-Native-American.csv
Virgin Islands,VI,78,Race/Ethnicity,Non-Hispanic American Indian or Alaska Native adults,,,,2023–2025,BRFSS 2023–2025 pooled,true,State/territory,https://www.cdc.gov/obesity/media/files/2026/09/6_2023-2025-American-Indian-Native-American.csv,6_2023-2025-American-Indian-Native-American.csv
Virginia,VA,51,Race/Ethnicity,Non-Hispanic American Indian or Alaska Native adults,38,27.3,50.1,2023–2025,BRFSS 2023–2025 pooled,false,State/territory,https://www.cdc.gov/obesity/media/files/2026/09/6_2023-2025-American-Indian-Native-American.csv,6_2023-2025-American-Indian-Native-American.csv
Washington,WA,53,Race/Ethnicity,Non-Hispanic American Indian or Alaska Native adults,44.1,39.3,48.9,2023–2025,BRFSS 2023–2025 pooled,false,State/territory,https://www.cdc.gov/obesity/media/files/2026/09/6_2023-2025-American-Indian-Native-American.csv,6_2023-2025-American-Indian-Native-American.csv
West Virginia,WV,54,Race/Ethnicity,Non-Hispanic American Indian or Alaska Native adults,51.6,38.1,64.9,2023–2025,BRFSS 2023–2025 pooled,false,State/territory,https://www.cdc.gov/obesity/media/files/2026/09/6_2023-2025-American-Indian-Native-American.csv,6_2023-2025-American-Indian-Native-American.csv
Wisconsin,WI,55,Race/Ethnicity,Non-Hispanic American Indian or Alaska Native adults,53.1,45.7,60.3,2023–2025,BRFSS 2023–2025 pooled,false,State/territory,https://www.cdc.gov/obesity/media/files/2026/09/6_2023-2025-American-Indian-Native-American.csv,6_2023-2025-American-Indian-Native-American.csv
Wyoming,WY,56,Race/Ethnicity,Non-Hispanic American Indian or Alaska Native adults,43.2,33.1,53.9,2023–2025,BRFSS 2023–2025 pooled,false,State/territory,https://www.cdc.gov/obesity/media/files/2026/09/6_2023-2025-American-Indian-Native-American.csv,6_2023-2025-American-Indian-Native-American.csv
Alabama,AL,01,Race/Ethnicity,Non-Hispanic Black adults,49.2,47.0,51.5,2023–2025,BRFSS 2023–2025 pooled,false,State/territory,https://www.cdc.gov/obesity/media/files/2026/09/8_2023-2025_Black.csv,8_2023-2025_Black.csv
Alaska,AK,02,Race/Ethnicity,Non-Hispanic Black adults,42.7,35.5,50.2,2023–2025,BRFSS 2023–2025 pooled,false,State/territory,https://www.cdc.gov/obesity/media/files/2026/09/8_2023-2025_Black.csv,8_2023-2025_Black.csv
Arizona,AZ,04,Race/Ethnicity,Non-Hispanic Black adults,34.3,28.8,40.3,2023–2025,BRFSS 2023–2025 pooled,false,State/territory,https://www.cdc.gov/obesity/media/files/2026/09/8_2023-2025_Black.csv,8_2023-2025_Black.csv
Arkansas,AR,05,Race/Ethnicity,Non-Hispanic Black adults,46.2,42.9,49.5,2023–2025,BRFSS 2023–2025 pooled,false,State/territory,https://www.cdc.gov/obesity/media/files/2026/09/8_2023-2025_Black.csv,8_2023-2025_Black.csv
California,CA,06,Race/Ethnicity,Non-Hispanic Black adults,,,,2023–2025,BRFSS 2023–2025 pooled,true,State/territory,https://www.cdc.gov/obesity/media/files/2026/09/8_2023-2025_Black.csv,8_2023-2025_Black.csv
Colorado,CO,08,Race/Ethnicity,Non-Hispanic Black adults,29.3,25.7,33.1,2023–2025,BRFSS 2023–2025 pooled,false,State/territory,https://www.cdc.gov/obesity/media/files/2026/09/8_2023-2025_Black.csv,8_2023-2025_Black.csv
Connecticut,CT,09,Race/Ethnicity,Non-Hispanic Black adults,41.3,38.1,44.5,2023–2025,BRFSS 2023–2025 pooled,false,State/territory,https://www.cdc.gov/obesity/media/files/2026/09/8_2023-2025_Black.csv,8_2023-2025_Black.csv
Delaware,DE,10,Race/Ethnicity,Non-Hispanic Black adults,44.9,41.6,48.2,2023–2025,BRFSS 2023–2025 pooled,false,State/territory,https://www.cdc.gov/obesity/media/files/2026/09/8_2023-2025_Black.csv,8_2023-2025_Black.csv
District of Columbia,DC,11,Race/Ethnicity,Non-Hispanic Black adults,37.3,34.9,39.7,2023–2025,BRFSS 2023–2025 pooled,false,State/territory,https://www.cdc.gov/obesity/media/files/2026/09/8_2023-2025_Black.csv,8_2023-2025_Black.csv
Florida,FL,12,Race/Ethnicity,Non-Hispanic Black adults,40.1,36.9,43.3,2023–2025,BRFSS 2023–2025 pooled,false,State/territory,https://www.cdc.gov/obesity/media/files/2026/09/8_2023-2025_Black.csv,8_2023-2025_Black.csv
Georgia,GA,13,Race/Ethnicity,Non-Hispanic Black adults,43,41.0,45.0,2023–2025,BRFSS 2023–2025 pooled,false,State/territory,https://www.cdc.gov/obesity/media/files/2026/09/8_2023-2025_Black.csv,8_2023-2025_Black.csv
Guam,GU,66,Race/Ethnicity,Non-Hispanic Black adults,,,,2023–2025,BRFSS 2023–2025 pooled,true,State/territory,https://www.cdc.gov/obesity/media/files/2026/09/8_2023-2025_Black.csv,8_2023-2025_Black.csv
Hawaii,HI,15,Race/Ethnicity,Non-Hispanic Black adults,34,26.5,42.4,2023–2025,BRFSS 2023–2025 pooled,false,State/territory,https://www.cdc.gov/obesity/media/files/2026/09/8_2023-2025_Black.csv,8_2023-2025_Black.csv
Idaho,ID,16,Race/Ethnicity,Non-Hispanic Black adults,25.1,14.2,40.6,2023–2025,BRFSS 2023–2025 pooled,false,State/territory,https://www.cdc.gov/obesity/media/files/2026/09/8_2023-2025_Black.csv,8_2023-2025_Black.csv
Illinois,IL,17,Race/Ethnicity,Non-Hispanic Black adults,42.8,40.3,45.3,2023–2025,BRFSS 2023–2025 pooled,false,State/territory,https://www.cdc.gov/obesity/media/files/2026/09/8_2023-2025_Black.csv,8_2023-2025_Black.csv
Indiana,IN,18,Race/Ethnicity,Non-Hispanic Black adults,45.2,42.1,48.2,2023–2025,BRFSS 2023–2025 pooled,false,State/territory,https://www.cdc.gov/obesity/media/files/2026/09/8_2023-2025_Black.csv,8_2023-2025_Black.csv
Iowa,IA,19,Race/Ethnicity,Non-Hispanic Black adults,41.8,37.0,46.6,2023–2025,BRFSS 2023–2025 pooled,false,State/territory,https://www.cdc.gov/obesity/media/files/2026/09/8_2023-2025_Black.csv,8_2023-2025_Black.csv
Kansas,KS,20,Race/Ethnicity,Non-Hispanic Black adults,43.2,39.3,47.2,2023–2025,BRFSS 2023–2025 pooled,false,State/territory,https://www.cdc.gov/obesity/media/files/2026/09/8_2023-2025_Black.csv,8_2023-2025_Black.csv
Kentucky,KY,21,Race/Ethnicity,Non-Hispanic Black adults,,,,2023–2025,BRFSS 2023–2025 pooled,true,State/territory,https://www.cdc.gov/obesity/media/files/2026/09/8_2023-2025_Black.csv,8_2023-2025_Black.csv
Louisiana,LA,22,Race/Ethnicity,Non-Hispanic Black adults,46.6,44.4,48.8,2023–2025,BRFSS 2023–2025 pooled,false,State/territory,https://www.cdc.gov/obesity/media/files/2026/09/8_2023-2025_Black.csv,8_2023-2025_Black.csv
Maine,ME,23,Race/Ethnicity,Non-Hispanic Black adults,29.9,23.2,37.5,2023–2025,BRFSS 2023–2025 pooled,false,State/territory,https://www.cdc.gov/obesity/media/files/2026/09/8_2023-2025_Black.csv,8_2023-2025_Black.csv
Maryland,MD,24,Race/Ethnicity,Non-Hispanic Black adults,40.9,39.4,42.4,2023–2025,BRFSS 2023–2025 pooled,false,State/territory,https://www.cdc.gov/obesity/media/files/2026/09/8_2023-2025_Black.csv,8_2023-2025_Black.csv
Massachusetts,MA,25,Race/Ethnicity,Non-Hispanic Black adults,34.7,31.5,38.0,2023–2025,BRFSS 2023–2025 pooled,false,State/territory,https://www.cdc.gov/obesity/media/files/2026/09/8_2023-2025_Black.csv,8_2023-2025_Black.csv
Michigan,MI,26,Race/Ethnicity,Non-Hispanic Black adults,44,41.4,46.5,2023–2025,BRFSS 2023–2025 pooled,false,State/territory,https://www.cdc.gov/obesity/media/files/2026/09/8_2023-2025_Black.csv,8_2023-2025_Black.csv
Minnesota,MN,27,Race/Ethnicity,Non-Hispanic Black adults,35.2,32.4,38.2,2023–2025,BRFSS 2023–2025 pooled,false,State/territory,https://www.cdc.gov/obesity/media/files/2026/09/8_2023-2025_Black.csv,8_2023-2025_Black.csv
Mississippi,MS,28,Race/Ethnicity,Non-Hispanic Black adults,,,,2023–2025,BRFSS 2023–2025 pooled,true,State/territory,https://www.cdc.gov/obesity/media/files/2026/09/8_2023-2025_Black.csv,8_2023-2025_Black.csv
Missouri,MO,29,Race/Ethnicity,Non-Hispanic Black adults,43.8,40.7,47.0,2023–2025,BRFSS 2023–2025 pooled,false,State/territory,https://www.cdc.gov/obesity/media/files/2026/09/8_2023-2025_Black.csv,8_2023-2025_Black.csv
Montana,MT,30,Race/Ethnicity,Non-Hispanic Black adults,37.2,22.9,54.2,2023–2025,BRFSS 2023–2025 pooled,false,State/territory,https://www.cdc.gov/obesity/media/files/2026/09/8_2023-2025_Black.csv,8_2023-2025_Black.csv
Nebraska,NE,31,Race/Ethnicity,Non-Hispanic Black adults,40.3,35.9,44.9,2023–2025,BRFSS 2023–2025 pooled,false,State/territory,https://www.cdc.gov/obesity/media/files/2026/09/8_2023-2025_Black.csv,8_2023-2025_Black.csv
Nevada,NV,32,Race/Ethnicity,Non-Hispanic Black adults,,,,2023–2025,BRFSS 2023–2025 pooled,true,State/territory,https://www.cdc.gov/obesity/media/files/2026/09/8_2023-2025_Black.csv,8_2023-2025_Black.csv
New Hampshire,NH,33,Race/Ethnicity,Non-Hispanic Black adults,31.3,20.1,45.3,2023–2025,BRFSS 2023–2025 pooled,false,State/territory,https://www.cdc.gov/obesity/media/files/2026/09/8_2023-2025_Black.csv,8_2023-2025_Black.csv
New Jersey,NJ,34,Race/Ethnicity,Non-Hispanic Black adults,37.6,34.9,40.3,2023–2025,BRFSS 2023–2025 pooled,false,State/territory,https://www.cdc.gov/obesity/media/files/2026/09/8_2023-2025_Black.csv,8_2023-2025_Black.csv
New Mexico,NM,35,Race/Ethnicity,Non-Hispanic Black adults,42,31.4,53.5,2023–2025,BRFSS 2023–2025 pooled,false,State/territory,https://www.cdc.gov/obesity/media/files/2026/09/8_2023-2025_Black.csv,8_2023-2025_Black.csv
New York,NY,36,Race/Ethnicity,Non-Hispanic Black adults,36,34.4,37.7,2023–2025,BRFSS 2023–2025 pooled,false,State/territory,https://www.cdc.gov/obesity/media/files/2026/09/8_2023-2025_Black.csv,8_2023-2025_Black.csv
North Carolina,NC,37,Race/Ethnicity,Non-Hispanic Black adults,46,43.1,48.9,2023–2025,BRFSS 2023–2025 pooled,false,State/territory,https://www.cdc.gov/obesity/media/files/2026/09/8_2023-2025_Black.csv,8_2023-2025_Black.csv
North Dakota,ND,38,Race/Ethnicity,Non-Hispanic Black adults,30.1,23.7,37.3,2023–2025,BRFSS 2023–2025 pooled,false,State/territory,https://www.cdc.gov/obesity/media/files/2026/09/8_2023-2025_Black.csv,8_2023-2025_Black.csv
Ohio,OH,39,Race/Ethnicity,Non-Hispanic Black adults,41.5,38.5,44.7,2023–2025,BRFSS 2023–2025 pooled,false,State/territory,https://www.cdc.gov/obesity/media/files/2026/09/8_2023-2025_Black.csv,8_2023-2025_Black.csv
Oklahoma,OK,40,Race/Ethnicity,Non-Hispanic Black adults,44.7,40.7,48.8,2023–2025,BRFSS 2023–2025 pooled,false,State/territory,https://www.cdc.gov/obesity/media/files/2026/09/8_2023-2025_Black.csv,8_2023-2025_Black.csv
Oregon,OR,41,Race/Ethnicity,Non-Hispanic Black adults,38,30.2,46.4,2023–2025,BRFSS 2023–2025 pooled,false,State/territory,https://www.cdc.gov/obesity/media/files/2026/09/8_2023-2025_Black.csv,8_2023-2025_Black.csv
Pennsylvania,PA,42,Race/Ethnicity,Non-Hispanic Black adults,,,,2023–2025,BRFSS 2023–2025 pooled,true,State/territory,https://www.cdc.gov/obesity/media/files/2026/09/8_2023-2025_Black.csv,8_2023-2025_Black.csv
Puerto Rico,PR,72,Race/Ethnicity,Non-Hispanic Black adults,,,,2023–2025,BRFSS 2023–2025 pooled,true,State/territory,https://www.cdc.gov/obesity/media/files/2026/09/8_2023-2025_Black.csv,8_2023-2025_Black.csv
Rhode Island,RI,44,Race/Ethnicity,Non-Hispanic Black adults,36,31.1,41.1,2023–2025,BRFSS 2023–2025 pooled,false,State/territory,https://www.cdc.gov/obesity/media/files/2026/09/8_2023-2025_Black.csv,8_2023-2025_Black.csv
South Carolina,SC,45,Race/Ethnicity,Non-Hispanic Black adults,47.5,44.4,50.6,2023–2025,BRFSS 2023–2025 pooled,false,State/territory,https://www.cdc.gov/obesity/media/files/2026/09/8_2023-2025_Black.csv,8_2023-2025_Black.csv
South Dakota,SD,46,Race/Ethnicity,Non-Hispanic Black adults,20.3,11.0,34.5,2023–2025,BRFSS 2023–2025 pooled,false,State/territory,https://www.cdc.gov/obesity/media/files/2026/09/8_2023-2025_Black.csv,8_2023-2025_Black.csv
Tennessee,TN,47,Race/Ethnicity,Non-Hispanic Black adults,,,,2023–2025,BRFSS 2023–2025 pooled,true,State/territory,https://www.cdc.gov/obesity/media/files/2026/09/8_2023-2025_Black.csv,8_2023-2025_Black.csv
Texas,TX,48,Race/Ethnicity,Non-Hispanic Black adults,43.7,40.3,47.0,2023–2025,BRFSS 2023–2025 pooled,false,State/territory,https://www.cdc.gov/obesity/media/files/2026/09/8_2023-2025_Black.csv,8_2023-2025_Black.csv
Utah,UT,49,Race/Ethnicity,Non-Hispanic Black adults,37.4,29.9,45.6,2023–2025,BRFSS 2023–2025 pooled,false,State/territory,https://www.cdc.gov/obesity/media/files/2026/09/8_2023-2025_Black.csv,8_2023-2025_Black.csv
Vermont,VT,50,Race/Ethnicity,Non-Hispanic Black adults,23.6,16.5,32.5,2023–2025,BRFSS 2023–2025 pooled,false,State/territory,https://www.cdc.gov/obesity/media/files/2026/09/8_2023-2025_Black.csv,8_2023-2025_Black.csv
Virgin Islands,VI,78,Race/Ethnicity,Non-Hispanic Black adults,,,,2023–2025,BRFSS 2023–2025 pooled,true,State/territory,https://www.cdc.gov/obesity/media/files/2026/09/8_2023-2025_Black.csv,8_2023-2025_Black.csv
Virginia,VA,51,Race/Ethnicity,Non-Hispanic Black adults,44.4,41.7,47.1,2023–2025,BRFSS 2023–2025 pooled,false,State/territory,https://www.cdc.gov/obesity/media/files/2026/09/8_2023-2025_Black.csv,8_2023-2025_Black.csv
Washington,WA,53,Race/Ethnicity,Non-Hispanic Black adults,37.5,34.7,40.3,2023–2025,BRFSS 2023–2025 pooled,false,State/territory,https://www.cdc.gov/obesity/media/files/2026/09/8_2023-2025_Black.csv,8_2023-2025_Black.csv
West Virginia,WV,54,Race/Ethnicity,Non-Hispanic Black adults,41.5,34.9,48.4,2023–2025,BRFSS 2023–2025 pooled,false,State/territory,https://www.cdc.gov/obesity/media/files/2026/09/8_2023-2025_Black.csv,8_2023-2025_Black.csv
Wisconsin,WI,55,Race/Ethnicity,Non-Hispanic Black adults,44.1,40.8,47.5,2023–2025,BRFSS 2023–2025 pooled,false,State/territory,https://www.cdc.gov/obesity/media/files/2026/09/8_2023-2025_Black.csv,8_2023-2025_Black.csv
Wyoming,WY,56,Race/Ethnicity,Non-Hispanic Black adults,38.2,23.9,54.9,2023–2025,BRFSS 2023–2025 pooled,false,State/territory,https://www.cdc.gov/obesity/media/files/2026/09/8_2023-2025_Black.csv,8_2023-2025_Black.csv
United States,US,US,Education,Adults without a high school diploma or equivalent,38.1,,,2025,BRFSS 2025,false,National only,https://www.cdc.gov/obesity/data-and-statistics/adult-obesity-prevalence-maps.html,CDC page national education summary
United States,US,US,Education,Adults with a high school diploma or equivalent,35.1,,,2025,BRFSS 2025,false,National only,https://www.cdc.gov/obesity/data-and-statistics/adult-obesity-prevalence-maps.html,CDC page national education summary
United States,US,US,Education,Adults with some college education,36.8,,,2025,BRFSS 2025,false,National only,https://www.cdc.gov/obesity/data-and-statistics/adult-obesity-prevalence-maps.html,CDC page national education summary
United States,US,US,Education,College graduates,27.8,,,2025,BRFSS 2025,false,National only,https://www.cdc.gov/obesity/data-and-statistics/adult-obesity-prevalence-maps.html,CDC page national education summary
