passage_id,neighbor_rank,neighbor_id,similarity
p0001,1,p0003,0.7602
p0001,2,p0011,0.6168
p0001,3,p0002,0.6068
p0001,4,p0198,0.5812
p0001,5,p0015,0.5766
p0002,1,p0012,0.8058
p0002,2,p0005,0.8031
p0002,3,p0015,0.7842
p0002,4,p0017,0.768
p0002,5,p0036,0.7515
p0003,1,p0011,0.787
p0003,2,p0001,0.7602
p0003,3,p0002,0.7511
p0003,4,p0015,0.7431
p0003,5,p0195,0.7336
p0004,1,p0187,0.5934
p0004,2,p0194,0.5531
p0004,3,p0934,0.5338
p0004,4,p0933,0.5215
p0004,5,p0935,0.518
p0005,1,p0002,0.8031
p0005,2,p0031,0.7935
p0005,3,p0015,0.7889
p0005,4,p0014,0.7674
p0005,5,p0007,0.767
p0006,1,p0005,0.7428
p0006,2,p0002,0.6969
p0006,3,p0036,0.6846
p0006,4,p0019,0.6579
p0006,5,p0013,0.6571
p0007,1,p0005,0.767
p0007,2,p0036,0.6924
p0007,3,p0031,0.6872
p0007,4,p0183,0.6851
p0007,5,p0052,0.6812
p0008,1,p0005,0.5333
p0008,2,p0002,0.4728
p0008,3,p0987,0.4566
p0008,4,p0007,0.444
p0008,5,p0031,0.4359
p0009,1,p0002,0.5672
p0009,2,p0031,0.493
p0009,3,p0381,0.4841
p0009,4,p0211,0.4719
p0009,5,p0050,0.4714
p0010,1,p0006,0.5113
p0010,2,p0195,0.5088
p0010,3,p0005,0.4762
p0010,4,p0003,0.4636
p0010,5,p0198,0.4413
p0011,1,p0003,0.787
p0011,2,p0209,0.7599
p0011,3,p0002,0.727
p0011,4,p0015,0.7265
p0011,5,p0069,0.7177
p0012,1,p0015,0.8149
p0012,2,p0002,0.8058
p0012,3,p0017,0.7893
p0012,4,p0019,0.7512
p0012,5,p0005,0.7283
p0013,1,p0002,0.7504
p0013,2,p0017,0.7419
p0013,3,p0015,0.7358
p0013,4,p0005,0.732
p0013,5,p0012,0.7014
p0014,1,p0031,0.8127
p0014,2,p0084,0.7931
p0014,3,p0146,0.7754
p0014,4,p0072,0.775
p0014,5,p0023,0.7716
p0015,1,p0012,0.8149
p0015,2,p0005,0.7889
p0015,3,p0002,0.7842
p0015,4,p0019,0.7503
p0015,5,p0003,0.7431
p0016,1,p0029,0.5508
p0016,2,p0018,0.5495
p0016,3,p0756,0.5141
p0016,4,p0192,0.5038
p0016,5,p0167,0.4983
p0017,1,p0012,0.7893
p0017,2,p0002,0.768
p0017,3,p0013,0.7419
p0017,4,p0015,0.7351
p0017,5,p0019,0.7271
p0018,1,p0971,0.5778
p0018,2,p0029,0.5554
p0018,3,p0016,0.5495
p0018,4,p0020,0.5478
p0018,5,p0976,0.5348
p0019,1,p0012,0.7512
p0019,2,p0015,0.7503
p0019,3,p0017,0.7271
p0019,4,p0005,0.7054
p0019,5,p0002,0.7042
p0020,1,p0021,0.6586
p0020,2,p0035,0.6503
p0020,3,p0028,0.6264
p0020,4,p0022,0.5846
p0020,5,p0106,0.577
p0021,1,p0025,0.749
p0021,2,p0022,0.7154
p0021,3,p0245,0.6884
p0021,4,p0034,0.6659
p0021,5,p0020,0.6586
p0022,1,p0021,0.7154
p0022,2,p0034,0.672
p0022,3,p0277,0.651
p0022,4,p0028,0.6471
p0022,5,p0265,0.644
p0023,1,p0031,0.8995
p0023,2,p0033,0.8304
p0023,3,p0084,0.8287
p0023,4,p0081,0.7722
p0023,5,p0014,0.7716
p0024,1,p0986,0.7014
p0024,2,p0032,0.6168
p0024,3,p0385,0.6128
p0024,4,p0076,0.5427
p0024,5,p0383,0.5403
p0025,1,p0021,0.749
p0025,2,p0361,0.5753
p0025,3,p0469,0.5697
p0025,4,p0353,0.5688
p0025,5,p0359,0.563
p0026,1,p0073,0.6989
p0026,2,p0084,0.6942
p0026,3,p0031,0.6929
p0026,4,p0027,0.6911
p0026,5,p0033,0.6754
p0027,1,p0086,0.7584
p0027,2,p0211,0.7333
p0027,3,p0079,0.7236
p0027,4,p0380,0.7164
p0027,5,p0026,0.6911
p0028,1,p0439,0.6633
p0028,2,p0438,0.6486
p0028,3,p0022,0.6471
p0028,4,p0619,0.6407
p0028,5,p0020,0.6264
p0029,1,p0017,0.6902
p0029,2,p0197,0.645
p0029,3,p0172,0.6345
p0029,4,p0167,0.632
p0029,5,p0188,0.6157
p0030,1,p0029,0.6103
p0030,2,p0334,0.5844
p0030,3,p0333,0.5755
p0030,4,p0265,0.5417
p0030,5,p0285,0.5281
p0031,1,p0023,0.8995
p0031,2,p0084,0.8455
p0031,3,p0033,0.8412
p0031,4,p0014,0.8127
p0031,5,p0005,0.7935
p0032,1,p0031,0.7693
p0032,2,p0381,0.7468
p0032,3,p0023,0.7106
p0032,4,p0124,0.7046
p0032,5,p0033,0.7045
p0033,1,p0084,0.8963
p0033,2,p0182,0.861
p0033,3,p0031,0.8412
p0033,4,p0081,0.8323
p0033,5,p0023,0.8304
p0034,1,p0245,0.7273
p0034,2,p0782,0.6838
p0034,3,p0265,0.6832
p0034,4,p0277,0.6723
p0034,5,p0022,0.672
p0035,1,p0020,0.6503
p0035,2,p0029,0.5963
p0035,3,p0109,0.5948
p0035,4,p0101,0.5579
p0035,5,p0092,0.5464
p0036,1,p0002,0.7515
p0036,2,p0005,0.7506
p0036,3,p0003,0.7121
p0036,4,p0015,0.7102
p0036,5,p0011,0.6987
p0037,1,p0072,0.6504
p0037,2,p0036,0.6406
p0037,3,p0084,0.6386
p0037,4,p0014,0.6344
p0037,5,p0146,0.6322
p0038,1,p0039,0.6353
p0038,2,p0044,0.5362
p0038,3,p0091,0.5323
p0038,4,p0049,0.5269
p0038,5,p0048,0.5158
p0039,1,p0036,0.6815
p0039,2,p0044,0.6732
p0039,3,p0038,0.6353
p0039,4,p0047,0.6274
p0039,5,p0072,0.6149
p0040,1,p0046,0.7192
p0040,2,p0076,0.574
p0040,3,p0045,0.5566
p0040,4,p0044,0.5258
p0040,5,p0077,0.5211
p0041,1,p0044,0.6809
p0041,2,p0045,0.6048
p0041,3,p0048,0.4677
p0041,4,p0471,0.4677
p0041,5,p0079,0.4629
p0042,1,p0076,0.5461
p0042,2,p0441,0.5025
p0042,3,p0440,0.4953
p0042,4,p0671,0.482
p0042,5,p0116,0.4701
p0043,1,p0183,0.5926
p0043,2,p0073,0.5909
p0043,3,p0123,0.5686
p0043,4,p0125,0.5522
p0043,5,p0077,0.5511
p0044,1,p0045,0.8443
p0044,2,p0041,0.6809
p0044,3,p0039,0.6732
p0044,4,p0078,0.5952
p0044,5,p0079,0.5894
p0045,1,p0044,0.8443
p0045,2,p0039,0.6141
p0045,3,p0041,0.6048
p0045,4,p0040,0.5566
p0045,5,p0152,0.5416
p0046,1,p0040,0.7192
p0046,2,p0175,0.4412
p0046,3,p0986,0.4383
p0046,4,p0091,0.4337
p0046,5,p0045,0.4138
p0047,1,p0031,0.7099
p0047,2,p0005,0.6819
p0047,3,p0084,0.6793
p0047,4,p0077,0.6752
p0047,5,p0073,0.6744
p0048,1,p0047,0.6119
p0048,2,p0050,0.592
p0048,3,p0049,0.5912
p0048,4,p0055,0.5813
p0048,5,p0181,0.5795
p0049,1,p0048,0.5912
p0049,2,p0047,0.5297
p0049,3,p0038,0.5269
p0049,4,p0050,0.5211
p0049,5,p0181,0.4939
p0050,1,p0181,0.6623
p0050,2,p0054,0.6363
p0050,3,p0055,0.5962
p0050,4,p0062,0.5928
p0050,5,p0048,0.592
p0051,1,p0050,0.5077
p0051,2,p0062,0.504
p0051,3,p0054,0.4844
p0051,4,p0185,0.4428
p0051,5,p0061,0.4394
p0052,1,p0180,0.7891
p0052,2,p0182,0.6853
p0052,3,p0007,0.6812
p0052,4,p0033,0.6711
p0052,5,p0081,0.6661
p0053,1,p0054,0.7242
p0053,2,p0050,0.5909
p0053,3,p0058,0.5498
p0053,4,p0038,0.4733
p0053,5,p0055,0.4603
p0054,1,p0053,0.7242
p0054,2,p0058,0.7128
p0054,3,p0180,0.6421
p0054,4,p0050,0.6363
p0054,5,p0052,0.5115
p0055,1,p0056,0.7077
p0055,2,p0050,0.5962
p0055,3,p0048,0.5813
p0055,4,p0181,0.5525
p0055,5,p0059,0.5282
p0056,1,p0057,0.7172
p0056,2,p0055,0.7077
p0056,3,p0050,0.5423
p0056,4,p0068,0.5403
p0056,5,p0054,0.4924
p0057,1,p0056,0.7172
p0057,2,p0068,0.5973
p0057,3,p0065,0.5439
p0057,4,p0141,0.5408
p0057,5,p0135,0.5281
p0058,1,p0054,0.7128
p0058,2,p0052,0.5887
p0058,3,p0053,0.5498
p0058,4,p0180,0.5343
p0058,5,p0055,0.5149
p0059,1,p0185,0.5588
p0059,2,p0050,0.5401
p0059,3,p0055,0.5282
p0059,4,p0038,0.5139
p0059,5,p0207,0.5123
p0060,1,p0185,0.5139
p0060,2,p0180,0.5087
p0060,3,p0064,0.4779
p0060,4,p0062,0.4586
p0060,5,p0065,0.4458
p0061,1,p0177,0.5768
p0061,2,p0176,0.569
p0061,3,p0181,0.5327
p0061,4,p0175,0.512
p0061,5,p0050,0.4626
p0062,1,p0065,0.6028
p0062,2,p0050,0.5928
p0062,3,p0064,0.5582
p0062,4,p0185,0.5458
p0062,5,p0063,0.5312
p0063,1,p0064,0.6828
p0063,2,p0062,0.5312
p0063,3,p0057,0.5094
p0063,4,p0058,0.502
p0063,5,p0056,0.4902
p0064,1,p0063,0.6828
p0064,2,p0062,0.5582
p0064,3,p0060,0.4779
p0064,4,p0065,0.4663
p0064,5,p0056,0.4222
p0065,1,p0068,0.6617
p0065,2,p0062,0.6028
p0065,3,p0129,0.5987
p0065,4,p0141,0.596
p0065,5,p0089,0.5804
p0066,1,p0068,0.7048
p0066,2,p0142,0.6949
p0066,3,p0141,0.6082
p0066,4,p0177,0.5941
p0066,5,p0182,0.5792
p0067,1,p0068,0.6355
p0067,2,p0066,0.5118
p0067,3,p0141,0.5063
p0067,4,p0142,0.4821
p0067,5,p0057,0.4718
p0068,1,p0142,0.7232
p0068,2,p0141,0.7122
p0068,3,p0066,0.7048
p0068,4,p0144,0.701
p0068,5,p0065,0.6617
p0069,1,p0011,0.7177
p0069,2,p0157,0.6793
p0069,3,p0209,0.6654
p0069,4,p0125,0.5895
p0069,5,p0137,0.5661
p0070,1,p0158,0.7797
p0070,2,p0071,0.7187
p0070,3,p0157,0.5604
p0070,4,p0162,0.5476
p0070,5,p0161,0.5453
p0071,1,p0158,0.7502
p0071,2,p0070,0.7187
p0071,3,p0157,0.5834
p0071,4,p0161,0.5209
p0071,5,p0135,0.5111
p0072,1,p0014,0.775
p0072,2,p0084,0.7644
p0072,3,p0023,0.7579
p0072,4,p0077,0.7454
p0072,5,p0083,0.7407
p0073,1,p0077,0.8662
p0073,2,p0083,0.8309
p0073,3,p0084,0.819
p0073,4,p0033,0.8164
p0073,5,p0031,0.7753
p0074,1,p0077,0.842
p0074,2,p0083,0.803
p0074,3,p0073,0.7749
p0074,4,p0182,0.7319
p0074,5,p0084,0.7085
p0075,1,p0080,0.8097
p0075,2,p0073,0.7671
p0075,3,p0183,0.7502
p0075,4,p0077,0.7497
p0075,5,p0084,0.7418
p0076,1,p0073,0.7735
p0076,2,p0077,0.7729
p0076,3,p0083,0.7415
p0076,4,p0084,0.7034
p0076,5,p0075,0.6805
p0077,1,p0083,0.9107
p0077,2,p0073,0.8662
p0077,3,p0074,0.842
p0077,4,p0084,0.8169
p0077,5,p0182,0.7937
p0078,1,p0079,0.7894
p0078,2,p0211,0.744
p0078,3,p0467,0.6403
p0078,4,p0471,0.6385
p0078,5,p0474,0.6203
p0079,1,p0078,0.7894
p0079,2,p0027,0.7236
p0079,3,p0211,0.6864
p0079,4,p0086,0.6797
p0079,5,p0026,0.6572
p0080,1,p0075,0.8097
p0080,2,p0073,0.7427
p0080,3,p0183,0.7234
p0080,4,p0014,0.7222
p0080,5,p0084,0.7185
p0081,1,p0182,0.8725
p0081,2,p0082,0.8713
p0081,3,p0033,0.8323
p0081,4,p0084,0.8129
p0081,5,p0023,0.7722
p0082,1,p0182,0.8911
p0082,2,p0081,0.8713
p0082,3,p0033,0.8069
p0082,4,p0077,0.7721
p0082,5,p0084,0.7623
p0083,1,p0077,0.9107
p0083,2,p0073,0.8309
p0083,3,p0084,0.8146
p0083,4,p0074,0.803
p0083,5,p0033,0.7681
p0084,1,p0033,0.8963
p0084,2,p0182,0.8458
p0084,3,p0031,0.8455
p0084,4,p0023,0.8287
p0084,5,p0073,0.819
p0085,1,p0182,0.8502
p0085,2,p0184,0.8352
p0085,3,p0084,0.812
p0085,4,p0175,0.7986
p0085,5,p0125,0.7716
p0086,1,p0027,0.7584
p0086,2,p0182,0.725
p0086,3,p0084,0.7232
p0086,4,p0085,0.706
p0086,5,p0031,0.6896
p0087,1,p0082,0.731
p0087,2,p0182,0.7196
p0087,3,p0143,0.7039
p0087,4,p0023,0.6993
p0087,5,p0146,0.6938
p0088,1,p0109,0.5534
p0088,2,p0116,0.544
p0088,3,p0035,0.5252
p0088,4,p0101,0.5211
p0088,5,p0215,0.5124
p0089,1,p0140,0.7212
p0089,2,p0134,0.7054
p0089,3,p0163,0.6869
p0089,4,p0142,0.6869
p0089,5,p0121,0.6659
p0090,1,p0113,0.52
p0090,2,p0111,0.5047
p0090,3,p0114,0.4934
p0090,4,p0159,0.489
p0090,5,p0089,0.4471
p0091,1,p0986,0.6144
p0091,2,p0089,0.5954
p0091,3,p0979,0.5901
p0091,4,p0177,0.5847
p0091,5,p0140,0.579
p0092,1,p0093,0.7483
p0092,2,p0121,0.7467
p0092,3,p0128,0.7367
p0092,4,p0094,0.7317
p0092,5,p0129,0.7191
p0093,1,p0139,0.8055
p0093,2,p0092,0.7483
p0093,3,p0133,0.7411
p0093,4,p0094,0.6881
p0093,5,p0132,0.6842
p0094,1,p0092,0.7317
p0094,2,p0095,0.7205
p0094,3,p0093,0.6881
p0094,4,p0129,0.6631
p0094,5,p0099,0.6594
p0095,1,p0099,0.8688
p0095,2,p0096,0.7508
p0095,3,p0094,0.7205
p0095,4,p0092,0.7013
p0095,5,p0082,0.6817
p0096,1,p0095,0.7508
p0096,2,p0144,0.7026
p0096,3,p0141,0.6788
p0096,4,p0098,0.6525
p0096,5,p0094,0.632
p0097,1,p0111,0.5793
p0097,2,p0204,0.5083
p0097,3,p0098,0.4598
p0097,4,p0090,0.4171
p0097,5,p0110,0.3982
p0098,1,p0144,0.7679
p0098,2,p0143,0.7454
p0098,3,p0141,0.7263
p0098,4,p0142,0.6631
p0098,5,p0096,0.6525
p0099,1,p0095,0.8688
p0099,2,p0128,0.7776
p0099,3,p0077,0.7515
p0099,4,p0084,0.7421
p0099,5,p0033,0.7329
p0100,1,p0167,0.4659
p0100,2,p0246,0.4369
p0100,3,p0166,0.4355
p0100,4,p0176,0.435
p0100,5,p0049,0.4269
p0101,1,p0350,0.6397
p0101,2,p0124,0.6309
p0101,3,p0109,0.6239
p0101,4,p0073,0.6196
p0101,5,p0363,0.6185
p0102,1,p0103,0.7929
p0102,2,p0084,0.7528
p0102,3,p0014,0.7128
p0102,4,p0183,0.7124
p0102,5,p0083,0.7084
p0103,1,p0102,0.7929
p0103,2,p0124,0.7149
p0103,3,p0117,0.6917
p0103,4,p0125,0.6868
p0103,5,p0121,0.68
p0104,1,p0105,0.6916
p0104,2,p0092,0.5319
p0104,3,p0145,0.529
p0104,4,p0035,0.5288
p0104,5,p0101,0.5234
p0105,1,p0104,0.6916
p0105,2,p0182,0.6908
p0105,3,p0084,0.6878
p0105,4,p0074,0.6818
p0105,5,p0085,0.664
p0106,1,p0976,0.6681
p0106,2,p0967,0.668
p0106,3,p0467,0.6585
p0106,4,p0969,0.625
p0106,5,p0469,0.6171
p0107,1,p0611,0.5667
p0107,2,p0380,0.5603
p0107,3,p0962,0.5422
p0107,4,p0960,0.5327
p0107,5,p0476,0.5326
p0108,1,p0106,0.5371
p0108,2,p0977,0.5049
p0108,3,p0104,0.5003
p0108,4,p0034,0.4931
p0108,5,p0092,0.489
p0109,1,p0077,0.7411
p0109,2,p0099,0.7142
p0109,3,p0084,0.7113
p0109,4,p0163,0.7086
p0109,5,p0083,0.6992
p0110,1,p0111,0.676
p0110,2,p0144,0.6264
p0110,3,p0164,0.5956
p0110,4,p0143,0.5911
p0110,5,p0098,0.5871
p0111,1,p0110,0.676
p0111,2,p0098,0.6306
p0111,3,p0144,0.6171
p0111,4,p0097,0.5793
p0111,5,p0113,0.5574
p0112,1,p0115,0.6526
p0112,2,p0984,0.5499
p0112,3,p0979,0.4964
p0112,4,p0982,0.4907
p0112,5,p0088,0.472
p0113,1,p0114,0.7672
p0113,2,p0141,0.6411
p0113,3,p0144,0.6216
p0113,4,p0115,0.5965
p0113,5,p0140,0.592
p0114,1,p0113,0.7672
p0114,2,p0134,0.7006
p0114,3,p0139,0.6946
p0114,4,p0133,0.6881
p0114,5,p0140,0.6867
p0115,1,p0112,0.6526
p0115,2,p0113,0.5965
p0115,3,p0982,0.5652
p0115,4,p0979,0.551
p0115,5,p0144,0.5427
p0116,1,p0156,0.5989
p0116,2,p0088,0.544
p0116,3,p0114,0.521
p0116,4,p0159,0.5173
p0116,5,p0139,0.5159
p0117,1,p0103,0.6917
p0117,2,p0118,0.6793
p0117,3,p0124,0.6512
p0117,4,p0121,0.6405
p0117,5,p0127,0.6374
p0118,1,p0120,0.7663
p0118,2,p0136,0.7138
p0118,3,p0130,0.7019
p0118,4,p0117,0.6793
p0118,5,p0127,0.6617
p0119,1,p0183,0.689
p0119,2,p0075,0.6451
p0119,3,p0120,0.6447
p0119,4,p0147,0.616
p0119,5,p0151,0.6159
p0120,1,p0118,0.7663
p0120,2,p0032,0.6456
p0120,3,p0119,0.6447
p0120,4,p0124,0.6312
p0120,5,p0381,0.6057
p0121,1,p0128,0.7714
p0121,2,p0033,0.7622
p0121,3,p0084,0.7587
p0121,4,p0077,0.7578
p0121,5,p0092,0.7467
p0122,1,p0125,0.8938
p0122,2,p0184,0.8526
p0122,3,p0123,0.8126
p0122,4,p0183,0.802
p0122,5,p0085,0.7468
p0123,1,p0125,0.9482
p0123,2,p0184,0.9391
p0123,3,p0122,0.8126
p0123,4,p0183,0.7458
p0123,5,p0085,0.7333
p0124,1,p0121,0.7226
p0124,2,p0103,0.7149
p0124,3,p0032,0.7046
p0124,4,p0092,0.6676
p0124,5,p0211,0.6641
p0125,1,p0123,0.9482
p0125,2,p0184,0.9396
p0125,3,p0122,0.8938
p0125,4,p0183,0.776
p0125,5,p0085,0.7716
p0126,1,p0141,0.6801
p0126,2,p0098,0.5632
p0126,3,p0144,0.5197
p0126,4,p0977,0.4565
p0126,5,p0089,0.4564
p0127,1,p0129,0.7457
p0127,2,p0137,0.6969
p0127,3,p0131,0.6938
p0127,4,p0132,0.6921
p0127,5,p0136,0.6912
p0128,1,p0099,0.7776
p0128,2,p0121,0.7714
p0128,3,p0033,0.7673
p0128,4,p0077,0.7413
p0128,5,p0092,0.7367
p0129,1,p0127,0.7457
p0129,2,p0128,0.7231
p0129,3,p0092,0.7191
p0129,4,p0121,0.6868
p0129,5,p0094,0.6631
p0130,1,p0136,0.9954
p0130,2,p0139,0.7347
p0130,3,p0118,0.7019
p0130,4,p0133,0.6837
p0130,5,p0127,0.6738
p0131,1,p0137,0.9827
p0131,2,p0127,0.6938
p0131,3,p0129,0.6298
p0131,4,p0128,0.6215
p0131,5,p0118,0.6057
p0132,1,p0133,0.8153
p0132,2,p0138,0.7256
p0132,3,p0139,0.7244
p0132,4,p0127,0.6921
p0132,5,p0093,0.6842
p0133,1,p0139,0.8775
p0133,2,p0132,0.8153
p0133,3,p0093,0.7411
p0133,4,p0134,0.711
p0133,5,p0140,0.6932
p0134,1,p0140,0.9876
p0134,2,p0135,0.7442
p0134,3,p0133,0.711
p0134,4,p0139,0.7101
p0134,5,p0089,0.7054
p0135,1,p0140,0.7599
p0135,2,p0134,0.7442
p0135,3,p0139,0.684
p0135,4,p0130,0.6667
p0135,5,p0136,0.6634
p0136,1,p0130,0.9954
p0136,2,p0139,0.744
p0136,3,p0118,0.7138
p0136,4,p0127,0.6912
p0136,5,p0133,0.6878
p0137,1,p0131,0.9827
p0137,2,p0127,0.6969
p0137,3,p0128,0.6464
p0137,4,p0129,0.6351
p0137,5,p0118,0.6192
p0138,1,p0132,0.7256
p0138,2,p0139,0.7166
p0138,3,p0133,0.6393
p0138,4,p0136,0.6168
p0138,5,p0127,0.6141
p0139,1,p0133,0.8775
p0139,2,p0093,0.8055
p0139,3,p0136,0.744
p0139,4,p0130,0.7347
p0139,5,p0132,0.7244
p0140,1,p0134,0.9876
p0140,2,p0135,0.7599
p0140,3,p0089,0.7212
p0140,4,p0133,0.6932
p0140,5,p0114,0.6867
p0141,1,p0144,0.7934
p0141,2,p0098,0.7263
p0141,3,p0068,0.7122
p0141,4,p0126,0.6801
p0141,5,p0096,0.6788
p0142,1,p0068,0.7232
p0142,2,p0182,0.7148
p0142,3,p0066,0.6949
p0142,4,p0089,0.6869
p0142,5,p0140,0.6737
p0143,1,p0098,0.7454
p0143,2,p0087,0.7039
p0143,3,p0144,0.6962
p0143,4,p0142,0.6725
p0143,5,p0177,0.6382
p0144,1,p0141,0.7934
p0144,2,p0098,0.7679
p0144,3,p0096,0.7026
p0144,4,p0068,0.701
p0144,5,p0143,0.6962
p0145,1,p0092,0.666
p0145,2,p0099,0.5993
p0145,3,p0129,0.5983
p0145,4,p0121,0.5948
p0145,5,p0128,0.5848
p0146,1,p0014,0.7754
p0146,2,p0072,0.7406
p0146,3,p0031,0.7177
p0146,4,p0084,0.7173
p0146,5,p0160,0.7116
p0147,1,p0084,0.8076
p0147,2,p0183,0.8027
p0147,3,p0014,0.7634
p0147,4,p0031,0.7476
p0147,5,p0073,0.7396
p0148,1,p0151,0.6945
p0148,2,p0117,0.6372
p0148,3,p0119,0.5764
p0148,4,p0118,0.5713
p0148,5,p0127,0.5697
p0149,1,p0212,0.6131
p0149,2,p0150,0.5606
p0149,3,p0029,0.5325
p0149,4,p0151,0.5219
p0149,5,p0334,0.5085
p0150,1,p0151,0.6048
p0150,2,p0149,0.5606
p0150,3,p0628,0.5512
p0150,4,p0943,0.4757
p0150,5,p0671,0.4696
p0151,1,p0148,0.6945
p0151,2,p0119,0.6159
p0151,3,p0150,0.6048
p0151,4,p0077,0.5821
p0151,5,p0117,0.5756
p0152,1,p0014,0.7025
p0152,2,p0077,0.6786
p0152,3,p0083,0.6558
p0152,4,p0085,0.6373
p0152,5,p0031,0.621
p0153,1,p0985,0.5621
p0153,2,p0152,0.5382
p0153,3,p0979,0.5267
p0153,4,p0983,0.5266
p0153,5,p0982,0.5127
p0154,1,p0155,0.8187
p0154,2,p0209,0.6562
p0154,3,p0014,0.6464
p0154,4,p0015,0.638
p0154,5,p0183,0.6345
p0155,1,p0154,0.8187
p0155,2,p0209,0.6987
p0155,3,p0160,0.6372
p0155,4,p0014,0.6319
p0155,5,p0152,0.6176
p0156,1,p0116,0.5989
p0156,2,p0155,0.5648
p0156,3,p0098,0.5303
p0156,4,p0141,0.5166
p0156,5,p0088,0.505
p0157,1,p0209,0.7161
p0157,2,p0069,0.6793
p0157,3,p0158,0.6639
p0157,4,p0160,0.6409
p0157,5,p0159,0.629
p0158,1,p0070,0.7797
p0158,2,p0071,0.7502
p0158,3,p0157,0.6639
p0158,4,p0159,0.6098
p0158,5,p0161,0.5752
p0159,1,p0161,0.7696
p0159,2,p0157,0.629
p0159,3,p0158,0.6098
p0159,4,p0141,0.5849
p0159,5,p0113,0.5721
p0160,1,p0146,0.7116
p0160,2,p0072,0.6974
p0160,3,p0019,0.6931
p0160,4,p0077,0.6902
p0160,5,p0102,0.6893
p0161,1,p0159,0.7696
p0161,2,p0158,0.5752
p0161,3,p0070,0.5453
p0161,4,p0141,0.544
p0161,5,p0071,0.5209
p0162,1,p0110,0.5712
p0162,2,p0070,0.5476
p0162,3,p0159,0.5223
p0162,4,p0736,0.5205
p0162,5,p0438,0.5094
p0163,1,p0109,0.7086
p0163,2,p0089,0.6869
p0163,3,p0140,0.6795
p0163,4,p0134,0.6733
p0163,5,p0142,0.6731
p0164,1,p0165,0.6086
p0164,2,p0908,0.6012
p0164,3,p0110,0.5956
p0164,4,p0162,0.4746
p0164,5,p0530,0.4542
p0165,1,p0209,0.6622
p0165,2,p0160,0.6512
p0165,3,p0015,0.6337
p0165,4,p0003,0.6327
p0165,5,p0143,0.6313
p0166,1,p0170,0.8256
p0166,2,p0171,0.815
p0166,3,p0167,0.7772
p0166,4,p0168,0.6053
p0166,5,p0169,0.502
p0167,1,p0171,0.7828
p0167,2,p0166,0.7772
p0167,3,p0170,0.7423
p0167,4,p0168,0.6887
p0167,5,p0029,0.632
p0168,1,p0167,0.6887
p0168,2,p0171,0.6857
p0168,3,p0170,0.6681
p0168,4,p0169,0.6408
p0168,5,p0166,0.6053
p0169,1,p0168,0.6408
p0169,2,p0167,0.6164
p0169,3,p0188,0.5264
p0169,4,p0166,0.502
p0169,5,p0194,0.4923
p0170,1,p0171,0.8952
p0170,2,p0166,0.8256
p0170,3,p0167,0.7423
p0170,4,p0168,0.6681
p0170,5,p0169,0.4555
p0171,1,p0170,0.8952
p0171,2,p0166,0.815
p0171,3,p0167,0.7828
p0171,4,p0168,0.6857
p0171,5,p0169,0.4721
p0172,1,p0174,0.6433
p0172,2,p0029,0.6345
p0172,3,p0005,0.6227
p0172,4,p0072,0.6212
p0172,5,p0167,0.6103
p0173,1,p0174,0.5268
p0173,2,p0166,0.4932
p0173,3,p0188,0.4448
p0173,4,p0088,0.4436
p0173,5,p0167,0.4386
p0174,1,p0013,0.6792
p0174,2,p0172,0.6433
p0174,3,p0175,0.631
p0174,4,p0197,0.6254
p0174,5,p0002,0.609
p0175,1,p0085,0.7986
p0175,2,p0182,0.7527
p0175,3,p0176,0.7381
p0175,4,p0177,0.7016
p0175,5,p0084,0.6936
p0176,1,p0177,0.8139
p0176,2,p0181,0.7513
p0176,3,p0175,0.7381
p0176,4,p0085,0.6683
p0176,5,p0184,0.6568
p0177,1,p0176,0.8139
p0177,2,p0175,0.7016
p0177,3,p0181,0.6935
p0177,4,p0143,0.6382
p0177,5,p0142,0.6097
p0178,1,p0181,0.7287
p0178,2,p0085,0.7021
p0178,3,p0175,0.6871
p0178,4,p0184,0.6583
p0178,5,p0207,0.6521
p0179,1,p0184,0.6344
p0179,2,p0122,0.6235
p0179,3,p0125,0.6178
p0179,4,p0123,0.6167
p0179,5,p0007,0.6145
p0180,1,p0052,0.7891
p0180,2,p0047,0.6669
p0180,3,p0007,0.6527
p0180,4,p0054,0.6421
p0180,5,p0033,0.6209
p0181,1,p0176,0.7513
p0181,2,p0178,0.7287
p0181,3,p0177,0.6935
p0181,4,p0050,0.6623
p0181,5,p0085,0.63
p0182,1,p0082,0.8911
p0182,2,p0081,0.8725
p0182,3,p0033,0.861
p0182,4,p0085,0.8502
p0182,5,p0084,0.8458
p0183,1,p0084,0.8111
p0183,2,p0147,0.8027
p0183,3,p0122,0.802
p0183,4,p0125,0.776
p0183,5,p0073,0.752
p0184,1,p0125,0.9396
p0184,2,p0123,0.9391
p0184,3,p0122,0.8526
p0184,4,p0085,0.8352
p0184,5,p0084,0.7614
p0185,1,p0059,0.5588
p0185,2,p0062,0.5458
p0185,3,p0068,0.521
p0185,4,p0050,0.5158
p0185,5,p0060,0.5139
p0186,1,p0207,0.6731
p0186,2,p0177,0.6007
p0186,3,p0181,0.5842
p0186,4,p0176,0.5616
p0186,5,p0208,0.5451
p0187,1,p0188,0.7012
p0187,2,p0189,0.6062
p0187,3,p0004,0.5934
p0187,4,p0197,0.5788
p0187,5,p0192,0.5687
p0188,1,p0187,0.7012
p0188,2,p0002,0.6457
p0188,3,p0197,0.623
p0188,4,p0029,0.6157
p0188,5,p0207,0.601
p0189,1,p0190,0.7063
p0189,2,p0207,0.6296
p0189,3,p0187,0.6062
p0189,4,p0191,0.6051
p0189,5,p0209,0.5952
p0190,1,p0191,0.7334
p0190,2,p0189,0.7063
p0190,3,p0209,0.6018
p0190,4,p0987,0.5391
p0190,5,p0197,0.5159
p0191,1,p0190,0.7334
p0191,2,p0189,0.6051
p0191,3,p0413,0.5366
p0191,4,p0209,0.534
p0191,5,p0145,0.466
p0192,1,p0880,0.5771
p0192,2,p0002,0.5718
p0192,3,p0187,0.5687
p0192,4,p0539,0.5356
p0192,5,p0535,0.5351
p0193,1,p0880,0.5417
p0193,2,p0909,0.5183
p0193,3,p0192,0.5167
p0193,4,p0252,0.4843
p0193,5,p0016,0.4693
p0194,1,p0198,0.6123
p0194,2,p0197,0.6042
p0194,3,p0013,0.5702
p0194,4,p0196,0.5684
p0194,5,p0187,0.5669
p0195,1,p0198,0.7546
p0195,2,p0003,0.7336
p0195,3,p0199,0.703
p0195,4,p0005,0.6864
p0195,5,p0002,0.6724
p0196,1,p0194,0.5684
p0196,2,p0202,0.4732
p0196,3,p0197,0.452
p0196,4,p0189,0.448
p0196,5,p0190,0.439
p0197,1,p0199,0.74
p0197,2,p0015,0.6935
p0197,3,p0002,0.687
p0197,4,p0160,0.6804
p0197,5,p0012,0.6792
p0198,1,p0195,0.7546
p0198,2,p0202,0.6949
p0198,3,p0003,0.6788
p0198,4,p0002,0.6439
p0198,5,p0012,0.6314
p0199,1,p0197,0.74
p0199,2,p0015,0.7084
p0199,3,p0011,0.7066
p0199,4,p0195,0.703
p0199,5,p0003,0.7024
p0200,1,p0202,0.608
p0200,2,p0199,0.5633
p0200,3,p0201,0.5408
p0200,4,p0208,0.5139
p0200,5,p0172,0.5009
p0201,1,p0202,0.7931
p0201,2,p0200,0.5408
p0201,3,p0198,0.5339
p0201,4,p0197,0.5245
p0201,5,p0199,0.5193
p0202,1,p0201,0.7931
p0202,2,p0198,0.6949
p0202,3,p0200,0.608
p0202,4,p0199,0.5791
p0202,5,p0195,0.5783
p0203,1,p0172,0.5392
p0203,2,p0209,0.5362
p0203,3,p0199,0.5311
p0203,4,p0011,0.5276
p0203,5,p0187,0.5176
p0204,1,p0205,0.6369
p0204,2,p0111,0.5261
p0204,3,p0097,0.5083
p0204,4,p0156,0.4501
p0204,5,p0098,0.4358
p0205,1,p0204,0.6369
p0205,2,p0111,0.4268
p0205,3,p0540,0.4134
p0205,4,p0097,0.3899
p0205,5,p0203,0.3548
p0206,1,p0207,0.6327
p0206,2,p0208,0.5199
p0206,3,p0181,0.5117
p0206,4,p0986,0.5116
p0206,5,p0177,0.4918
p0207,1,p0208,0.8032
p0207,2,p0186,0.6731
p0207,3,p0178,0.6521
p0207,4,p0206,0.6327
p0207,5,p0189,0.6296
p0208,1,p0207,0.8032
p0208,2,p0003,0.6569
p0208,3,p0198,0.619
p0208,4,p0002,0.6041
p0208,5,p0197,0.6021
p0209,1,p0011,0.7599
p0209,2,p0157,0.7161
p0209,3,p0155,0.6987
p0209,4,p0003,0.6667
p0209,5,p0146,0.6662
p0210,1,p0250,0.661
p0210,2,p0220,0.6596
p0210,3,p0272,0.6404
p0210,4,p0022,0.6251
p0210,5,p0248,0.6248
p0211,1,p0078,0.744
p0211,2,p0467,0.7368
p0211,3,p0027,0.7333
p0211,4,p0474,0.7088
p0211,5,p0353,0.6959
p0212,1,p0149,0.6131
p0212,2,p0029,0.5432
p0212,3,p0334,0.5284
p0212,4,p0333,0.5168
p0212,5,p0035,0.5089
p0213,1,p0248,0.565
p0213,2,p0680,0.5635
p0213,3,p0223,0.5586
p0213,4,p0214,0.5517
p0213,5,p0230,0.5482
p0214,1,p0230,0.6533
p0214,2,p0389,0.5661
p0214,3,p0223,0.5642
p0214,4,p0213,0.5517
p0214,5,p0231,0.5305
p0215,1,p0286,0.8209
p0215,2,p0248,0.7255
p0215,3,p0228,0.6679
p0215,4,p0250,0.63
p0215,5,p0221,0.6183
p0216,1,p0230,0.4865
p0216,2,p0391,0.448
p0216,3,p0223,0.4466
p0216,4,p0229,0.4466
p0216,5,p0395,0.4373
p0217,1,p0269,0.9109
p0217,2,p0218,0.82
p0217,3,p0262,0.7834
p0217,4,p0246,0.7829
p0217,5,p0249,0.75
p0218,1,p0249,0.9285
p0218,2,p0246,0.8846
p0218,3,p0237,0.881
p0218,4,p0222,0.8796
p0218,5,p0247,0.8706
p0219,1,p0232,0.9858
p0219,2,p0268,0.966
p0219,3,p0247,0.961
p0219,4,p0246,0.9531
p0219,5,p0222,0.928
p0220,1,p0272,0.9841
p0220,2,p0248,0.9491
p0220,3,p0250,0.9458
p0220,4,p0228,0.8736
p0220,5,p0210,0.6596
p0221,1,p0222,0.9707
p0221,2,p0268,0.9621
p0221,3,p0247,0.9552
p0221,4,p0232,0.9257
p0221,5,p0237,0.9251
p0222,1,p0221,0.9707
p0222,2,p0237,0.9629
p0222,3,p0253,0.95
p0222,4,p0268,0.9476
p0222,5,p0247,0.9456
p0223,1,p0684,0.5691
p0223,2,p0214,0.5642
p0223,3,p0213,0.5586
p0223,4,p0226,0.5521
p0223,5,p0680,0.5429
p0224,1,p0290,0.6005
p0224,2,p0298,0.5418
p0224,3,p0925,0.5028
p0224,4,p0291,0.5009
p0224,5,p0293,0.4883
p0225,1,p0017,0.6285
p0225,2,p0178,0.5724
p0225,3,p0002,0.5567
p0225,4,p0013,0.5525
p0225,5,p0198,0.5509
p0226,1,p0676,0.6379
p0226,2,p0948,0.6283
p0226,3,p0391,0.6057
p0226,4,p0952,0.5851
p0226,5,p0680,0.5777
p0227,1,p0247,0.7806
p0227,2,p0222,0.7564
p0227,3,p0221,0.751
p0227,4,p0237,0.7445
p0227,5,p0249,0.7432
p0228,1,p0250,0.9335
p0228,2,p0220,0.8736
p0228,3,p0272,0.847
p0228,4,p0248,0.8293
p0228,5,p0245,0.7198
p0229,1,p0231,0.517
p0229,2,p0230,0.5088
p0229,3,p0213,0.5067
p0229,4,p0613,0.4987
p0229,5,p0235,0.4527
p0230,1,p0231,0.6902
p0230,2,p0613,0.6655
p0230,3,p0214,0.6533
p0230,4,p0391,0.6422
p0230,5,p0612,0.5733
p0231,1,p0230,0.6902
p0231,2,p0613,0.6322
p0231,3,p0614,0.6214
p0231,4,p0925,0.5757
p0231,5,p0391,0.5578
p0232,1,p0219,0.9858
p0232,2,p0247,0.9619
p0232,3,p0268,0.9512
p0232,4,p0246,0.9437
p0232,5,p0222,0.9344
p0233,1,p0232,0.8333
p0233,2,p0219,0.8232
p0233,3,p0247,0.8187
p0233,4,p0253,0.8124
p0233,5,p0268,0.8079
p0234,1,p0247,0.7317
p0234,2,p0237,0.7089
p0234,3,p0249,0.7064
p0234,4,p0222,0.7034
p0234,5,p0232,0.6929
p0235,1,p0236,0.6166
p0235,2,p0433,0.5453
p0235,3,p0282,0.5093
p0235,4,p0255,0.5015
p0235,5,p0263,0.4833
p0236,1,p0433,0.6662
p0236,2,p0934,0.6215
p0236,3,p0235,0.6166
p0236,4,p0263,0.612
p0236,5,p0437,0.5739
p0237,1,p0253,0.9699
p0237,2,p0222,0.9629
p0237,3,p0249,0.9427
p0237,4,p0247,0.9352
p0237,5,p0221,0.9251
p0238,1,p0239,0.9436
p0238,2,p0275,0.8449
p0238,3,p0257,0.7015
p0238,4,p0268,0.638
p0238,5,p0221,0.6201
p0239,1,p0238,0.9436
p0239,2,p0275,0.9013
p0239,3,p0257,0.6805
p0239,4,p0232,0.6739
p0239,5,p0219,0.6603
p0240,1,p0604,0.6305
p0240,2,p0573,0.5734
p0240,3,p0574,0.5682
p0240,4,p0603,0.5672
p0240,5,p0844,0.5282
p0241,1,p0264,0.9999
p0241,2,p0609,0.6898
p0241,3,p0277,0.5251
p0241,4,p0284,0.5068
p0241,5,p0258,0.4908
p0242,1,p0575,0.7862
p0242,2,p0572,0.5737
p0242,3,p0432,0.5011
p0242,4,p0603,0.3946
p0242,5,p0524,0.3776
p0243,1,p0956,0.5742
p0243,2,p0946,0.5297
p0243,3,p0947,0.5111
p0243,4,p0689,0.5099
p0243,5,p0214,0.494
p0244,1,p0280,0.8018
p0244,2,p0478,0.6601
p0244,3,p0491,0.6382
p0244,4,p0316,0.6123
p0244,5,p0489,0.5977
p0245,1,p0034,0.7273
p0245,2,p0228,0.7198
p0245,3,p0250,0.7087
p0245,4,p0021,0.6884
p0245,5,p0220,0.6553
p0246,1,p0249,0.9606
p0246,2,p0219,0.9531
p0246,3,p0232,0.9437
p0246,4,p0268,0.9305
p0246,5,p0222,0.9242
p0247,1,p0232,0.9619
p0247,2,p0219,0.961
p0247,3,p0221,0.9552
p0247,4,p0222,0.9456
p0247,5,p0249,0.9436
p0248,1,p0220,0.9491
p0248,2,p0272,0.9314
p0248,3,p0250,0.8945
p0248,4,p0228,0.8293
p0248,5,p0215,0.7255
p0249,1,p0246,0.9606
p0249,2,p0222,0.944
p0249,3,p0247,0.9436
p0249,4,p0237,0.9427
p0249,5,p0218,0.9285
p0250,1,p0220,0.9458
p0250,2,p0228,0.9335
p0250,3,p0272,0.917
p0250,4,p0248,0.8945
p0250,5,p0245,0.7087
p0251,1,p0900,0.6523
p0251,2,p0885,0.5346
p0251,3,p0884,0.5322
p0251,4,p0873,0.5033
p0251,5,p0877,0.5031
p0252,1,p0497,0.5526
p0252,2,p0909,0.5511
p0252,3,p0503,0.5392
p0252,4,p0500,0.518
p0252,5,p0271,0.4858
p0253,1,p0237,0.9699
p0253,2,p0222,0.95
p0253,3,p0249,0.9241
p0253,4,p0247,0.9201
p0253,5,p0221,0.9122
p0254,1,p0751,0.7205
p0254,2,p0497,0.5677
p0254,3,p0500,0.5215
p0254,4,p0499,0.5088
p0254,5,p0507,0.4943
p0255,1,p0514,0.6962
p0255,2,p0533,0.6861
p0255,3,p0260,0.652
p0255,4,p0596,0.6514
p0255,5,p0256,0.6349
p0256,1,p0514,0.7061
p0256,2,p0533,0.6621
p0256,3,p0255,0.6349
p0256,4,p0436,0.5957
p0256,5,p0821,0.5925
p0257,1,p0258,0.7345
p0257,2,p0562,0.7279
p0257,3,p0238,0.7015
p0257,4,p0559,0.6897
p0257,5,p0239,0.6805
p0258,1,p0284,0.8556
p0258,2,p0277,0.8423
p0258,3,p0257,0.7345
p0258,4,p0356,0.6284
p0258,5,p0362,0.6251
p0259,1,p0577,0.8126
p0259,2,p0567,0.5539
p0259,3,p0562,0.5234
p0259,4,p0586,0.4962
p0259,5,p0700,0.4957
p0260,1,p0595,0.7076
p0260,2,p0255,0.652
p0260,3,p0514,0.6148
p0260,4,p0518,0.6048
p0260,5,p0603,0.6004
p0261,1,p0596,0.6152
p0261,2,p0840,0.6037
p0261,3,p0821,0.5591
p0261,4,p0260,0.5571
p0261,5,p0255,0.554
p0262,1,p0269,0.9326
p0262,2,p0217,0.7834
p0262,3,p0246,0.7699
p0262,4,p0249,0.753
p0262,5,p0232,0.7301
p0263,1,p0523,0.6499
p0263,2,p0274,0.6223
p0263,3,p0236,0.612
p0263,4,p0591,0.5999
p0263,5,p0644,0.5949
p0264,1,p0241,0.9999
p0264,2,p0609,0.6905
p0264,3,p0277,0.523
p0264,4,p0284,0.5051
p0264,5,p0258,0.489
p0265,1,p0285,0.9021
p0265,2,p0277,0.7218
p0265,3,p0034,0.6832
p0265,4,p0284,0.6658
p0265,5,p0022,0.644
p0266,1,p0533,0.7688
p0266,2,p0532,0.6407
p0266,3,p0515,0.6247
p0266,4,p0911,0.6218
p0266,5,p0255,0.6076
p0267,1,p0550,0.695
p0267,2,p0540,0.6133
p0267,3,p0549,0.6117
p0267,4,p0542,0.596
p0267,5,p0548,0.5696
p0268,1,p0219,0.966
p0268,2,p0221,0.9621
p0268,3,p0232,0.9512
p0268,4,p0222,0.9476
p0268,5,p0246,0.9305
p0269,1,p0262,0.9326
p0269,2,p0217,0.9109
p0269,3,p0246,0.8408
p0269,4,p0249,0.8182
p0269,5,p0232,0.7997
p0270,1,p0271,0.6228
p0270,2,p0847,0.5976
p0270,3,p0824,0.5833
p0270,4,p0884,0.5258
p0270,5,p0900,0.5181
p0271,1,p0849,0.7055
p0271,2,p0847,0.6902
p0271,3,p0270,0.6228
p0271,4,p0824,0.6226
p0271,5,p0900,0.6041
p0272,1,p0220,0.9841
p0272,2,p0248,0.9314
p0272,3,p0250,0.917
p0272,4,p0228,0.847
p0272,5,p0210,0.6404
p0273,1,p0337,0.5477
p0273,2,p0666,0.5375
p0273,3,p0665,0.523
p0273,4,p0764,0.5183
p0273,5,p0245,0.5059
p0274,1,p0695,0.78
p0274,2,p0715,0.7065
p0274,3,p0716,0.6853
p0274,4,p0737,0.6431
p0274,5,p0701,0.6404
p0275,1,p0239,0.9013
p0275,2,p0238,0.8449
p0275,3,p0219,0.7898
p0275,4,p0232,0.7856
p0275,5,p0268,0.7723
p0276,1,p0268,0.7588
p0276,2,p0221,0.7364
p0276,3,p0219,0.7326
p0276,4,p0232,0.7238
p0276,5,p0278,0.721
p0277,1,p0284,0.9278
p0277,2,p0258,0.8423
p0277,3,p0265,0.7218
p0277,4,p0285,0.7005
p0277,5,p0034,0.6723
p0278,1,p0276,0.721
p0278,2,p0221,0.6742
p0278,3,p0247,0.6617
p0278,4,p0277,0.6604
p0278,5,p0222,0.6449
p0279,1,p0280,0.6361
p0279,2,p0244,0.5507
p0279,3,p0302,0.5225
p0279,4,p0330,0.4966
p0279,5,p0322,0.4791
p0280,1,p0244,0.8018
p0280,2,p0279,0.6361
p0280,3,p0337,0.5793
p0280,4,p0302,0.5711
p0280,5,p0325,0.5636
p0281,1,p0811,0.717
p0281,2,p0844,0.6745
p0281,3,p0819,0.6449
p0281,4,p0832,0.6436
p0281,5,p0840,0.5886
p0282,1,p0564,0.6149
p0282,2,p0283,0.5912
p0282,3,p0563,0.5852
p0282,4,p0964,0.5479
p0282,5,p0629,0.5409
p0283,1,p0821,0.7523
p0283,2,p0635,0.6763
p0283,3,p0629,0.6467
p0283,4,p0583,0.6411
p0283,5,p0431,0.6016
p0284,1,p0277,0.9278
p0284,2,p0258,0.8556
p0284,3,p0285,0.6899
p0284,4,p0265,0.6658
p0284,5,p0557,0.6559
p0285,1,p0265,0.9021
p0285,2,p0277,0.7005
p0285,3,p0284,0.6899
p0285,4,p0034,0.6318
p0285,5,p0465,0.6252
p0286,1,p0215,0.8209
p0286,2,p0248,0.6153
p0286,3,p0228,0.6038
p0286,4,p0220,0.5457
p0286,5,p0250,0.5444
p0287,1,p0555,0.8708
p0287,2,p0466,0.7594
p0287,3,p0465,0.7522
p0287,4,p0944,0.7043
p0287,5,p0628,0.6975
p0288,1,p0289,0.707
p0288,2,p0649,0.6485
p0288,3,p0468,0.5638
p0288,4,p0562,0.5049
p0288,5,p0469,0.4976
p0289,1,p0288,0.707
p0289,2,p0722,0.6153
p0289,3,p0715,0.5538
p0289,4,p0696,0.541
p0289,5,p0473,0.541
p0290,1,p0291,0.8378
p0290,2,p0293,0.7864
p0290,3,p0292,0.7566
p0290,4,p0298,0.734
p0290,5,p0224,0.6005
p0291,1,p0290,0.8378
p0291,2,p0292,0.7345
p0291,3,p0293,0.7187
p0291,4,p0298,0.6473
p0291,5,p0294,0.6391
p0292,1,p0290,0.7566
p0292,2,p0293,0.7372
p0292,3,p0291,0.7345
p0292,4,p0300,0.7021
p0292,5,p0299,0.6738
p0293,1,p0290,0.7864
p0293,2,p0292,0.7372
p0293,3,p0291,0.7187
p0293,4,p0299,0.7125
p0293,5,p0298,0.6575
p0294,1,p0291,0.6391
p0294,2,p0742,0.5981
p0294,3,p0290,0.5904
p0294,4,p0305,0.5282
p0294,5,p0857,0.5004
p0295,1,p0291,0.6134
p0295,2,p0292,0.5878
p0295,3,p0298,0.5699
p0295,4,p0757,0.5663
p0295,5,p0290,0.5643
p0296,1,p0742,0.6836
p0296,2,p0743,0.5889
p0296,3,p0297,0.5591
p0296,4,p0744,0.5568
p0296,5,p0291,0.5554
p0297,1,p0745,0.6573
p0297,2,p0743,0.6163
p0297,3,p0744,0.5613
p0297,4,p0296,0.5591
p0297,5,p0291,0.5487
p0298,1,p0290,0.734
p0298,2,p0506,0.6618
p0298,3,p0293,0.6575
p0298,4,p0291,0.6473
p0298,5,p0292,0.6113
p0299,1,p0293,0.7125
p0299,2,p0292,0.6738
p0299,3,p0291,0.5738
p0299,4,p0290,0.5639
p0299,5,p0920,0.536
p0300,1,p0292,0.7021
p0300,2,p0293,0.613
p0300,3,p0290,0.5955
p0300,4,p0291,0.5655
p0300,5,p0298,0.5374
p0301,1,p0335,0.7963
p0301,2,p0944,0.7681
p0301,3,p0763,0.7456
p0301,4,p0628,0.7314
p0301,5,p0465,0.7262
p0302,1,p0620,0.6326
p0302,2,p0337,0.6284
p0302,3,p0621,0.5896
p0302,4,p0244,0.5799
p0302,5,p0280,0.5711
p0303,1,p0312,0.6322
p0303,2,p0327,0.6168
p0303,3,p0320,0.6135
p0303,4,p0310,0.5871
p0303,5,p0311,0.5626
p0304,1,p0320,0.6059
p0304,2,p0309,0.6051
p0304,3,p0328,0.5796
p0304,4,p0308,0.5748
p0304,5,p0332,0.5637
p0305,1,p0526,0.5549
p0305,2,p0326,0.5533
p0305,3,p0932,0.5424
p0305,4,p0294,0.5282
p0305,5,p0940,0.5264
p0306,1,p0541,0.6514
p0306,2,p0325,0.6506
p0306,3,p0331,0.6356
p0306,4,p0324,0.6266
p0306,5,p0313,0.614
p0307,1,p0330,0.5829
p0307,2,p0306,0.5474
p0307,3,p0327,0.5063
p0307,4,p0313,0.505
p0307,5,p0320,0.499
p0308,1,p0328,0.585
p0308,2,p0304,0.5748
p0308,3,p0332,0.5507
p0308,4,p0319,0.547
p0308,5,p0322,0.5101
p0309,1,p0304,0.6051
p0309,2,p0328,0.5192
p0309,3,p0319,0.4348
p0309,4,p0308,0.4328
p0309,5,p0329,0.3977
p0310,1,p0327,0.7522
p0310,2,p0348,0.6369
p0310,3,p0319,0.596
p0310,4,p0303,0.5871
p0310,5,p0551,0.5549
p0311,1,p0312,0.6351
p0311,2,p0303,0.5626
p0311,3,p0315,0.5424
p0311,4,p0551,0.5314
p0311,5,p0320,0.5265
p0312,1,p0311,0.6351
p0312,2,p0303,0.6322
p0312,3,p0315,0.5558
p0312,4,p0320,0.5389
p0312,5,p0319,0.5258
p0313,1,p0306,0.614
p0313,2,p0331,0.558
p0313,3,p0552,0.553
p0313,4,p0540,0.5114
p0313,5,p0307,0.505
p0314,1,p0321,0.5499
p0314,2,p0743,0.4682
p0314,3,p0551,0.4565
p0314,4,p0773,0.4479
p0314,5,p0315,0.4479
p0315,1,p0312,0.5558
p0315,2,p0311,0.5424
p0315,3,p0317,0.5414
p0315,4,p0304,0.5254
p0315,5,p0303,0.5227
p0316,1,p0491,0.9838
p0316,2,p0330,0.6834
p0316,3,p0487,0.6232
p0316,4,p0244,0.6123
p0316,5,p0493,0.5831
p0317,1,p0325,0.6421
p0317,2,p0315,0.5414
p0317,3,p0329,0.5342
p0317,4,p0318,0.5227
p0317,5,p0324,0.5196
p0318,1,p0492,0.9455
p0318,2,p0324,0.7255
p0318,3,p0331,0.6161
p0318,4,p0244,0.5972
p0318,5,p0482,0.5963
p0319,1,p0310,0.596
p0319,2,p0320,0.5818
p0319,3,p0551,0.5668
p0319,4,p0303,0.549
p0319,5,p0321,0.548
p0320,1,p0303,0.6135
p0320,2,p0304,0.6059
p0320,3,p0319,0.5818
p0320,4,p0310,0.5474
p0320,5,p0312,0.5389
p0321,1,p0693,0.5988
p0321,2,p0773,0.5942
p0321,3,p0551,0.5616
p0321,4,p0621,0.5577
p0321,5,p0314,0.5499
p0322,1,p0327,0.5475
p0322,2,p0319,0.5333
p0322,3,p0320,0.5256
p0322,4,p0311,0.5162
p0322,5,p0308,0.5101
p0323,1,p0319,0.4677
p0323,2,p0322,0.4025
p0323,3,p0311,0.4014
p0323,4,p0461,0.3667
p0323,5,p0328,0.3575
p0324,1,p0331,0.7269
p0324,2,p0318,0.7255
p0324,3,p0492,0.6501
p0324,4,p0306,0.6266
p0324,5,p0244,0.5396
p0325,1,p0306,0.6506
p0325,2,p0317,0.6421
p0325,3,p0244,0.5906
p0325,4,p0331,0.5856
p0325,5,p0280,0.5636
p0326,1,p0305,0.5533
p0326,2,p0543,0.5291
p0326,3,p0320,0.5015
p0326,4,p0430,0.4955
p0326,5,p0307,0.4932
p0327,1,p0310,0.7522
p0327,2,p0303,0.6168
p0327,3,p0322,0.5475
p0327,4,p0319,0.5294
p0327,5,p0311,0.5178
p0328,1,p0308,0.585
p0328,2,p0304,0.5796
p0328,3,p0320,0.5309
p0328,4,p0309,0.5192
p0328,5,p0303,0.5157
p0329,1,p0332,0.6791
p0329,2,p0331,0.5517
p0329,3,p0317,0.5342
p0329,4,p0308,0.5031
p0329,5,p0328,0.5023
p0330,1,p0316,0.6834
p0330,2,p0491,0.6672
p0330,3,p0307,0.5829
p0330,4,p0244,0.5799
p0330,5,p0493,0.542
p0331,1,p0324,0.7269
p0331,2,p0306,0.6356
p0331,3,p0318,0.6161
p0331,4,p0325,0.5856
p0331,5,p0480,0.5587
p0332,1,p0329,0.6791
p0332,2,p0304,0.5637
p0332,3,p0308,0.5507
p0332,4,p0331,0.5383
p0332,5,p0325,0.5039
p0333,1,p0334,0.9515
p0333,2,p0030,0.5755
p0333,3,p0212,0.5168
p0333,4,p0149,0.5078
p0333,5,p0077,0.4545
p0334,1,p0333,0.9515
p0334,2,p0030,0.5844
p0334,3,p0212,0.5284
p0334,4,p0149,0.5085
p0334,5,p0285,0.4537
p0335,1,p0301,0.7963
p0335,2,p0763,0.7772
p0335,3,p0465,0.7404
p0335,4,p0466,0.7398
p0335,5,p0944,0.736
p0336,1,p0337,0.8208
p0336,2,p0340,0.8007
p0336,3,p0343,0.7796
p0336,4,p0338,0.7645
p0336,5,p0341,0.711
p0337,1,p0336,0.8208
p0337,2,p0340,0.7961
p0337,3,p0338,0.7843
p0337,4,p0343,0.7801
p0337,5,p0347,0.7349
p0338,1,p0337,0.7843
p0338,2,p0336,0.7645
p0338,3,p0340,0.7531
p0338,4,p0343,0.7264
p0338,5,p0341,0.6895
p0339,1,p0340,0.6306
p0339,2,p0341,0.6164
p0339,3,p0348,0.5967
p0339,4,p0337,0.586
p0339,5,p0347,0.5853
p0340,1,p0336,0.8007
p0340,2,p0337,0.7961
p0340,3,p0343,0.7727
p0340,4,p0338,0.7531
p0340,5,p0342,0.74
p0341,1,p0342,0.7914
p0341,2,p0340,0.7244
p0341,3,p0337,0.7232
p0341,4,p0336,0.711
p0341,5,p0338,0.6895
p0342,1,p0341,0.7914
p0342,2,p0340,0.74
p0342,3,p0347,0.7055
p0342,4,p0336,0.6919
p0342,5,p0337,0.6679
p0343,1,p0347,0.8239
p0343,2,p0337,0.7801
p0343,3,p0336,0.7796
p0343,4,p0340,0.7727
p0343,5,p0338,0.7264
p0344,1,p0493,0.9718
p0344,2,p0338,0.6808
p0344,3,p0487,0.6296
p0344,4,p0340,0.6252
p0344,5,p0336,0.6218
p0345,1,p0340,0.6119
p0345,2,p0336,0.5978
p0345,3,p0341,0.5848
p0345,4,p0343,0.5834
p0345,5,p0347,0.5557
p0346,1,p0347,0.7293
p0346,2,p0349,0.7028
p0346,3,p0343,0.6934
p0346,4,p0340,0.6591
p0346,5,p0341,0.6436
p0347,1,p0343,0.8239
p0347,2,p0337,0.7349
p0347,3,p0346,0.7293
p0347,4,p0340,0.7251
p0347,5,p0342,0.7055
p0348,1,p0310,0.6369
p0348,2,p0347,0.5969
p0348,3,p0339,0.5967
p0348,4,p0343,0.5697
p0348,5,p0340,0.5603
p0349,1,p0346,0.7028
p0349,2,p0347,0.6841
p0349,3,p0777,0.6807
p0349,4,p0667,0.644
p0349,5,p0660,0.6265
p0350,1,p0352,0.9202
p0350,2,p0353,0.828
p0350,3,p0358,0.8012
p0350,4,p0351,0.7944
p0350,5,p0363,0.7922
p0351,1,p0352,0.8085
p0351,2,p0350,0.7944
p0351,3,p0354,0.6857
p0351,4,p0358,0.6814
p0351,5,p0365,0.6652
p0352,1,p0350,0.9202
p0352,2,p0358,0.8609
p0352,3,p0357,0.8238
p0352,4,p0363,0.8095
p0352,5,p0351,0.8085
p0353,1,p0355,0.9297
p0353,2,p0359,0.9134
p0353,3,p0361,0.8968
p0353,4,p0350,0.828
p0353,5,p0363,0.7966
p0354,1,p0356,0.9764
p0354,2,p0360,0.9655
p0354,3,p0362,0.9524
p0354,4,p0355,0.8126
p0354,5,p0353,0.7906
p0355,1,p0353,0.9297
p0355,2,p0359,0.9257
p0355,3,p0361,0.8713
p0355,4,p0356,0.8187
p0355,5,p0354,0.8126
p0356,1,p0354,0.9764
p0356,2,p0360,0.965
p0356,3,p0362,0.9581
p0356,4,p0355,0.8187
p0356,5,p0353,0.7888
p0357,1,p0358,0.8491
p0357,2,p0363,0.8265
p0357,3,p0352,0.8238
p0357,4,p0353,0.7809
p0357,5,p0361,0.7786
p0358,1,p0363,0.8617
p0358,2,p0352,0.8609
p0358,3,p0357,0.8491
p0358,4,p0361,0.8019
p0358,5,p0350,0.8012
p0359,1,p0361,0.9787
p0359,2,p0355,0.9257
p0359,3,p0353,0.9134
p0359,4,p0363,0.8416
p0359,5,p0358,0.7898
p0360,1,p0362,0.979
p0360,2,p0354,0.9655
p0360,3,p0356,0.965
p0360,4,p0361,0.7658
p0360,5,p0359,0.7589
p0361,1,p0359,0.9787
p0361,2,p0353,0.8968
p0361,3,p0355,0.8713
p0361,4,p0363,0.8419
p0361,5,p0358,0.8019
p0362,1,p0360,0.979
p0362,2,p0356,0.9581
p0362,3,p0354,0.9524
p0362,4,p0361,0.7618
p0362,5,p0359,0.7452
p0363,1,p0358,0.8617
p0363,2,p0364,0.8439
p0363,3,p0361,0.8419
p0363,4,p0359,0.8416
p0363,5,p0357,0.8265
p0364,1,p0365,0.8645
p0364,2,p0363,0.8439
p0364,3,p0367,0.807
p0364,4,p0358,0.7848
p0364,5,p0359,0.7704
p0365,1,p0367,0.8898
p0365,2,p0364,0.8645
p0365,3,p0363,0.8072
p0365,4,p0359,0.7857
p0365,5,p0361,0.7855
p0366,1,p0368,0.7393
p0366,2,p0365,0.7165
p0366,3,p0367,0.6619
p0366,4,p0373,0.5942
p0366,5,p0351,0.5849
p0367,1,p0365,0.8898
p0367,2,p0364,0.807
p0367,3,p0363,0.7816
p0367,4,p0361,0.7692
p0367,5,p0358,0.7682
p0368,1,p0373,0.7439
p0368,2,p0366,0.7393
p0368,3,p0367,0.7297
p0368,4,p0362,0.6764
p0368,5,p0356,0.6516
p0369,1,p0370,0.7592
p0369,2,p0371,0.745
p0369,3,p0374,0.7278
p0369,4,p0359,0.7145
p0369,5,p0361,0.711
p0370,1,p0371,0.8666
p0370,2,p0369,0.7592
p0370,3,p0375,0.7316
p0370,4,p0374,0.7304
p0370,5,p0367,0.716
p0371,1,p0370,0.8666
p0371,2,p0375,0.7813
p0371,3,p0374,0.7568
p0371,4,p0369,0.745
p0371,5,p0367,0.7215
p0372,1,p0373,0.8515
p0372,2,p0367,0.7637
p0372,3,p0365,0.7627
p0372,4,p0379,0.736
p0372,5,p0363,0.7058
p0373,1,p0372,0.8515
p0373,2,p0368,0.7439
p0373,3,p0367,0.7015
p0373,4,p0365,0.6879
p0373,5,p0379,0.6453
p0374,1,p0375,0.7795
p0374,2,p0371,0.7568
p0374,3,p0367,0.7343
p0374,4,p0370,0.7304
p0374,5,p0369,0.7278
p0375,1,p0371,0.7813
p0375,2,p0374,0.7795
p0375,3,p0367,0.7639
p0375,4,p0370,0.7316
p0375,5,p0352,0.6966
p0376,1,p0377,0.9927
p0376,2,p0357,0.7211
p0376,3,p0358,0.7178
p0376,4,p0365,0.7135
p0376,5,p0364,0.7042
p0377,1,p0376,0.9927
p0377,2,p0357,0.7251
p0377,3,p0358,0.7099
p0377,4,p0352,0.7009
p0377,5,p0365,0.7008
p0378,1,p0357,0.7166
p0378,2,p0363,0.7162
p0378,3,p0367,0.6891
p0378,4,p0379,0.6886
p0378,5,p0365,0.6852
p0379,1,p0367,0.7623
p0379,2,p0361,0.7582
p0379,3,p0359,0.7576
p0379,4,p0363,0.7545
p0379,5,p0365,0.7493
p0380,1,p0379,0.7482
p0380,2,p0027,0.7164
p0380,3,p0959,0.6763
p0380,4,p0352,0.6706
p0380,5,p0350,0.666
p0381,1,p0032,0.7468
p0381,2,p0031,0.6973
p0381,3,p0023,0.6777
p0381,4,p0782,0.6329
p0381,5,p0124,0.6274
p0382,1,p0383,0.7985
p0382,2,p0384,0.69
p0382,3,p0388,0.6483
p0382,4,p0533,0.6168
p0382,5,p0562,0.6123
p0383,1,p0382,0.7985
p0383,2,p0597,0.7199
p0383,3,p0361,0.702
p0383,4,p0385,0.6959
p0383,5,p0359,0.6831
p0384,1,p0387,0.7051
p0384,2,p0382,0.69
p0384,3,p0562,0.6779
p0384,4,p0383,0.6721
p0384,5,p0559,0.619
p0385,1,p0383,0.6959
p0385,2,p0124,0.6385
p0385,3,p0024,0.6128
p0385,4,p0032,0.6108
p0385,5,p0211,0.589
p0386,1,p0383,0.5935
p0386,2,p0382,0.5912
p0386,3,p0815,0.5828
p0386,4,p0385,0.5706
p0386,5,p0384,0.5608
p0387,1,p0384,0.7051
p0387,2,p0533,0.6894
p0387,3,p0562,0.6557
p0387,4,p0370,0.6555
p0387,5,p0635,0.6498
p0388,1,p0911,0.6638
p0388,2,p0382,0.6483
p0388,3,p0383,0.6367
p0388,4,p0533,0.5907
p0388,5,p0387,0.5849
p0389,1,p0439,0.811
p0389,2,p0619,0.7814
p0389,3,p0509,0.7502
p0389,4,p0966,0.7246
p0389,5,p0539,0.7151
p0390,1,p0763,0.7732
p0390,2,p0944,0.7242
p0390,3,p0466,0.706
p0390,4,p0465,0.688
p0390,5,p0628,0.683
p0391,1,p0946,0.7892
p0391,2,p0395,0.781
p0391,3,p0392,0.7227
p0391,4,p0612,0.6771
p0391,5,p0404,0.6489
p0392,1,p0391,0.7227
p0392,2,p0399,0.7109
p0392,3,p0404,0.7018
p0392,4,p0393,0.6877
p0392,5,p0946,0.6838
p0393,1,p0404,0.7633
p0393,2,p0392,0.6877
p0393,3,p0395,0.6423
p0393,4,p0399,0.6349
p0393,5,p0391,0.6253
p0394,1,p0409,0.747
p0394,2,p0404,0.553
p0394,3,p0392,0.5417
p0394,4,p0401,0.5359
p0394,5,p0399,0.5018
p0395,1,p0391,0.781
p0395,2,p0404,0.7113
p0395,3,p0408,0.706
p0395,4,p0398,0.6935
p0395,5,p0409,0.6894
p0396,1,p0447,0.9748
p0396,2,p0444,0.5703
p0396,3,p0448,0.5253
p0396,4,p0442,0.5053
p0396,5,p0404,0.4895
p0397,1,p0400,0.669
p0397,2,p0398,0.6473
p0397,3,p0395,0.6362
p0397,4,p0712,0.6288
p0397,5,p0711,0.5904
p0398,1,p0712,0.9154
p0398,2,p0400,0.6973
p0398,3,p0395,0.6935
p0398,4,p0397,0.6473
p0398,5,p0391,0.6468
p0399,1,p0404,0.7457
p0399,2,p0392,0.7109
p0399,3,p0408,0.7052
p0399,4,p0405,0.6918
p0399,5,p0401,0.6481
p0400,1,p0398,0.6973
p0400,2,p0397,0.669
p0400,3,p0395,0.649
p0400,4,p0402,0.6445
p0400,5,p0712,0.6056
p0401,1,p0409,0.6541
p0401,2,p0399,0.6481
p0401,3,p0404,0.6173
p0401,4,p0395,0.6152
p0401,5,p0392,0.603
p0402,1,p0400,0.6445
p0402,2,p0395,0.6291
p0402,3,p0957,0.6093
p0402,4,p0401,0.5791
p0402,5,p0409,0.578
p0403,1,p0395,0.6335
p0403,2,p0408,0.5596
p0403,3,p0406,0.5492
p0403,4,p0391,0.5329
p0403,5,p0392,0.5265
p0404,1,p0393,0.7633
p0404,2,p0399,0.7457
p0404,3,p0395,0.7113
p0404,4,p0392,0.7018
p0404,5,p0391,0.6489
p0405,1,p0399,0.6918
p0405,2,p0392,0.6682
p0405,3,p0946,0.639
p0405,4,p0391,0.6199
p0405,5,p0395,0.6178
p0406,1,p0395,0.6401
p0406,2,p0408,0.6047
p0406,3,p0391,0.5655
p0406,4,p0404,0.5633
p0406,5,p0392,0.5602
p0407,1,p0403,0.4018
p0407,2,p0406,0.3605
p0407,3,p0408,0.314
p0407,4,p0405,0.3117
p0407,5,p0676,0.2792
p0408,1,p0395,0.706
p0408,2,p0399,0.7052
p0408,3,p0391,0.6384
p0408,4,p0404,0.6263
p0408,5,p0406,0.6047
p0409,1,p0394,0.747
p0409,2,p0395,0.6894
p0409,3,p0401,0.6541
p0409,4,p0404,0.6303
p0409,5,p0399,0.5998
p0410,1,p0470,0.6151
p0410,2,p0671,0.5509
p0410,3,p0469,0.5454
p0410,4,p0360,0.5381
p0410,5,p0471,0.5318
p0411,1,p0421,0.6924
p0411,2,p0426,0.6687
p0411,3,p0418,0.6481
p0411,4,p0416,0.6135
p0411,5,p0430,0.5976
p0412,1,p0577,0.5706
p0412,2,p0417,0.5591
p0412,3,p0414,0.5239
p0412,4,p0289,0.5115
p0412,5,p0423,0.5106
p0413,1,p0191,0.5366
p0413,2,p0930,0.4975
p0413,3,p0190,0.4784
p0413,4,p0189,0.4711
p0413,5,p0412,0.4452
p0414,1,p0417,0.7568
p0414,2,p0716,0.6818
p0414,3,p0593,0.6493
p0414,4,p0594,0.6437
p0414,5,p0695,0.6146
p0415,1,p0594,0.6147
p0415,2,p0414,0.5749
p0415,3,p0729,0.5611
p0415,4,p0593,0.5574
p0415,5,p0717,0.5294
p0416,1,p0427,0.7182
p0416,2,p0431,0.633
p0416,3,p0533,0.6269
p0416,4,p0425,0.6225
p0416,5,p0436,0.6157
p0417,1,p0414,0.7568
p0417,2,p0695,0.6853
p0417,3,p0716,0.6651
p0417,4,p0593,0.6191
p0417,5,p0594,0.6141
p0418,1,p0428,0.6582
p0418,2,p0411,0.6481
p0418,3,p0419,0.6008
p0418,4,p0432,0.5996
p0418,5,p0421,0.598
p0419,1,p0426,0.6532
p0419,2,p0877,0.6338
p0419,3,p0420,0.6151
p0419,4,p0418,0.6008
p0419,5,p0416,0.593
p0420,1,p0419,0.6151
p0420,2,p0873,0.5736
p0420,3,p0877,0.5507
p0420,4,p0874,0.5485
p0420,5,p0648,0.5355
p0421,1,p0411,0.6924
p0421,2,p0418,0.598
p0421,3,p0416,0.5978
p0421,4,p0426,0.5851
p0421,5,p0419,0.5841
p0422,1,p0836,0.9674
p0422,2,p0876,0.5965
p0422,3,p0835,0.5212
p0422,4,p0856,0.4993
p0422,5,p0829,0.4886
p0423,1,p0421,0.5393
p0423,2,p0430,0.5316
p0423,3,p0631,0.529
p0423,4,p0411,0.5205
p0423,5,p0424,0.5204
p0424,1,p0587,0.5723
p0424,2,p0421,0.5698
p0424,3,p0426,0.5569
p0424,4,p0423,0.5204
p0424,5,p0419,0.4696
p0425,1,p0426,0.6643
p0425,2,p0416,0.6225
p0425,3,p0419,0.5804
p0425,4,p0411,0.5171
p0425,5,p0431,0.5118
p0426,1,p0411,0.6687
p0426,2,p0425,0.6643
p0426,3,p0419,0.6532
p0426,4,p0872,0.6001
p0426,5,p0421,0.5851
p0427,1,p0416,0.7182
p0427,2,p0436,0.6033
p0427,3,p0411,0.585
p0427,4,p0421,0.556
p0427,5,p0431,0.5336
p0428,1,p0855,0.9198
p0428,2,p0418,0.6582
p0428,3,p0590,0.6264
p0428,4,p0427,0.5129
p0428,5,p0648,0.4946
p0429,1,p0606,0.9298
p0429,2,p0426,0.4314
p0429,3,p0427,0.3906
p0429,4,p0419,0.3901
p0429,5,p0418,0.385
p0430,1,p0411,0.5976
p0430,2,p0423,0.5316
p0430,3,p0542,0.5244
p0430,4,p0421,0.5222
p0430,5,p0418,0.5192
p0431,1,p0515,0.7061
p0431,2,p0416,0.633
p0431,3,p0532,0.6215
p0431,4,p0635,0.6031
p0431,5,p0283,0.6016
p0432,1,p0575,0.6352
p0432,2,p0418,0.5996
p0432,3,p0431,0.571
p0432,4,p0572,0.5593
p0432,5,p0582,0.558
p0433,1,p0236,0.6662
p0433,2,p0434,0.6511
p0433,3,p0934,0.584
p0433,4,p0933,0.5582
p0433,5,p0940,0.5515
p0434,1,p0433,0.6511
p0434,2,p0236,0.5081
p0434,3,p0879,0.4784
p0434,4,p0654,0.4743
p0434,5,p0580,0.4668
p0435,1,p0937,0.6119
p0435,2,p0830,0.5065
p0435,3,p0889,0.5058
p0435,4,p0890,0.4565
p0435,5,p0548,0.4455
p0436,1,p0416,0.6157
p0436,2,p0427,0.6033
p0436,3,p0256,0.5957
p0436,4,p0515,0.5933
p0436,5,p0431,0.5906
p0437,1,p0439,0.8277
p0437,2,p0965,0.7757
p0437,3,p0966,0.7611
p0437,4,p0535,0.7399
p0437,5,p0619,0.7261
p0438,1,p0736,0.8871
p0438,2,p0965,0.8672
p0438,3,p0966,0.8473
p0438,4,p0619,0.793
p0438,5,p0439,0.789
p0439,1,p0619,0.9147
p0439,2,p0509,0.8931
p0439,3,p0966,0.8637
p0439,4,p0539,0.8551
p0439,5,p0965,0.8318
p0440,1,p0441,0.92
p0440,2,p0075,0.6834
p0440,3,p0076,0.6605
p0440,4,p0944,0.6376
p0440,5,p0073,0.6063
p0441,1,p0440,0.92
p0441,2,p0075,0.6826
p0441,3,p0076,0.6501
p0441,4,p0944,0.6183
p0441,5,p0073,0.616
p0442,1,p0446,0.6647
p0442,2,p0459,0.6316
p0442,3,p0451,0.6257
p0442,4,p0450,0.62
p0442,5,p0443,0.6024
p0443,1,p0442,0.6024
p0443,2,p0444,0.5975
p0443,3,p0887,0.5702
p0443,4,p0459,0.5688
p0443,5,p0495,0.542
p0444,1,p0443,0.5975
p0444,2,p0447,0.5939
p0444,3,p0442,0.5778
p0444,4,p0396,0.5703
p0444,5,p0887,0.5469
p0445,1,p0452,0.4994
p0445,2,p0459,0.4857
p0445,3,p0446,0.4834
p0445,4,p0463,0.4799
p0445,5,p0887,0.4759
p0446,1,p0451,0.6723
p0446,2,p0442,0.6647
p0446,3,p0463,0.6501
p0446,4,p0459,0.6121
p0446,5,p0452,0.6045
p0447,1,p0396,0.9748
p0447,2,p0444,0.5939
p0447,3,p0448,0.563
p0447,4,p0442,0.5545
p0447,5,p0443,0.5001
p0448,1,p0447,0.563
p0448,2,p0442,0.555
p0448,3,p0396,0.5253
p0448,4,p0752,0.4921
p0448,5,p0292,0.492
p0449,1,p0459,0.6454
p0449,2,p0450,0.5906
p0449,3,p0446,0.5821
p0449,4,p0462,0.5588
p0449,5,p0451,0.5533
p0450,1,p0485,0.9514
p0450,2,p0488,0.7373
p0450,3,p0495,0.6542
p0450,4,p0464,0.6486
p0450,5,p0442,0.62
p0451,1,p0463,0.6857
p0451,2,p0453,0.6815
p0451,3,p0446,0.6723
p0451,4,p0442,0.6257
p0451,5,p0459,0.6166
p0452,1,p0446,0.6045
p0452,2,p0488,0.5704
p0452,3,p0459,0.5247
p0452,4,p0450,0.5245
p0452,5,p0463,0.5198
p0453,1,p0463,0.7225
p0453,2,p0451,0.6815
p0453,3,p0446,0.5546
p0453,4,p0442,0.5366
p0453,5,p0458,0.5035
p0454,1,p0852,0.5153
p0454,2,p0853,0.4972
p0454,3,p0905,0.497
p0454,4,p0436,0.4664
p0454,5,p0570,0.4292
p0455,1,p0444,0.4376
p0455,2,p0506,0.4217
p0455,3,p0290,0.4151
p0455,4,p0448,0.4125
p0455,5,p0460,0.4116
p0456,1,p0924,0.5277
p0456,2,p0452,0.471
p0456,3,p0450,0.4483
p0456,4,p0485,0.4397
p0456,5,p0866,0.4312
p0457,1,p0874,0.5791
p0457,2,p0811,0.5789
p0457,3,p0458,0.5531
p0457,4,p0281,0.5059
p0457,5,p0873,0.4668
p0458,1,p0811,0.6642
p0458,2,p0463,0.6205
p0458,3,p0281,0.5679
p0458,4,p0446,0.5533
p0458,5,p0457,0.5531
p0459,1,p0897,0.8922
p0459,2,p0887,0.6566
p0459,3,p0449,0.6454
p0459,4,p0442,0.6316
p0459,5,p0451,0.6166
p0460,1,p0685,0.9843
p0460,2,p0688,0.5123
p0460,3,p0812,0.487
p0460,4,p0948,0.476
p0460,5,p0451,0.4754
p0461,1,p0928,0.9046
p0461,2,p0930,0.4782
p0461,3,p0459,0.4706
p0461,4,p0462,0.4697
p0461,5,p0926,0.4608
p0462,1,p0442,0.5616
p0462,2,p0449,0.5588
p0462,3,p0450,0.5235
p0462,4,p0459,0.5052
p0462,5,p0443,0.4827
p0463,1,p0453,0.7225
p0463,2,p0451,0.6857
p0463,3,p0446,0.6501
p0463,4,p0458,0.6205
p0463,5,p0811,0.6028
p0464,1,p0496,0.9869
p0464,2,p0450,0.6486
p0464,3,p0485,0.6368
p0464,4,p0488,0.6122
p0464,5,p0479,0.5837
p0465,1,p0466,0.894
p0465,2,p0512,0.8441
p0465,3,p0510,0.8228
p0465,4,p0628,0.7812
p0465,5,p0944,0.7792
p0466,1,p0465,0.894
p0466,2,p0512,0.8573
p0466,3,p0628,0.8323
p0466,4,p0510,0.8259
p0466,5,p0943,0.8165
p0467,1,p0469,0.8525
p0467,2,p0468,0.8367
p0467,3,p0476,0.8042
p0467,4,p0471,0.7756
p0467,5,p0211,0.7368
p0468,1,p0467,0.8367
p0468,2,p0470,0.7736
p0468,3,p0469,0.7436
p0468,4,p0476,0.7321
p0468,5,p0474,0.7095
p0469,1,p0467,0.8525
p0469,2,p0471,0.8196
p0469,3,p0470,0.8188
p0469,4,p0977,0.7608
p0469,5,p0473,0.7467
p0470,1,p0469,0.8188
p0470,2,p0468,0.7736
p0470,3,p0473,0.7091
p0470,4,p0471,0.681
p0470,5,p0467,0.6689
p0471,1,p0469,0.8196
p0471,2,p0467,0.7756
p0471,3,p0474,0.7488
p0471,4,p0977,0.7316
p0471,5,p0476,0.7114
p0472,1,p0473,0.7213
p0472,2,p0469,0.701
p0472,3,p0467,0.6996
p0472,4,p0471,0.6889
p0472,5,p0468,0.6734
p0473,1,p0469,0.7467
p0473,2,p0472,0.7213
p0473,3,p0470,0.7091
p0473,4,p0715,0.6684
p0473,5,p0471,0.6588
p0474,1,p0475,0.7536
p0474,2,p0471,0.7488
p0474,3,p0476,0.7259
p0474,4,p0467,0.7177
p0474,5,p0469,0.7156
p0475,1,p0972,0.7729
p0475,2,p0474,0.7536
p0475,3,p0968,0.7199
p0475,4,p0476,0.6883
p0475,5,p0467,0.6531
p0476,1,p0467,0.8042
p0476,2,p0468,0.7321
p0476,3,p0474,0.7259
p0476,4,p0469,0.7168
p0476,5,p0471,0.7114
p0477,1,p0301,0.6844
p0477,2,p0335,0.6815
p0477,3,p0763,0.6598
p0477,4,p0944,0.6526
p0477,5,p0465,0.6468
p0478,1,p0479,0.6882
p0478,2,p0244,0.6601
p0478,3,p0489,0.6448
p0478,4,p0487,0.618
p0478,5,p0483,0.6134
p0479,1,p0483,0.8038
p0479,2,p0482,0.7352
p0479,3,p0488,0.7182
p0479,4,p0484,0.7171
p0479,5,p0485,0.7054
p0480,1,p0481,0.6357
p0480,2,p0483,0.5899
p0480,3,p0492,0.5868
p0480,4,p0479,0.573
p0480,5,p0331,0.5587
p0481,1,p0480,0.6357
p0481,2,p0492,0.5581
p0481,3,p0318,0.5561
p0481,4,p0331,0.5425
p0481,5,p0324,0.51
p0482,1,p0483,0.7583
p0482,2,p0479,0.7352
p0482,3,p0488,0.7109
p0482,4,p0492,0.6723
p0482,5,p0485,0.6244
p0483,1,p0479,0.8038
p0483,2,p0482,0.7583
p0483,3,p0484,0.7504
p0483,4,p0488,0.7331
p0483,5,p0892,0.6796
p0484,1,p0483,0.7504
p0484,2,p0479,0.7171
p0484,3,p0488,0.6857
p0484,4,p0485,0.6847
p0484,5,p0450,0.6163
p0485,1,p0450,0.9514
p0485,2,p0488,0.7884
p0485,3,p0479,0.7054
p0485,4,p0495,0.6894
p0485,5,p0484,0.6847
p0486,1,p0483,0.5532
p0486,2,p0559,0.5287
p0486,3,p0562,0.5275
p0486,4,p0478,0.5266
p0486,5,p0383,0.5256
p0487,1,p0494,0.7407
p0487,2,p0489,0.731
p0487,3,p0491,0.6861
p0487,4,p0493,0.6532
p0487,5,p0344,0.6296
p0488,1,p0485,0.7884
p0488,2,p0450,0.7373
p0488,3,p0483,0.7331
p0488,4,p0479,0.7182
p0488,5,p0482,0.7109
p0489,1,p0487,0.731
p0489,2,p0494,0.6653
p0489,3,p0493,0.6463
p0489,4,p0478,0.6448
p0489,5,p0492,0.6134
p0490,1,p0487,0.5601
p0490,2,p0489,0.5303
p0490,3,p0318,0.5078
p0490,4,p0491,0.4803
p0490,5,p0492,0.4774
p0491,1,p0316,0.9838
p0491,2,p0487,0.6861
p0491,3,p0330,0.6672
p0491,4,p0244,0.6382
p0491,5,p0493,0.6242
p0492,1,p0318,0.9455
p0492,2,p0482,0.6723
p0492,3,p0479,0.6653
p0492,4,p0324,0.6501
p0492,5,p0483,0.6317
p0493,1,p0344,0.9718
p0493,2,p0487,0.6532
p0493,3,p0338,0.652
p0493,4,p0489,0.6463
p0493,5,p0494,0.628
p0494,1,p0487,0.7407
p0494,2,p0489,0.6653
p0494,3,p0493,0.628
p0494,4,p0344,0.6118
p0494,5,p0330,0.5373
p0495,1,p0485,0.6894
p0495,2,p0450,0.6542
p0495,3,p0488,0.5754
p0495,4,p0479,0.5422
p0495,5,p0443,0.542
p0496,1,p0464,0.9869
p0496,2,p0485,0.6435
p0496,3,p0479,0.6259
p0496,4,p0488,0.6245
p0496,5,p0450,0.6121
p0497,1,p0500,0.6156
p0497,2,p0499,0.5727
p0497,3,p0254,0.5677
p0497,4,p0503,0.567
p0497,5,p0507,0.5562
p0498,1,p0501,0.5496
p0498,2,p0630,0.5178
p0498,3,p0820,0.4769
p0498,4,p0497,0.4613
p0498,5,p0830,0.4495
p0499,1,p0507,0.6135
p0499,2,p0501,0.6117
p0499,3,p0497,0.5727
p0499,4,p0648,0.5227
p0499,5,p0938,0.5116
p0500,1,p0497,0.6156
p0500,2,p0751,0.5614
p0500,3,p0507,0.5505
p0500,4,p0254,0.5215
p0500,5,p0252,0.518
p0501,1,p0499,0.6117
p0501,2,p0498,0.5496
p0501,3,p0829,0.5223
p0501,4,p0820,0.5062
p0501,5,p0822,0.4964
p0502,1,p0916,0.7083
p0502,2,p0479,0.6791
p0502,3,p0760,0.6606
p0502,4,p0483,0.6401
p0502,5,p0482,0.5758
p0503,1,p0497,0.567
p0503,2,p0508,0.5452
p0503,3,p0252,0.5392
p0503,4,p0880,0.5285
p0503,5,p0507,0.5221
p0504,1,p0542,0.6355
p0504,2,p0550,0.6184
p0504,3,p0549,0.5514
p0504,4,p0267,0.5335
p0504,5,p0751,0.5122
p0505,1,p0504,0.5023
p0505,2,p0751,0.4904
p0505,3,p0507,0.4655
p0505,4,p0496,0.464
p0505,5,p0254,0.463
p0506,1,p0298,0.6618
p0506,2,p0290,0.499
p0506,3,p0500,0.4949
p0506,4,p0503,0.4785
p0506,5,p0507,0.445
p0507,1,p0499,0.6135
p0507,2,p0918,0.5915
p0507,3,p0497,0.5562
p0507,4,p0500,0.5505
p0507,5,p0503,0.5221
p0508,1,p0509,0.9494
p0508,2,p0619,0.8189
p0508,3,p0965,0.8088
p0508,4,p0439,0.7968
p0508,5,p0966,0.7896
p0509,1,p0508,0.9494
p0509,2,p0439,0.8931
p0509,3,p0619,0.8868
p0509,4,p0966,0.8331
p0509,5,p0965,0.8076
p0510,1,p0512,0.8314
p0510,2,p0466,0.8259
p0510,3,p0465,0.8228
p0510,4,p0628,0.7846
p0510,5,p0622,0.7843
p0511,1,p0513,0.6309
p0511,2,p0467,0.5952
p0511,3,p0357,0.5883
p0511,4,p0471,0.5802
p0511,5,p0468,0.5792
p0512,1,p0466,0.8573
p0512,2,p0465,0.8441
p0512,3,p0510,0.8314
p0512,4,p0628,0.7926
p0512,5,p0622,0.7756
p0513,1,p0625,0.759
p0513,2,p0626,0.7301
p0513,3,p0623,0.6977
p0513,4,p0352,0.6607
p0513,5,p0468,0.6369
p0514,1,p0256,0.7061
p0514,2,p0255,0.6962
p0514,3,p0260,0.6148
p0514,4,p0596,0.6018
p0514,5,p0840,0.6002
p0515,1,p0431,0.7061
p0515,2,p0533,0.6577
p0515,3,p0266,0.6247
p0515,4,p0561,0.6079
p0515,5,p0596,0.6054
p0516,1,p0521,0.7703
p0516,2,p0815,0.6398
p0516,3,p0520,0.6388
p0516,4,p0522,0.6338
p0516,5,p0383,0.6312
p0517,1,p0532,0.6026
p0517,2,p0518,0.5768
p0517,3,p0533,0.5755
p0517,4,p0266,0.5667
p0517,5,p0586,0.5613
p0518,1,p0521,0.8228
p0518,2,p0814,0.8046
p0518,3,p0815,0.6729
p0518,4,p0255,0.6247
p0518,5,p0260,0.6048
p0519,1,p0521,0.6052
p0519,2,p0518,0.5862
p0519,3,p0515,0.5467
p0519,4,p0517,0.5281
p0519,5,p0533,0.527
p0520,1,p0522,0.9812
p0520,2,p0535,0.7773
p0520,3,p0539,0.7607
p0520,4,p0439,0.7339
p0520,5,p0619,0.6973
p0521,1,p0815,0.8396
p0521,2,p0518,0.8228
p0521,3,p0516,0.7703
p0521,4,p0814,0.6683
p0521,5,p0520,0.6468
p0522,1,p0520,0.9812
p0522,2,p0539,0.8003
p0522,3,p0439,0.7851
p0522,4,p0535,0.765
p0522,5,p0619,0.7387
p0523,1,p0934,0.65
p0523,2,p0263,0.6499
p0523,3,p0535,0.6158
p0523,4,p0933,0.6154
p0523,5,p0529,0.5871
p0524,1,p0719,0.5833
p0524,2,p0866,0.5471
p0524,3,p0532,0.5436
p0524,4,p0577,0.5309
p0524,5,p0567,0.5156
p0525,1,p0524,0.5039
p0525,2,p0532,0.4217
p0525,3,p0567,0.4096
p0525,4,p0654,0.3963
p0525,5,p0719,0.3935
p0526,1,p0305,0.5549
p0526,2,p0757,0.5217
p0526,3,p0919,0.5056
p0526,4,p0535,0.5017
p0526,5,p0523,0.5011
p0527,1,p0939,0.4981
p0527,2,p0305,0.496
p0527,3,p0919,0.4729
p0527,4,p0526,0.4724
p0527,5,p0004,0.4537
p0528,1,p0533,0.6091
p0528,2,p0532,0.6004
p0528,3,p0643,0.5883
p0528,4,p0266,0.5747
p0528,5,p0417,0.5602
p0529,1,p0523,0.5871
p0529,2,p0515,0.5734
p0529,3,p0266,0.5689
p0529,4,p0582,0.548
p0529,5,p0532,0.547
p0530,1,p0531,0.579
p0530,2,p0908,0.5613
p0530,3,p0910,0.5605
p0530,4,p0903,0.5502
p0530,5,p0539,0.5376
p0531,1,p0530,0.579
p0531,2,p0535,0.483
p0531,3,p0539,0.4826
p0531,4,p0421,0.4665
p0531,5,p0936,0.4572
p0532,1,p0635,0.6602
p0532,2,p0266,0.6407
p0532,3,p0533,0.6384
p0532,4,p0431,0.6215
p0532,5,p0517,0.6026
p0533,1,p0266,0.7688
p0533,2,p0562,0.6968
p0533,3,p0387,0.6894
p0533,4,p0255,0.6861
p0533,5,p0256,0.6621
p0534,1,p0720,0.5156
p0534,2,p0700,0.5067
p0534,3,p0644,0.5013
p0534,4,p0632,0.4969
p0534,5,p0657,0.4957
p0535,1,p0539,0.9579
p0535,2,p0439,0.7792
p0535,3,p0520,0.7773
p0535,4,p0522,0.765
p0535,5,p0619,0.751
p0536,1,p0728,0.5912
p0536,2,p0528,0.5165
p0536,3,p0701,0.4716
p0536,4,p0532,0.4565
p0536,5,p0537,0.4556
p0537,1,p0417,0.5621
p0537,2,p0658,0.5424
p0537,3,p0414,0.539
p0537,4,p0544,0.5171
p0537,5,p0528,0.4983
p0538,1,p0737,0.9292
p0538,2,p0591,0.5834
p0538,3,p0565,0.5594
p0538,4,p0535,0.5359
p0538,5,p0274,0.5357
p0539,1,p0535,0.9579
p0539,2,p0439,0.8551
p0539,3,p0619,0.808
p0539,4,p0522,0.8003
p0539,5,p0509,0.7656
p0540,1,p0550,0.6876
p0540,2,p0545,0.6795
p0540,3,p0546,0.6189
p0540,4,p0267,0.6133
p0540,5,p0547,0.6129
p0541,1,p0306,0.6514
p0541,2,p0325,0.5214
p0541,3,p0318,0.5094
p0541,4,p0483,0.4962
p0541,5,p0502,0.4875
p0542,1,p0550,0.7943
p0542,2,p0553,0.7288
p0542,3,p0547,0.7136
p0542,4,p0546,0.7109
p0542,5,p0549,0.6642
p0543,1,p0542,0.6282
p0543,2,p0326,0.5291
p0543,3,p0881,0.5111
p0543,4,p0751,0.5044
p0543,5,p0547,0.501
p0544,1,p0594,0.6468
p0544,2,p0729,0.6164
p0544,3,p0716,0.5794
p0544,4,p0414,0.5635
p0544,5,p0695,0.551
p0545,1,p0550,0.7907
p0545,2,p0540,0.6795
p0545,3,p0546,0.6584
p0545,4,p0547,0.6576
p0545,5,p0549,0.6424
p0546,1,p0547,0.744
p0546,2,p0542,0.7109
p0546,3,p0550,0.7054
p0546,4,p0548,0.6751
p0546,5,p0553,0.661
p0547,1,p0550,0.7453
p0547,2,p0546,0.744
p0547,3,p0542,0.7136
p0547,4,p0549,0.6839
p0547,5,p0545,0.6576
p0548,1,p0549,0.7257
p0548,2,p0550,0.6828
p0548,3,p0546,0.6751
p0548,4,p0542,0.602
p0548,5,p0547,0.5975
p0549,1,p0550,0.7712
p0549,2,p0548,0.7257
p0549,3,p0547,0.6839
p0549,4,p0542,0.6642
p0549,5,p0546,0.643
p0550,1,p0542,0.7943
p0550,2,p0545,0.7907
p0550,3,p0549,0.7712
p0550,4,p0547,0.7453
p0550,5,p0546,0.7054
p0551,1,p0552,0.5788
p0551,2,p0319,0.5668
p0551,3,p0545,0.5658
p0551,4,p0321,0.5616
p0551,5,p0550,0.5569
p0552,1,p0551,0.5788
p0552,2,p0313,0.553
p0552,3,p0540,0.5268
p0552,4,p0306,0.5231
p0552,5,p0545,0.5194
p0553,1,p0542,0.7288
p0553,2,p0550,0.6685
p0553,3,p0546,0.661
p0553,4,p0547,0.6507
p0553,5,p0548,0.5797
p0554,1,p0547,0.6086
p0554,2,p0535,0.583
p0554,3,p0550,0.5784
p0554,4,p0539,0.5773
p0554,5,p0520,0.5662
p0555,1,p0287,0.8708
p0555,2,p0557,0.7814
p0555,3,p0465,0.7481
p0555,4,p0556,0.7392
p0555,5,p0466,0.7218
p0556,1,p0557,0.831
p0556,2,p0558,0.7911
p0556,3,p0555,0.7392
p0556,4,p0763,0.7102
p0556,5,p0512,0.7
p0557,1,p0556,0.831
p0557,2,p0558,0.8282
p0557,3,p0944,0.8012
p0557,4,p0555,0.7814
p0557,5,p0817,0.7621
p0558,1,p0557,0.8282
p0558,2,p0556,0.7911
p0558,3,p0944,0.7421
p0558,4,p0512,0.7381
p0558,5,p0622,0.7145
p0559,1,p0562,0.8396
p0559,2,p0597,0.6987
p0559,3,p0257,0.6897
p0559,4,p0560,0.6663
p0559,5,p0533,0.6557
p0560,1,p0559,0.6663
p0560,2,p0562,0.6636
p0560,3,p0911,0.6444
p0560,4,p0597,0.6081
p0560,5,p0595,0.6028
p0561,1,p0586,0.6083
p0561,2,p0533,0.6082
p0561,3,p0515,0.6079
p0561,4,p0266,0.5936
p0561,5,p0255,0.5785
p0562,1,p0559,0.8396
p0562,2,p0597,0.766
p0562,3,p0257,0.7279
p0562,4,p0533,0.6968
p0562,5,p0384,0.6779
p0563,1,p0564,0.747
p0563,2,p0600,0.605
p0563,3,p0282,0.5852
p0563,4,p0821,0.5805
p0563,5,p0651,0.5601
p0564,1,p0563,0.747
p0564,2,p0651,0.6398
p0564,3,p0821,0.6385
p0564,4,p0282,0.6149
p0564,5,p0850,0.6063
p0565,1,p0591,0.8322
p0565,2,p0592,0.6726
p0565,3,p0588,0.6283
p0565,4,p0721,0.6269
p0565,5,p0737,0.5736
p0566,1,p0499,0.426
p0566,2,p0574,0.4234
p0566,3,p0604,0.4222
p0566,4,p0507,0.4075
p0566,5,p0918,0.4065
p0567,1,p0586,0.668
p0567,2,p0577,0.6052
p0567,3,p0866,0.584
p0567,4,p0259,0.5539
p0567,5,p0532,0.5224
p0568,1,p0533,0.6516
p0568,2,p0383,0.6288
p0568,3,p0592,0.5927
p0568,4,p0562,0.5886
p0568,5,p0719,0.5758
p0569,1,p0604,0.7983
p0569,2,p0571,0.7071
p0569,3,p0582,0.6999
p0569,4,p0570,0.6476
p0569,5,p0750,0.6108
p0570,1,p0604,0.7337
p0570,2,p0569,0.6476
p0570,3,p0582,0.6343
p0570,4,p0571,0.6172
p0570,5,p0877,0.6167
p0571,1,p0569,0.7071
p0571,2,p0582,0.6928
p0571,3,p0604,0.6745
p0571,4,p0570,0.6172
p0571,5,p0595,0.5854
p0572,1,p0575,0.7032
p0572,2,p0242,0.5737
p0572,3,p0432,0.5593
p0572,4,p0573,0.5348
p0572,5,p0571,0.5202
p0573,1,p0574,0.8014
p0573,2,p0585,0.7044
p0573,3,p0584,0.687
p0573,4,p0582,0.6381
p0573,5,p0604,0.5865
p0574,1,p0573,0.8014
p0574,2,p0585,0.6856
p0574,3,p0584,0.6797
p0574,4,p0604,0.6346
p0574,5,p0582,0.6004
p0575,1,p0242,0.7862
p0575,2,p0572,0.7032
p0575,3,p0603,0.6571
p0575,4,p0432,0.6352
p0575,5,p0595,0.5723
p0576,1,p0581,0.521
p0576,2,p0571,0.4796
p0576,3,p0604,0.4714
p0576,4,p0582,0.467
p0576,5,p0569,0.4572
p0577,1,p0259,0.8126
p0577,2,p0719,0.6149
p0577,3,p0567,0.6052
p0577,4,p0866,0.5908
p0577,5,p0412,0.5706
p0578,1,p0821,0.6013
p0578,2,p0651,0.5732
p0578,3,p0283,0.5698
p0578,4,p0564,0.5693
p0578,5,p0850,0.5671
p0579,1,p0580,0.7478
p0579,2,p0637,0.582
p0579,3,p0636,0.4756
p0579,4,p0629,0.4542
p0579,5,p0938,0.4376
p0580,1,p0579,0.7478
p0580,2,p0637,0.5637
p0580,3,p0636,0.5132
p0580,4,p0434,0.4668
p0580,5,p0629,0.4265
p0581,1,p0569,0.5985
p0581,2,p0604,0.5916
p0581,3,p0562,0.5653
p0581,4,p0582,0.5416
p0581,5,p0570,0.531
p0582,1,p0604,0.7478
p0582,2,p0585,0.701
p0582,3,p0569,0.6999
p0582,4,p0571,0.6928
p0582,5,p0587,0.6451
p0583,1,p0635,0.7003
p0583,2,p0821,0.6553
p0583,3,p0585,0.6427
p0583,4,p0283,0.6411
p0583,5,p0598,0.6347
p0584,1,p0585,0.7029
p0584,2,p0573,0.687
p0584,3,p0574,0.6797
p0584,4,p0603,0.5431
p0584,5,p0644,0.5128
p0585,1,p0604,0.7154
p0585,2,p0573,0.7044
p0585,3,p0584,0.7029
p0585,4,p0582,0.701
p0585,5,p0574,0.6856
p0586,1,p0567,0.668
p0586,2,p0596,0.6301
p0586,3,p0255,0.618
p0586,4,p0561,0.6083
p0586,5,p0416,0.6053
p0587,1,p0582,0.6451
p0587,2,p0424,0.5723
p0587,3,p0570,0.56
p0587,4,p0604,0.5527
p0587,5,p0431,0.5456
p0588,1,p0716,0.6767
p0588,2,p0695,0.6667
p0588,3,p0274,0.6306
p0588,4,p0565,0.6283
p0588,5,p0417,0.588
p0589,1,p0564,0.5962
p0589,2,p0563,0.55
p0589,3,p0651,0.533
p0589,4,p0829,0.5324
p0589,5,p0569,0.523
p0590,1,p0855,0.6269
p0590,2,p0428,0.6264
p0590,3,p0418,0.5361
p0590,4,p0605,0.5314
p0590,5,p0608,0.4795
p0591,1,p0565,0.8322
p0591,2,p0701,0.6507
p0591,3,p0592,0.6343
p0591,4,p0274,0.6266
p0591,5,p0263,0.5999
p0592,1,p0721,0.9117
p0592,2,p0565,0.6726
p0592,3,p0562,0.6406
p0592,4,p0591,0.6343
p0592,5,p0559,0.616
p0593,1,p0714,0.7178
p0593,2,p0594,0.6633
p0593,3,p0729,0.6495
p0593,4,p0414,0.6493
p0593,5,p0417,0.6191
p0594,1,p0729,0.7687
p0594,2,p0593,0.6633
p0594,3,p0716,0.656
p0594,4,p0544,0.6468
p0594,5,p0414,0.6437
p0595,1,p0260,0.7076
p0595,2,p0603,0.6719
p0595,3,p0560,0.6028
p0595,4,p0571,0.5854
p0595,5,p0575,0.5723
p0596,1,p0598,0.7824
p0596,2,p0840,0.6957
p0596,3,p0255,0.6514
p0596,4,p0821,0.6339
p0596,5,p0586,0.6301
p0597,1,p0562,0.766
p0597,2,p0383,0.7199
p0597,3,p0559,0.6987
p0597,4,p0815,0.6354
p0597,5,p0257,0.6352
p0598,1,p0596,0.7824
p0598,2,p0840,0.6493
p0598,3,p0583,0.6347
p0598,4,p0821,0.5637
p0598,5,p0599,0.5423
p0599,1,p0604,0.5426
p0599,2,p0598,0.5423
p0599,3,p0564,0.5156
p0599,4,p0608,0.5128
p0599,5,p0840,0.5114
p0600,1,p0875,0.8543
p0600,2,p0563,0.605
p0600,3,p0583,0.5952
p0600,4,p0922,0.5891
p0600,5,p0564,0.5762
p0601,1,p0581,0.5295
p0601,2,p0725,0.4444
p0601,3,p0727,0.4384
p0601,4,p0709,0.4325
p0601,5,p0569,0.4282
p0602,1,p0617,0.5138
p0602,2,p0631,0.5104
p0602,3,p0594,0.5094
p0602,4,p0719,0.5043
p0602,5,p0537,0.4846
p0603,1,p0595,0.6719
p0603,2,p0575,0.6571
p0603,3,p0582,0.6027
p0603,4,p0604,0.6021
p0603,5,p0260,0.6004
p0604,1,p0569,0.7983
p0604,2,p0582,0.7478
p0604,3,p0570,0.7337
p0604,4,p0585,0.7154
p0604,5,p0571,0.6745
p0605,1,p0608,0.5751
p0605,2,p0590,0.5314
p0605,3,p0838,0.4847
p0605,4,p0654,0.4797
p0605,5,p0646,0.4554
p0606,1,p0429,0.9298
p0606,2,p0964,0.3688
p0606,3,p0603,0.3667
p0606,4,p0901,0.3646
p0606,5,p0604,0.3554
p0607,1,p0898,0.8914
p0607,2,p0883,0.7084
p0607,3,p0900,0.5731
p0607,4,p0824,0.5243
p0607,5,p0882,0.4924
p0608,1,p0569,0.6072
p0608,2,p0604,0.5759
p0608,3,p0605,0.5751
p0608,4,p0582,0.5518
p0608,5,p0571,0.5241
p0609,1,p0264,0.6905
p0609,2,p0241,0.6898
p0609,3,p0603,0.5726
p0609,4,p0575,0.5206
p0609,5,p0595,0.4718
p0610,1,p0582,0.5752
p0610,2,p0648,0.5511
p0610,3,p0569,0.5477
p0610,4,p0421,0.5284
p0610,5,p0564,0.5262
p0611,1,p0902,0.6825
p0611,2,p0107,0.5667
p0611,3,p0736,0.5352
p0611,4,p0438,0.5304
p0611,5,p0966,0.4801
p0612,1,p0391,0.6771
p0612,2,p0613,0.5938
p0612,3,p0395,0.5844
p0612,4,p0230,0.5733
p0612,5,p0393,0.5558
p0613,1,p0230,0.6655
p0613,2,p0231,0.6322
p0613,3,p0612,0.5938
p0613,4,p0616,0.5826
p0613,5,p0614,0.582
p0614,1,p0231,0.6214
p0614,2,p0921,0.6189
p0614,3,p0613,0.582
p0614,4,p0733,0.5496
p0614,5,p0616,0.5357
p0615,1,p0613,0.5378
p0615,2,p0415,0.4905
p0615,3,p0594,0.4896
p0615,4,p0925,0.478
p0615,5,p0631,0.4657
p0616,1,p0398,0.644
p0616,2,p0712,0.6002
p0616,3,p0395,0.5975
p0616,4,p0613,0.5826
p0616,5,p0230,0.5627
p0617,1,p0618,0.6922
p0617,2,p0231,0.5355
p0617,3,p0613,0.5348
p0617,4,p0398,0.5207
p0617,5,p0955,0.5145
p0618,1,p0617,0.6922
p0618,2,p0602,0.4803
p0618,3,p0946,0.4262
p0618,4,p0926,0.417
p0618,5,p0955,0.4164
p0619,1,p0439,0.9147
p0619,2,p0509,0.8868
p0619,3,p0966,0.8614
p0619,4,p0965,0.8423
p0619,5,p0508,0.8189
p0620,1,p0621,0.7913
p0620,2,p0766,0.7004
p0620,3,p0302,0.6326
p0620,4,p0337,0.6265
p0620,5,p0340,0.61
p0621,1,p0620,0.7913
p0621,2,p0302,0.5896
p0621,3,p0340,0.5894
p0621,4,p0337,0.5703
p0621,5,p0321,0.5577
p0622,1,p0628,0.8544
p0622,2,p0943,0.8237
p0622,3,p0466,0.8
p0622,4,p0510,0.7843
p0622,5,p0512,0.7756
p0623,1,p0513,0.6977
p0623,2,p0625,0.6368
p0623,3,p0626,0.6275
p0623,4,p0352,0.5794
p0623,5,p0350,0.5709
p0624,1,p0943,0.7328
p0624,2,p0622,0.7225
p0624,3,p0628,0.72
p0624,4,p0466,0.7193
p0624,5,p0512,0.7146
p0625,1,p0626,0.9417
p0625,2,p0627,0.8278
p0625,3,p0513,0.759
p0625,4,p0352,0.6562
p0625,5,p0351,0.6469
p0626,1,p0625,0.9417
p0626,2,p0627,0.8985
p0626,3,p0513,0.7301
p0626,4,p0352,0.7126
p0626,5,p0351,0.6518
p0627,1,p0626,0.8985
p0627,2,p0625,0.8278
p0627,3,p0352,0.6667
p0627,4,p0358,0.6497
p0627,5,p0357,0.6433
p0628,1,p0943,0.8766
p0628,2,p0622,0.8544
p0628,3,p0466,0.8323
p0628,4,p0512,0.7926
p0628,5,p0510,0.7846
p0629,1,p0283,0.6467
p0629,2,p0964,0.646
p0629,3,p0635,0.6309
p0629,4,p0656,0.6163
p0629,5,p0653,0.6111
p0630,1,p0751,0.5402
p0630,2,p0648,0.5263
p0630,3,p0498,0.5178
p0630,4,p0629,0.5092
p0630,5,p0283,0.5034
p0631,1,p0633,0.5908
p0631,2,p0658,0.5822
p0631,3,p0649,0.5661
p0631,4,p0971,0.5487
p0631,5,p0423,0.529
p0632,1,p0700,0.9422
p0632,2,p0387,0.6144
p0632,3,p0369,0.5861
p0632,4,p0635,0.5713
p0632,5,p0370,0.5666
p0633,1,p0713,0.6528
p0633,2,p0658,0.6299
p0633,3,p0649,0.6222
p0633,4,p0730,0.5932
p0633,5,p0631,0.5908
p0634,1,p0724,0.5691
p0634,2,p0735,0.5594
p0634,3,p0649,0.5539
p0634,4,p0704,0.5531
p0634,5,p0695,0.5498
p0635,1,p0644,0.7623
p0635,2,p0657,0.708
p0635,3,p0583,0.7003
p0635,4,p0283,0.6763
p0635,5,p0532,0.6602
p0636,1,p0637,0.6577
p0636,2,p0649,0.6238
p0636,3,p0642,0.6158
p0636,4,p0629,0.5756
p0636,5,p0641,0.5742
p0637,1,p0636,0.6577
p0637,2,p0579,0.582
p0637,3,p0651,0.5816
p0637,4,p0580,0.5637
p0637,5,p0629,0.5439
p0638,1,p0644,0.5866
p0638,2,p0646,0.5652
p0638,3,p0649,0.5551
p0638,4,p0648,0.5263
p0638,5,p0642,0.5228
p0639,1,p0371,0.6438
p0639,2,p0370,0.634
p0639,3,p0387,0.6292
p0639,4,p0714,0.569
p0639,5,p0533,0.5295
p0640,1,p0642,0.5907
p0640,2,p0629,0.5765
p0640,3,p0646,0.4947
p0640,4,p0656,0.4743
p0640,5,p0638,0.469
p0641,1,p0642,0.7048
p0641,2,p0629,0.5747
p0641,3,p0636,0.5742
p0641,4,p0652,0.5585
p0641,5,p0653,0.5236
p0642,1,p0641,0.7048
p0642,2,p0652,0.6177
p0642,3,p0636,0.6158
p0642,4,p0640,0.5907
p0642,5,p0646,0.5842
p0643,1,p0635,0.6093
p0643,2,p0644,0.6006
p0643,3,p0528,0.5883
p0643,4,p0263,0.5383
p0643,5,p0657,0.526
p0644,1,p0635,0.7623
p0644,2,p0657,0.6645
p0644,3,p0585,0.6637
p0644,4,p0533,0.6589
p0644,5,p0387,0.6322
p0645,1,p0752,0.447
p0645,2,p0650,0.3531
p0645,3,p0728,0.3442
p0645,4,p0411,0.3347
p0645,5,p0588,0.3066
p0646,1,p0833,0.8864
p0646,2,p0649,0.6582
p0646,3,p0642,0.5842
p0646,4,p0638,0.5652
p0646,5,p0851,0.5621
p0647,1,p0646,0.5053
p0647,2,p0649,0.4952
p0647,3,p0642,0.4787
p0647,4,p0629,0.4761
p0647,5,p0636,0.46
p0648,1,p0938,0.6147
p0648,2,p0629,0.5939
p0648,3,p0868,0.593
p0648,4,p0850,0.5915
p0648,5,p0418,0.5912
p0649,1,p0646,0.6582
p0649,2,p0288,0.6485
p0649,3,p0636,0.6238
p0649,4,p0633,0.6222
p0649,5,p0644,0.5812
p0650,1,p0651,0.4709
p0650,2,p0283,0.4242
p0650,3,p0659,0.3973
p0650,4,p0528,0.3895
p0650,5,p0629,0.3742
p0651,1,p0564,0.6398
p0651,2,p0283,0.5917
p0651,3,p0637,0.5816
p0651,4,p0578,0.5732
p0651,5,p0932,0.5697
p0652,1,p0653,0.6345
p0652,2,p0642,0.6177
p0652,3,p0654,0.5879
p0652,4,p0641,0.5585
p0652,5,p0656,0.5327
p0653,1,p0652,0.6345
p0653,2,p0629,0.6111
p0653,3,p0642,0.5795
p0653,4,p0654,0.5613
p0653,5,p0656,0.5597
p0654,1,p0652,0.5879
p0654,2,p0655,0.5822
p0654,3,p0653,0.5613
p0654,4,p0636,0.5435
p0654,5,p0629,0.5335
p0655,1,p0654,0.5822
p0655,2,p0659,0.527
p0655,3,p0642,0.5221
p0655,4,p0636,0.5107
p0655,5,p0657,0.4941
p0656,1,p0629,0.6163
p0656,2,p0653,0.5597
p0656,3,p0652,0.5327
p0656,4,p0657,0.5221
p0656,5,p0654,0.5159
p0657,1,p0635,0.708
p0657,2,p0644,0.6645
p0657,3,p0704,0.6084
p0657,4,p0387,0.6084
p0657,5,p0533,0.599
p0658,1,p0730,0.6543
p0658,2,p0633,0.6299
p0658,3,p0715,0.6126
p0658,4,p0713,0.6075
p0658,5,p0716,0.6025
p0659,1,p0655,0.527
p0659,2,p0657,0.4624
p0659,3,p0654,0.4524
p0659,4,p0636,0.4279
p0659,5,p0642,0.4026
p0660,1,p0662,0.653
p0660,2,p0663,0.6505
p0660,3,p0666,0.6424
p0660,4,p0349,0.6265
p0660,5,p0661,0.6162
p0661,1,p0662,0.6734
p0661,2,p0666,0.6619
p0661,3,p0660,0.6162
p0661,4,p0668,0.599
p0661,5,p0665,0.5213
p0662,1,p0661,0.6734
p0662,2,p0665,0.661
p0662,3,p0660,0.653
p0662,4,p0666,0.5923
p0662,5,p0663,0.5873
p0663,1,p0667,0.6791
p0663,2,p0660,0.6505
p0663,3,p0668,0.5952
p0663,4,p0349,0.5885
p0663,5,p0662,0.5873
p0664,1,p0665,0.5752
p0664,2,p0660,0.5622
p0664,3,p0663,0.5011
p0664,4,p0662,0.4877
p0664,5,p0777,0.4779
p0665,1,p0662,0.661
p0665,2,p0349,0.6028
p0665,3,p0660,0.5934
p0665,4,p0666,0.5899
p0665,5,p0664,0.5752
p0666,1,p0661,0.6619
p0666,2,p0660,0.6424
p0666,3,p0668,0.6134
p0666,4,p0777,0.5931
p0666,5,p0662,0.5923
p0667,1,p0663,0.6791
p0667,2,p0349,0.644
p0667,3,p0668,0.5797
p0667,4,p0660,0.5708
p0667,5,p0662,0.5573
p0668,1,p0777,0.6514
p0668,2,p0666,0.6134
p0668,3,p0661,0.599
p0668,4,p0663,0.5952
p0668,5,p0776,0.5878
p0669,1,p0670,0.5863
p0669,2,p0660,0.5022
p0669,3,p0667,0.4625
p0669,4,p0349,0.4603
p0669,5,p0348,0.4382
p0670,1,p0669,0.5863
p0670,2,p0349,0.4521
p0670,3,p0665,0.4362
p0670,4,p0660,0.3976
p0670,5,p0348,0.3947
p0671,1,p0557,0.6673
p0671,2,p0944,0.6592
p0671,3,p0556,0.658
p0671,4,p0628,0.6531
p0671,5,p0558,0.6483
p0672,1,p0673,0.9074
p0672,2,p0684,0.6577
p0672,3,p0674,0.5882
p0672,4,p0694,0.5389
p0672,5,p0687,0.4891
p0673,1,p0672,0.9074
p0673,2,p0684,0.6487
p0673,3,p0674,0.628
p0673,4,p0694,0.5353
p0673,5,p0687,0.4883
p0674,1,p0681,0.674
p0674,2,p0687,0.6447
p0674,3,p0684,0.6413
p0674,4,p0691,0.6306
p0674,5,p0680,0.6306
p0675,1,p0681,0.7365
p0675,2,p0674,0.571
p0675,3,p0680,0.5565
p0675,4,p0393,0.5229
p0675,5,p0679,0.5052
p0676,1,p0948,0.8094
p0676,2,p0677,0.7696
p0676,3,p0226,0.6379
p0676,4,p0952,0.6301
p0676,5,p0949,0.603
p0677,1,p0676,0.7696
p0677,2,p0948,0.7056
p0677,3,p0688,0.5771
p0677,4,p0694,0.5666
p0677,5,p0952,0.5486
p0678,1,p0680,0.8424
p0678,2,p0950,0.7911
p0678,3,p0689,0.7451
p0678,4,p0684,0.6849
p0678,5,p0681,0.5733
p0679,1,p0687,0.5672
p0679,2,p0771,0.5347
p0679,3,p0691,0.508
p0679,4,p0675,0.5052
p0679,5,p0779,0.4998
p0680,1,p0678,0.8424
p0680,2,p0950,0.7587
p0680,3,p0689,0.7527
p0680,4,p0681,0.6801
p0680,5,p0684,0.6753
p0681,1,p0675,0.7365
p0681,2,p0680,0.6801
p0681,3,p0674,0.674
p0681,4,p0951,0.5787
p0681,5,p0678,0.5733
p0682,1,p0680,0.5841
p0682,2,p0684,0.5798
p0682,3,p0393,0.5789
p0682,4,p0686,0.5701
p0682,5,p0774,0.5682
p0683,1,p0687,0.5131
p0683,2,p0684,0.4785
p0683,3,p0694,0.4686
p0683,4,p0774,0.4664
p0683,5,p0690,0.4375
p0684,1,p0678,0.6849
p0684,2,p0680,0.6753
p0684,3,p0672,0.6577
p0684,4,p0673,0.6487
p0684,5,p0674,0.6413
p0685,1,p0460,0.9843
p0685,2,p0688,0.5352
p0685,3,p0677,0.5163
p0685,4,p0948,0.4924
p0685,5,p0812,0.4771
p0686,1,p0682,0.5701
p0686,2,p0684,0.5214
p0686,3,p0393,0.4805
p0686,4,p0692,0.4756
p0686,5,p0389,0.4664
p0687,1,p0774,0.7113
p0687,2,p0674,0.6447
p0687,3,p0768,0.5809
p0687,4,p0679,0.5672
p0687,5,p0771,0.5619
p0688,1,p0948,0.7189
p0688,2,p0958,0.6428
p0688,3,p0952,0.6283
p0688,4,p0677,0.5771
p0688,5,p0676,0.5597
p0689,1,p0950,0.8147
p0689,2,p0680,0.7527
p0689,3,p0678,0.7451
p0689,4,p0951,0.6754
p0689,5,p0674,0.6088
p0690,1,p0693,0.7713
p0690,2,p0688,0.5513
p0690,3,p0321,0.5455
p0690,4,p0687,0.54
p0690,5,p0678,0.5195
p0691,1,p0674,0.6306
p0691,2,p0692,0.5957
p0691,3,p0679,0.508
p0691,4,p0687,0.5059
p0691,5,p0689,0.4928
p0692,1,p0674,0.6245
p0692,2,p0691,0.5957
p0692,3,p0774,0.5566
p0692,4,p0687,0.5512
p0692,5,p0681,0.5478
p0693,1,p0690,0.7713
p0693,2,p0321,0.5988
p0693,3,p0620,0.5468
p0693,4,p0621,0.5286
p0693,5,p0773,0.5127
p0694,1,p0674,0.5714
p0694,2,p0677,0.5666
p0694,3,p0676,0.5487
p0694,4,p0684,0.5452
p0694,5,p0672,0.5389
p0695,1,p0716,0.8233
p0695,2,p0715,0.8142
p0695,3,p0274,0.78
p0695,4,p0735,0.727
p0695,5,p0417,0.6853
p0696,1,p0718,0.7853
p0696,2,p0723,0.7801
p0696,3,p0715,0.7757
p0696,4,p0732,0.7563
p0696,5,p0724,0.7305
p0697,1,p0710,0.7606
p0697,2,p0715,0.7537
p0697,3,p0725,0.7481
p0697,4,p0701,0.6967
p0697,5,p0723,0.6932
p0698,1,p0701,0.739
p0698,2,p0696,0.7124
p0698,3,p0723,0.7019
p0698,4,p0722,0.6881
p0698,5,p0704,0.6824
p0699,1,p0695,0.6468
p0699,2,p0701,0.6398
p0699,3,p0417,0.5901
p0699,4,p0714,0.5803
p0699,5,p0716,0.5714
p0700,1,p0632,0.9422
p0700,2,p0387,0.6133
p0700,3,p0369,0.6059
p0700,4,p0721,0.5977
p0700,5,p0384,0.5763
p0701,1,p0698,0.739
p0701,2,p0697,0.6967
p0701,3,p0725,0.6822
p0701,4,p0695,0.6809
p0701,5,p0715,0.6682
p0702,1,p0709,0.7617
p0702,2,p0703,0.6456
p0702,3,p0715,0.631
p0702,4,p0727,0.6254
p0702,5,p0735,0.6239
p0703,1,p0702,0.6456
p0703,2,p0003,0.6018
p0703,3,p0709,0.5891
p0703,4,p0724,0.579
p0703,5,p0001,0.5762
p0704,1,p0698,0.6824
p0704,2,p0657,0.6084
p0704,3,p0724,0.6035
p0704,4,p0723,0.5971
p0704,5,p0734,0.5913
p0705,1,p0722,0.6127
p0705,2,p0706,0.5901
p0705,3,p0695,0.5516
p0705,4,p0707,0.4829
p0705,5,p0274,0.4814
p0706,1,p0722,0.7447
p0706,2,p0698,0.6619
p0706,3,p0963,0.6367
p0706,4,p0705,0.5901
p0706,5,p0695,0.532
p0707,1,p0715,0.7479
p0707,2,p0921,0.6646
p0707,3,p0708,0.6302
p0707,4,p0697,0.6204
p0707,5,p0723,0.6173
p0708,1,p0707,0.6302
p0708,2,p0921,0.6191
p0708,3,p0276,0.5582
p0708,4,p0274,0.4385
p0708,5,p0029,0.421
p0709,1,p0702,0.7617
p0709,2,p0727,0.6715
p0709,3,p0725,0.6395
p0709,4,p0715,0.6279
p0709,5,p0724,0.6231
p0710,1,p0697,0.7606
p0710,2,p0715,0.7117
p0710,3,p0725,0.6761
p0710,4,p0724,0.676
p0710,5,p0711,0.6633
p0711,1,p0715,0.7525
p0711,2,p0710,0.6633
p0711,3,p0696,0.6598
p0711,4,p0733,0.6587
p0711,5,p0712,0.6556
p0712,1,p0398,0.9154
p0712,2,p0733,0.6794
p0712,3,p0711,0.6556
p0712,4,p0397,0.6288
p0712,5,p0400,0.6056
p0713,1,p0730,0.7568
p0713,2,p0633,0.6528
p0713,3,p0658,0.6075
p0713,4,p0707,0.5826
p0713,5,p0731,0.5805
p0714,1,p0593,0.7178
p0714,2,p0729,0.6697
p0714,3,p0699,0.5803
p0714,4,p0594,0.5761
p0714,5,p0695,0.5707
p0715,1,p0695,0.8142
p0715,2,p0696,0.7757
p0715,3,p0716,0.7612
p0715,4,p0735,0.7567
p0715,5,p0697,0.7537
p0716,1,p0695,0.8233
p0716,2,p0715,0.7612
p0716,3,p0735,0.706
p0716,4,p0274,0.6853
p0716,5,p0414,0.6818
p0717,1,p0701,0.6222
p0717,2,p0588,0.5764
p0717,3,p0591,0.5446
p0717,4,p0658,0.5431
p0717,5,p0699,0.5384
p0718,1,p0696,0.7853
p0718,2,p0733,0.7197
p0718,3,p0723,0.7038
p0718,4,p0724,0.6803
p0718,5,p0730,0.6721
p0719,1,p0697,0.6908
p0719,2,p0725,0.6555
p0719,3,p0695,0.6353
p0719,4,p0715,0.6302
p0719,5,p0274,0.6224
p0720,1,p0807,0.5768
p0720,2,p0701,0.5589
p0720,3,p0591,0.5234
p0720,4,p0534,0.5156
p0720,5,p0934,0.5079
p0721,1,p0592,0.9117
p0721,2,p0565,0.6269
p0721,3,p0562,0.6001
p0721,4,p0387,0.5995
p0721,5,p0700,0.5977
p0722,1,p0706,0.7447
p0722,2,p0698,0.6881
p0722,3,p0723,0.6444
p0722,4,p0696,0.6272
p0722,5,p0715,0.6225
p0723,1,p0696,0.7801
p0723,2,p0724,0.7518
p0723,3,p0715,0.7238
p0723,4,p0727,0.7191
p0723,5,p0718,0.7038
p0724,1,p0727,0.7892
p0724,2,p0723,0.7518
p0724,3,p0696,0.7305
p0724,4,p0715,0.7216
p0724,5,p0725,0.7013
p0725,1,p0697,0.7481
p0725,2,p0724,0.7013
p0725,3,p0701,0.6822
p0725,4,p0710,0.6761
p0725,5,p0732,0.6644
p0726,1,p0696,0.6631
p0726,2,p0697,0.6609
p0726,3,p0732,0.6452
p0726,4,p0715,0.6007
p0726,5,p0723,0.5967
p0727,1,p0724,0.7892
p0727,2,p0723,0.7191
p0727,3,p0696,0.6981
p0727,4,p0709,0.6715
p0727,5,p0715,0.6556
p0728,1,p0536,0.5912
p0728,2,p0658,0.571
p0728,3,p0733,0.5523
p0728,4,p0730,0.5478
p0728,5,p0712,0.5382
p0729,1,p0594,0.7687
p0729,2,p0695,0.6708
p0729,3,p0714,0.6697
p0729,4,p0716,0.6641
p0729,5,p0715,0.6533
p0730,1,p0713,0.7568
p0730,2,p0731,0.7175
p0730,3,p0732,0.7071
p0730,4,p0696,0.6872
p0730,5,p0718,0.6721
p0731,1,p0730,0.7175
p0731,2,p0713,0.5805
p0731,3,p0018,0.4657
p0731,4,p0732,0.4521
p0731,5,p0733,0.4414
p0732,1,p0696,0.7563
p0732,2,p0730,0.7071
p0732,3,p0723,0.7001
p0732,4,p0724,0.6931
p0732,5,p0718,0.671
p0733,1,p0718,0.7197
p0733,2,p0696,0.7039
p0733,3,p0712,0.6794
p0733,4,p0715,0.6615
p0733,5,p0711,0.6587
p0734,1,p0704,0.5913
p0734,2,p0709,0.5708
p0734,3,p0725,0.569
p0734,4,p0724,0.5568
p0734,5,p0727,0.5557
p0735,1,p0738,0.9262
p0735,2,p0715,0.7567
p0735,3,p0695,0.727
p0735,4,p0716,0.706
p0735,5,p0439,0.6796
p0736,1,p0438,0.8871
p0736,2,p0965,0.7462
p0736,3,p0966,0.7153
p0736,4,p0508,0.6987
p0736,5,p0619,0.6884
p0737,1,p0538,0.9292
p0737,2,p0274,0.6431
p0737,3,p0697,0.6305
p0737,4,p0724,0.5903
p0737,5,p0695,0.5897
p0738,1,p0735,0.9262
p0738,2,p0439,0.8278
p0738,3,p0619,0.7801
p0738,4,p0509,0.7536
p0738,5,p0966,0.7341
p0739,1,p0740,0.6708
p0739,2,p0384,0.4375
p0739,3,p0559,0.4288
p0739,4,p0351,0.4259
p0739,5,p0608,0.4125
p0740,1,p0739,0.6708
p0740,2,p0032,0.4554
p0740,3,p0469,0.4194
p0740,4,p0986,0.4143
p0740,5,p0120,0.4133
p0741,1,p0195,0.6139
p0741,2,p0121,0.5581
p0741,3,p0075,0.5371
p0741,4,p0160,0.536
p0741,5,p0027,0.534
p0742,1,p0743,0.7133
p0742,2,p0296,0.6836
p0742,3,p0744,0.6551
p0742,4,p0294,0.5981
p0742,5,p0745,0.5443
p0743,1,p0742,0.7133
p0743,2,p0744,0.7063
p0743,3,p0745,0.6814
p0743,4,p0297,0.6163
p0743,5,p0296,0.5889
p0744,1,p0743,0.7063
p0744,2,p0742,0.6551
p0744,3,p0297,0.5613
p0744,4,p0296,0.5568
p0744,5,p0858,0.5331
p0745,1,p0743,0.6814
p0745,2,p0297,0.6573
p0745,3,p0742,0.5443
p0745,4,p0744,0.5111
p0745,5,p0920,0.4796
p0746,1,p0749,0.7187
p0746,2,p0748,0.7164
p0746,3,p0750,0.6652
p0746,4,p0751,0.5487
p0746,5,p0756,0.5288
p0747,1,p0748,0.7045
p0747,2,p0533,0.649
p0747,3,p0911,0.6108
p0747,4,p0559,0.6097
p0747,5,p0382,0.6029
p0748,1,p0746,0.7164
p0748,2,p0747,0.7045
p0748,3,p0750,0.6315
p0748,4,p0749,0.6144
p0748,5,p0562,0.5987
p0749,1,p0746,0.7187
p0749,2,p0748,0.6144
p0749,3,p0750,0.5257
p0749,4,p0758,0.5081
p0749,5,p0751,0.5048
p0750,1,p0746,0.6652
p0750,2,p0748,0.6315
p0750,3,p0569,0.6108
p0750,4,p0853,0.5853
p0750,5,p0539,0.5794
p0751,1,p0254,0.7205
p0751,2,p0500,0.5614
p0751,3,p0746,0.5487
p0751,4,p0630,0.5402
p0751,5,p0867,0.5268
p0752,1,p0448,0.4921
p0752,2,p0613,0.4508
p0752,3,p0645,0.447
p0752,4,p0394,0.4052
p0752,5,p0409,0.377
p0753,1,p0391,0.5582
p0753,2,p0612,0.5529
p0753,3,p0392,0.5031
p0753,4,p0230,0.4908
p0753,5,p0397,0.4824
p0754,1,p0746,0.4823
p0754,2,p0756,0.4701
p0754,3,p0750,0.4606
p0754,4,p0734,0.4494
p0754,5,p0757,0.4316
p0755,1,p0502,0.5653
p0755,2,p0916,0.4785
p0755,3,p0294,0.4752
p0755,4,p0760,0.4732
p0755,5,p0918,0.4597
p0756,1,p0761,0.6204
p0756,2,p0750,0.5579
p0756,3,p0746,0.5288
p0756,4,p0748,0.5157
p0756,5,p0016,0.5141
p0757,1,p0295,0.5663
p0757,2,p0758,0.5273
p0757,3,p0526,0.5217
p0757,4,p0750,0.4954
p0757,5,p0749,0.4918
p0758,1,p0757,0.5273
p0758,2,p0749,0.5081
p0758,3,p0761,0.5042
p0758,4,p0748,0.4683
p0758,5,p0746,0.4679
p0759,1,p0756,0.4982
p0759,2,p0761,0.4888
p0759,3,p0753,0.4508
p0759,4,p0757,0.4495
p0759,5,p0016,0.4317
p0760,1,p0502,0.6606
p0760,2,p0479,0.6484
p0760,3,p0869,0.6289
p0760,4,p0916,0.6125
p0760,5,p0483,0.6083
p0761,1,p0756,0.6204
p0761,2,p0295,0.5165
p0761,3,p0858,0.5095
p0761,4,p0758,0.5042
p0761,5,p0759,0.4888
p0762,1,p0942,0.9378
p0762,2,p0851,0.9134
p0762,3,p0646,0.5103
p0762,4,p0833,0.4689
p0762,5,p0834,0.4675
p0763,1,p0335,0.7772
p0763,2,p0390,0.7732
p0763,3,p0944,0.7582
p0763,4,p0465,0.7531
p0763,5,p0466,0.7513
p0764,1,p0768,0.6619
p0764,2,p0766,0.6461
p0764,3,p0770,0.6303
p0764,4,p0769,0.5586
p0764,5,p0776,0.5385
p0765,1,p0289,0.4718
p0765,2,p0577,0.4579
p0765,3,p0412,0.4493
p0765,4,p0259,0.4384
p0765,5,p0741,0.4134
p0766,1,p0620,0.7004
p0766,2,p0768,0.6514
p0766,3,p0764,0.6461
p0766,4,p0771,0.633
p0766,5,p0769,0.6291
p0767,1,p0340,0.5427
p0767,2,p0210,0.54
p0767,3,p0034,0.5367
p0767,4,p0763,0.5294
p0767,5,p0620,0.526
p0768,1,p0774,0.7296
p0768,2,p0770,0.6986
p0768,3,p0764,0.6619
p0768,4,p0766,0.6514
p0768,5,p0769,0.6156
p0769,1,p0766,0.6291
p0769,2,p0768,0.6156
p0769,3,p0770,0.5871
p0769,4,p0764,0.5586
p0769,5,p0778,0.53
p0770,1,p0776,0.7347
p0770,2,p0768,0.6986
p0770,3,p0764,0.6303
p0770,4,p0778,0.6012
p0770,5,p0769,0.5871
p0771,1,p0766,0.633
p0771,2,p0770,0.5778
p0771,3,p0768,0.5717
p0771,4,p0687,0.5619
p0771,5,p0774,0.5616
p0772,1,p0776,0.5415
p0772,2,p0777,0.5329
p0772,3,p0781,0.53
p0772,4,p0343,0.5094
p0772,5,p0766,0.5055
p0773,1,p0781,0.6469
p0773,2,p0321,0.5942
p0773,3,p0620,0.5712
p0773,4,p0348,0.5516
p0773,5,p0280,0.5454
p0774,1,p0768,0.7296
p0774,2,p0687,0.7113
p0774,3,p0674,0.5952
p0774,4,p0680,0.5821
p0774,5,p0780,0.5706
p0775,1,p0349,0.4559
p0775,2,p0338,0.4366
p0775,3,p0493,0.4333
p0775,4,p0337,0.4237
p0775,5,p0273,0.4203
p0776,1,p0770,0.7347
p0776,2,p0778,0.6904
p0776,3,p0668,0.5878
p0776,4,p0343,0.5605
p0776,5,p0347,0.5476
p0777,1,p0349,0.6807
p0777,2,p0668,0.6514
p0777,3,p0666,0.5931
p0777,4,p0663,0.5858
p0777,5,p0660,0.5824
p0778,1,p0776,0.6904
p0778,2,p0770,0.6012
p0778,3,p0781,0.5399
p0778,4,p0769,0.53
p0778,5,p0774,0.529
p0779,1,p0679,0.4998
p0779,2,p0771,0.485
p0779,3,p0690,0.4125
p0779,4,p0766,0.4084
p0779,5,p0781,0.3971
p0780,1,p0768,0.593
p0780,2,p0774,0.5706
p0780,3,p0781,0.5563
p0780,4,p0764,0.5328
p0780,5,p0770,0.5179
p0781,1,p0773,0.6469
p0781,2,p0780,0.5563
p0781,3,p0778,0.5399
p0781,4,p0772,0.53
p0781,5,p0770,0.514
p0782,1,p0092,0.7011
p0782,2,p0034,0.6838
p0782,3,p0128,0.6716
p0782,4,p0121,0.647
p0782,5,p0381,0.6329
p0783,1,p0787,0.7972
p0783,2,p0785,0.7855
p0783,3,p0789,0.7645
p0783,4,p0784,0.7626
p0783,5,p0790,0.7269
p0784,1,p0783,0.7626
p0784,2,p0785,0.7515
p0784,3,p0787,0.7227
p0784,4,p0789,0.6831
p0784,5,p0790,0.6739
p0785,1,p0790,0.7918
p0785,2,p0783,0.7855
p0785,3,p0787,0.7844
p0785,4,p0789,0.7605
p0785,5,p0784,0.7515
p0786,1,p0787,0.7663
p0786,2,p0789,0.7423
p0786,3,p0790,0.7232
p0786,4,p0785,0.7126
p0786,5,p0783,0.7122
p0787,1,p0783,0.7972
p0787,2,p0785,0.7844
p0787,3,p0786,0.7663
p0787,4,p0789,0.7434
p0787,5,p0790,0.7357
p0788,1,p0790,0.7315
p0788,2,p0789,0.7272
p0788,3,p0785,0.7003
p0788,4,p0783,0.6913
p0788,5,p0786,0.6672
p0789,1,p0790,0.8503
p0789,2,p0783,0.7645
p0789,3,p0785,0.7605
p0789,4,p0787,0.7434
p0789,5,p0786,0.7423
p0790,1,p0789,0.8503
p0790,2,p0785,0.7918
p0790,3,p0787,0.7357
p0790,4,p0788,0.7315
p0790,5,p0783,0.7269
p0791,1,p0797,0.6437
p0791,2,p0800,0.6338
p0791,3,p0793,0.6184
p0791,4,p0798,0.6151
p0791,5,p0805,0.5926
p0792,1,p0794,0.6115
p0792,2,p0793,0.6081
p0792,3,p0795,0.5976
p0792,4,p0801,0.5955
p0792,5,p0806,0.593
p0793,1,p0796,0.6882
p0793,2,p0798,0.6822
p0793,3,p0795,0.6801
p0793,4,p0803,0.6389
p0793,5,p0806,0.6239
p0794,1,p0795,0.7533
p0794,2,p0797,0.6996
p0794,3,p0802,0.6693
p0794,4,p0803,0.6626
p0794,5,p0801,0.6464
p0795,1,p0796,0.7719
p0795,2,p0803,0.7694
p0795,3,p0794,0.7533
p0795,4,p0806,0.746
p0795,5,p0802,0.6854
p0796,1,p0795,0.7719
p0796,2,p0803,0.7363
p0796,3,p0806,0.6946
p0796,4,p0793,0.6882
p0796,5,p0787,0.6816
p0797,1,p0794,0.6996
p0797,2,p0800,0.6944
p0797,3,p0791,0.6437
p0797,4,p0786,0.6345
p0797,5,p0787,0.607
p0798,1,p0793,0.6822
p0798,2,p0791,0.6151
p0798,3,p0805,0.5742
p0798,4,p0792,0.5573
p0798,5,p0800,0.5381
p0799,1,p0804,0.6868
p0799,2,p0796,0.6728
p0799,3,p0785,0.6363
p0799,4,p0789,0.6251
p0799,5,p0783,0.6242
p0800,1,p0797,0.6944
p0800,2,p0805,0.6381
p0800,3,p0791,0.6338
p0800,4,p0786,0.5795
p0800,5,p0787,0.5769
p0801,1,p0802,0.648
p0801,2,p0794,0.6464
p0801,3,p0795,0.6259
p0801,4,p0792,0.5955
p0801,5,p0806,0.5804
p0802,1,p0795,0.6854
p0802,2,p0794,0.6693
p0802,3,p0803,0.6562
p0802,4,p0801,0.648
p0802,5,p0806,0.6322
p0803,1,p0795,0.7694
p0803,2,p0796,0.7363
p0803,3,p0806,0.709
p0803,4,p0794,0.6626
p0803,5,p0802,0.6562
p0804,1,p0785,0.7338
p0804,2,p0799,0.6868
p0804,3,p0789,0.6851
p0804,4,p0790,0.6817
p0804,5,p0796,0.6795
p0805,1,p0800,0.6381
p0805,2,p0791,0.5926
p0805,3,p0798,0.5742
p0805,4,p0797,0.5715
p0805,5,p0794,0.5063
p0806,1,p0795,0.746
p0806,2,p0803,0.709
p0806,3,p0796,0.6946
p0806,4,p0804,0.6681
p0806,5,p0794,0.641
p0807,1,p0720,0.5768
p0807,2,p0199,0.524
p0807,3,p0195,0.5044
p0807,4,p0012,0.4999
p0807,5,p0198,0.4978
p0808,1,p0787,0.6457
p0808,2,p0785,0.6269
p0808,3,p0789,0.6176
p0808,4,p0786,0.6158
p0808,5,p0783,0.6151
p0809,1,p0787,0.5797
p0809,2,p0808,0.5257
p0809,3,p0786,0.521
p0809,4,p0785,0.5074
p0809,5,p0789,0.4986
p0810,1,p0814,0.6719
p0810,2,p0811,0.6711
p0810,3,p0815,0.6238
p0810,4,p0844,0.5768
p0810,5,p0840,0.5759
p0811,1,p0281,0.717
p0811,2,p0810,0.6711
p0811,3,p0458,0.6642
p0811,4,p0814,0.6353
p0811,5,p0819,0.6239
p0812,1,p0460,0.487
p0812,2,p0685,0.4771
p0812,3,p0811,0.4709
p0812,4,p0871,0.4495
p0812,5,p0813,0.4483
p0813,1,p0816,0.5738
p0813,2,p0811,0.5447
p0813,3,p0815,0.5431
p0813,4,p0810,0.5351
p0813,5,p0824,0.5214
p0814,1,p0815,0.8338
p0814,2,p0518,0.8046
p0814,3,p0810,0.6719
p0814,4,p0521,0.6683
p0814,5,p0811,0.6353
p0815,1,p0521,0.8396
p0815,2,p0814,0.8338
p0815,3,p0518,0.6729
p0815,4,p0516,0.6398
p0815,5,p0597,0.6354
p0816,1,p0439,0.7873
p0816,2,p0619,0.7845
p0816,3,p0509,0.7457
p0816,4,p0539,0.7304
p0816,5,p0966,0.7253
p0817,1,p0818,0.8943
p0817,2,p0557,0.7621
p0817,3,p0628,0.7207
p0817,4,p0944,0.7002
p0817,5,p0763,0.6925
p0818,1,p0817,0.8943
p0818,2,p0556,0.6586
p0818,3,p0628,0.6467
p0818,4,p0622,0.6437
p0818,5,p0557,0.6368
p0819,1,p0850,0.7168
p0819,2,p0844,0.6818
p0819,3,p0832,0.6796
p0819,4,p0824,0.6512
p0819,5,p0281,0.6449
p0820,1,p0830,0.5798
p0820,2,p0847,0.5791
p0820,3,p0842,0.5768
p0820,4,p0829,0.5706
p0820,5,p0843,0.5356
p0821,1,p0283,0.7523
p0821,2,p0840,0.6817
p0821,3,p0583,0.6553
p0821,4,p0564,0.6385
p0821,5,p0596,0.6339
p0822,1,p0834,0.682
p0822,2,p0852,0.6717
p0822,3,p0829,0.6665
p0822,4,p0833,0.6455
p0822,5,p0819,0.6353
p0823,1,p0833,0.6079
p0823,2,p0832,0.5626
p0823,3,p0829,0.5519
p0823,4,p0822,0.5466
p0823,5,p0838,0.5458
p0824,1,p0847,0.7352
p0824,2,p0885,0.6989
p0824,3,p0819,0.6512
p0824,4,p0829,0.6471
p0824,5,p0884,0.6442
p0825,1,p0829,0.6356
p0825,2,p0845,0.5992
p0825,3,p0850,0.5977
p0825,4,p0648,0.5806
p0825,5,p0821,0.5706
p0826,1,p0867,0.6602
p0826,2,p0886,0.6044
p0826,3,p0829,0.5884
p0826,4,p0822,0.5793
p0826,5,p0825,0.5687
p0827,1,p0829,0.6557
p0827,2,p0819,0.4959
p0827,3,p0822,0.4894
p0827,4,p0845,0.4872
p0827,5,p0847,0.4864
p0828,1,p0827,0.4771
p0828,2,p0563,0.473
p0828,3,p0829,0.4491
p0828,4,p0845,0.4401
p0828,5,p0564,0.4053
p0829,1,p0856,0.6951
p0829,2,p0850,0.6865
p0829,3,p0847,0.6783
p0829,4,p0831,0.6753
p0829,5,p0822,0.6665
p0830,1,p0937,0.6532
p0830,2,p0847,0.6211
p0830,3,p0829,0.5856
p0830,4,p0820,0.5798
p0830,5,p0271,0.5437
p0831,1,p0829,0.6753
p0831,2,p0824,0.6069
p0831,3,p0847,0.6031
p0831,4,p0822,0.5849
p0831,5,p0835,0.5713
p0832,1,p0844,0.8005
p0832,2,p0819,0.6796
p0832,3,p0281,0.6436
p0832,4,p0840,0.6268
p0832,5,p0850,0.6092
p0833,1,p0646,0.8864
p0833,2,p0822,0.6455
p0833,3,p0851,0.6391
p0833,4,p0852,0.6315
p0833,5,p0823,0.6079
p0834,1,p0822,0.682
p0834,2,p0940,0.6444
p0834,3,p0847,0.6417
p0834,4,p0845,0.6347
p0834,5,p0919,0.6205
p0835,1,p0836,0.576
p0835,2,p0831,0.5713
p0835,3,p0822,0.5425
p0835,4,p0422,0.5212
p0835,5,p0876,0.487
p0836,1,p0422,0.9674
p0836,2,p0876,0.6034
p0836,3,p0835,0.576
p0836,4,p0829,0.5417
p0836,5,p0856,0.5359
p0837,1,p0838,0.6577
p0837,2,p0819,0.6151
p0837,3,p0281,0.5759
p0837,4,p0832,0.5716
p0837,5,p0844,0.561
p0838,1,p0837,0.6577
p0838,2,p0823,0.5458
p0838,3,p0822,0.5306
p0838,4,p0833,0.5039
p0838,5,p0844,0.4963
p0839,1,p0882,0.9134
p0839,2,p0829,0.6064
p0839,3,p0824,0.5305
p0839,4,p0900,0.5164
p0839,5,p0841,0.505
p0840,1,p0596,0.6957
p0840,2,p0821,0.6817
p0840,3,p0598,0.6493
p0840,4,p0832,0.6268
p0840,5,p0261,0.6037
p0841,1,p0842,0.6723
p0841,2,p0824,0.6383
p0841,3,p0884,0.6042
p0841,4,p0920,0.5796
p0841,5,p0864,0.5775
p0842,1,p0841,0.6723
p0842,2,p0884,0.6394
p0842,3,p0885,0.5968
p0842,4,p0829,0.5947
p0842,5,p0824,0.5931
p0843,1,p0842,0.5784
p0843,2,p0820,0.5356
p0843,3,p0885,0.4944
p0843,4,p0970,0.4761
p0843,5,p0884,0.4535
p0844,1,p0832,0.8005
p0844,2,p0819,0.6818
p0844,3,p0281,0.6745
p0844,4,p0604,0.6133
p0844,5,p0585,0.5966
p0845,1,p0829,0.6374
p0845,2,p0834,0.6347
p0845,3,p0856,0.607
p0845,4,p0825,0.5992
p0845,5,p0822,0.5558
p0846,1,p0829,0.6235
p0846,2,p0850,0.5949
p0846,3,p0856,0.5756
p0846,4,p0564,0.5706
p0846,5,p0847,0.5608
p0847,1,p0824,0.7352
p0847,2,p0271,0.6902
p0847,3,p0829,0.6783
p0847,4,p0834,0.6417
p0847,5,p0830,0.6211
p0848,1,p0847,0.4637
p0848,2,p0820,0.432
p0848,3,p0813,0.4225
p0848,4,p0271,0.4224
p0848,5,p0824,0.4222
p0849,1,p0271,0.7055
p0849,2,p0900,0.6221
p0849,3,p0550,0.6074
p0849,4,p0874,0.5994
p0849,5,p0824,0.5924
p0850,1,p0819,0.7168
p0850,2,p0829,0.6865
p0850,3,p0821,0.6336
p0850,4,p0856,0.6208
p0850,5,p0832,0.6092
p0851,1,p0762,0.9134
p0851,2,p0942,0.9123
p0851,3,p0833,0.6391
p0851,4,p0822,0.6078
p0851,5,p0834,0.5888
p0852,1,p0822,0.6717
p0852,2,p0853,0.6489
p0852,3,p0833,0.6315
p0852,4,p0851,0.5833
p0852,5,p0829,0.5699
p0853,1,p0852,0.6489
p0853,2,p0908,0.6202
p0853,3,p0910,0.5976
p0853,4,p0750,0.5853
p0853,5,p0905,0.5713
p0854,1,p0863,0.9809
p0854,2,p0829,0.5636
p0854,3,p0830,0.537
p0854,4,p0822,0.5188
p0854,5,p0842,0.5186
p0855,1,p0428,0.9198
p0855,2,p0590,0.6269
p0855,3,p0418,0.5517
p0855,4,p0648,0.5196
p0855,5,p0825,0.5166
p0856,1,p0829,0.6951
p0856,2,p0850,0.6208
p0856,3,p0845,0.607
p0856,4,p0846,0.5756
p0856,5,p0564,0.5586
p0857,1,p0861,0.6945
p0857,2,p0860,0.6666
p0857,3,p0858,0.641
p0857,4,p0859,0.6091
p0857,5,p0862,0.5503
p0858,1,p0857,0.641
p0858,2,p0859,0.5489
p0858,3,p0860,0.5378
p0858,4,p0744,0.5331
p0858,5,p0761,0.5095
p0859,1,p0857,0.6091
p0859,2,p0860,0.5674
p0859,3,p0858,0.5489
p0859,4,p0863,0.458
p0859,5,p0861,0.4543
p0860,1,p0857,0.6666
p0860,2,p0291,0.5769
p0860,3,p0935,0.5755
p0860,4,p0859,0.5674
p0860,5,p0858,0.5378
p0861,1,p0857,0.6945
p0861,2,p0860,0.5321
p0861,3,p0862,0.5017
p0861,4,p0858,0.4848
p0861,5,p0859,0.4543
p0862,1,p0857,0.5503
p0862,2,p0553,0.5269
p0862,3,p0861,0.5017
p0862,4,p0858,0.4691
p0862,5,p0761,0.4374
p0863,1,p0854,0.9809
p0863,2,p0829,0.5184
p0863,3,p0830,0.511
p0863,4,p0860,0.475
p0863,5,p0293,0.4743
p0864,1,p0885,0.6682
p0864,2,p0884,0.6371
p0864,3,p0892,0.633
p0864,4,p0886,0.6233
p0864,5,p0871,0.6044
p0865,1,p0548,0.4969
p0865,2,p0549,0.4609
p0865,3,p0893,0.4401
p0865,4,p0449,0.4353
p0865,5,p0504,0.4333
p0866,1,p0586,0.6025
p0866,2,p0577,0.5908
p0866,3,p0567,0.584
p0866,4,p0524,0.5471
p0866,5,p0416,0.5306
p0867,1,p0826,0.6602
p0867,2,p0893,0.6541
p0867,3,p0886,0.5968
p0867,4,p0901,0.5424
p0867,5,p0881,0.534
p0868,1,p0648,0.593
p0868,2,p0877,0.5506
p0868,3,p0938,0.5427
p0868,4,p0846,0.5106
p0868,5,p0900,0.5015
p0869,1,p0760,0.6289
p0869,2,p0483,0.6157
p0869,3,p0864,0.5681
p0869,4,p0479,0.557
p0869,5,p0484,0.5526
p0870,1,p0871,0.7946
p0870,2,p0864,0.5769
p0870,3,p0892,0.5683
p0870,4,p0973,0.527
p0870,5,p0478,0.5209
p0871,1,p0870,0.7946
p0871,2,p0864,0.6044
p0871,3,p0892,0.5993
p0871,4,p0483,0.5768
p0871,5,p0901,0.5406
p0872,1,p0877,0.6178
p0872,2,p0889,0.6041
p0872,3,p0426,0.6001
p0872,4,p0897,0.5376
p0872,5,p0873,0.5363
p0873,1,p0877,0.737
p0873,2,p0874,0.6655
p0873,3,p0884,0.6239
p0873,4,p0420,0.5736
p0873,5,p0849,0.5618
p0874,1,p0873,0.6655
p0874,2,p0877,0.6019
p0874,3,p0849,0.5994
p0874,4,p0457,0.5791
p0874,5,p0420,0.5485
p0875,1,p0600,0.8543
p0875,2,p0922,0.5726
p0875,3,p0564,0.4954
p0875,4,p0563,0.4829
p0875,5,p0583,0.4759
p0876,1,p0836,0.6034
p0876,2,p0422,0.5965
p0876,3,p0831,0.4979
p0876,4,p0835,0.487
p0876,5,p0271,0.4666
p0877,1,p0873,0.737
p0877,2,p0419,0.6338
p0877,3,p0582,0.622
p0877,4,p0872,0.6178
p0877,5,p0570,0.6167
p0878,1,p0743,0.4529
p0878,2,p0295,0.4345
p0878,3,p0863,0.4253
p0878,4,p0742,0.4249
p0878,5,p0298,0.4216
p0879,1,p0884,0.5411
p0879,2,p0433,0.5052
p0879,3,p0886,0.484
p0879,4,p0434,0.4784
p0879,5,p0885,0.4725
p0880,1,p0192,0.5771
p0880,2,p0193,0.5417
p0880,3,p0867,0.5316
p0880,4,p0503,0.5285
p0880,5,p0509,0.5048
p0881,1,p0890,0.5691
p0881,2,p0867,0.534
p0881,3,p0889,0.5215
p0881,4,p0543,0.5111
p0881,5,p0880,0.4765
p0882,1,p0839,0.9134
p0882,2,p0898,0.5799
p0882,3,p0900,0.5401
p0882,4,p0867,0.5205
p0882,5,p0883,0.5138
p0883,1,p0898,0.7985
p0883,2,p0607,0.7084
p0883,3,p0900,0.6544
p0883,4,p0864,0.5942
p0883,5,p0884,0.5904
p0884,1,p0885,0.7674
p0884,2,p0886,0.6761
p0884,3,p0824,0.6442
p0884,4,p0842,0.6394
p0884,5,p0864,0.6371
p0885,1,p0884,0.7674
p0885,2,p0824,0.6989
p0885,3,p0864,0.6682
p0885,4,p0886,0.6583
p0885,5,p0900,0.6095
p0886,1,p0884,0.6761
p0886,2,p0885,0.6583
p0886,3,p0864,0.6233
p0886,4,p0826,0.6044
p0886,5,p0867,0.5968
p0887,1,p0897,0.7625
p0887,2,p0459,0.6566
p0887,3,p0891,0.6369
p0887,4,p0443,0.5702
p0887,5,p0894,0.5645
p0888,1,p0872,0.5067
p0888,2,p0901,0.4854
p0888,3,p0886,0.4755
p0888,4,p0873,0.475
p0888,5,p0893,0.4718
p0889,1,p0872,0.6041
p0889,2,p0890,0.5931
p0889,3,p0881,0.5215
p0889,4,p0435,0.5058
p0889,5,p0937,0.4652
p0890,1,p0889,0.5931
p0890,2,p0881,0.5691
p0890,3,p0549,0.5591
p0890,4,p0547,0.5535
p0890,5,p0550,0.5459
p0891,1,p0887,0.6369
p0891,2,p0898,0.6123
p0891,3,p0897,0.6004
p0891,4,p0883,0.5865
p0891,5,p0886,0.5532
p0892,1,p0483,0.6796
p0892,2,p0864,0.633
p0892,3,p0871,0.5993
p0892,4,p0478,0.5911
p0892,5,p0482,0.5775
p0893,1,p0867,0.6541
p0893,2,p0826,0.5356
p0893,3,p0898,0.4992
p0893,4,p0901,0.4872
p0893,5,p0888,0.4718
p0894,1,p0898,0.5947
p0894,2,p0887,0.5645
p0894,3,p0897,0.5572
p0894,4,p0895,0.5337
p0894,5,p0891,0.5314
p0895,1,p0894,0.5337
p0895,2,p0452,0.4563
p0895,3,p0457,0.456
p0895,4,p0442,0.4517
p0895,5,p0813,0.4426
p0896,1,p0901,0.5398
p0896,2,p0884,0.5376
p0896,3,p0886,0.5144
p0896,4,p0826,0.4827
p0896,5,p0867,0.464
p0897,1,p0459,0.8922
p0897,2,p0887,0.7625
p0897,3,p0884,0.6297
p0897,4,p0891,0.6004
p0897,5,p0894,0.5572
p0898,1,p0607,0.8914
p0898,2,p0883,0.7985
p0898,3,p0900,0.6229
p0898,4,p0884,0.6203
p0898,5,p0891,0.6123
p0899,1,p0484,0.5884
p0899,2,p0883,0.546
p0899,3,p0871,0.5391
p0899,4,p0869,0.5289
p0899,5,p0483,0.5268
p0900,1,p0883,0.6544
p0900,2,p0251,0.6523
p0900,3,p0898,0.6229
p0900,4,p0849,0.6221
p0900,5,p0885,0.6095
p0901,1,p0886,0.5748
p0901,2,p0867,0.5424
p0901,3,p0871,0.5406
p0901,4,p0896,0.5398
p0901,5,p0826,0.5231
p0902,1,p0611,0.6825
p0902,2,p0975,0.5776
p0902,3,p0920,0.5186
p0902,4,p0736,0.515
p0902,5,p0438,0.5136
p0903,1,p0910,0.6957
p0903,2,p0917,0.6645
p0903,3,p0915,0.6157
p0903,4,p0908,0.6069
p0903,5,p0906,0.5873
p0904,1,p0905,0.5668
p0904,2,p0910,0.5632
p0904,3,p0903,0.5592
p0904,4,p0906,0.5568
p0904,5,p0914,0.5433
p0905,1,p0914,0.6667
p0905,2,p0910,0.6382
p0905,3,p0906,0.5821
p0905,4,p0853,0.5713
p0905,5,p0904,0.5668
p0906,1,p0910,0.6536
p0906,2,p0914,0.6116
p0906,3,p0907,0.6079
p0906,4,p0903,0.5873
p0906,5,p0917,0.5832
p0907,1,p0910,0.6111
p0907,2,p0906,0.6079
p0907,3,p0903,0.5711
p0907,4,p0905,0.5573
p0907,5,p0914,0.5471
p0908,1,p0910,0.6407
p0908,2,p0853,0.6202
p0908,3,p0903,0.6069
p0908,4,p0164,0.6012
p0908,5,p0917,0.5675
p0909,1,p0903,0.5588
p0909,2,p0252,0.5511
p0909,3,p0908,0.5466
p0909,4,p0917,0.5237
p0909,5,p0906,0.5233
p0910,1,p0917,0.7223
p0910,2,p0903,0.6957
p0910,3,p0914,0.6629
p0910,4,p0906,0.6536
p0910,5,p0908,0.6407
p0911,1,p0912,0.6685
p0911,2,p0388,0.6638
p0911,3,p0560,0.6444
p0911,4,p0266,0.6218
p0911,5,p0747,0.6108
p0912,1,p0913,0.6757
p0912,2,p0911,0.6685
p0912,3,p0917,0.5606
p0912,4,p0903,0.5395
p0912,5,p0914,0.527
p0913,1,p0912,0.6757
p0913,2,p0750,0.5548
p0913,3,p0853,0.5518
p0913,4,p0570,0.5351
p0913,5,p0582,0.527
p0914,1,p0905,0.6667
p0914,2,p0910,0.6629
p0914,3,p0917,0.6187
p0914,4,p0906,0.6116
p0914,5,p0903,0.5785
p0915,1,p0917,0.7214
p0915,2,p0910,0.6383
p0915,3,p0903,0.6157
p0915,4,p0906,0.582
p0915,5,p0916,0.5604
p0916,1,p0918,0.7553
p0916,2,p0502,0.7083
p0916,3,p0917,0.6418
p0916,4,p0760,0.6125
p0916,5,p0483,0.6022
p0917,1,p0910,0.7223
p0917,2,p0915,0.7214
p0917,3,p0918,0.6676
p0917,4,p0903,0.6645
p0917,5,p0916,0.6418
p0918,1,p0916,0.7553
p0918,2,p0917,0.6676
p0918,3,p0507,0.5915
p0918,4,p0910,0.5708
p0918,5,p0760,0.5699
p0919,1,p0920,0.6391
p0919,2,p0940,0.6293
p0919,3,p0834,0.6205
p0919,4,p0930,0.5945
p0919,5,p0932,0.5771
p0920,1,p0926,0.6893
p0920,2,p0919,0.6391
p0920,3,p0292,0.609
p0920,4,p0945,0.5829
p0920,5,p0841,0.5796
p0921,1,p0707,0.6646
p0921,2,p0708,0.6191
p0921,3,p0614,0.6189
p0921,4,p0920,0.5723
p0921,5,p0276,0.5275
p0922,1,p0600,0.5891
p0922,2,p0875,0.5726
p0922,3,p0432,0.4897
p0922,4,p0582,0.4574
p0922,5,p0416,0.4356
p0923,1,p0908,0.5302
p0923,2,p0829,0.51
p0923,3,p0906,0.5028
p0923,4,p0283,0.494
p0923,5,p0850,0.4931
p0924,1,p0456,0.5277
p0924,2,p0524,0.5155
p0924,3,p0928,0.4526
p0924,4,p0617,0.4385
p0924,5,p0866,0.4261
p0925,1,p0926,0.6143
p0925,2,p0947,0.6082
p0925,3,p0231,0.5757
p0925,4,p0613,0.5695
p0925,5,p0292,0.5656
p0926,1,p0920,0.6893
p0926,2,p0945,0.6727
p0926,3,p0927,0.621
p0926,4,p0956,0.6207
p0926,5,p0925,0.6143
p0927,1,p0926,0.621
p0927,2,p0956,0.5937
p0927,3,p0945,0.5643
p0927,4,p0925,0.548
p0927,5,p0947,0.5027
p0928,1,p0461,0.9046
p0928,2,p0926,0.5751
p0928,3,p0920,0.5394
p0928,4,p0925,0.4608
p0928,5,p0290,0.457
p0929,1,p0574,0.5403
p0929,2,p0644,0.5036
p0929,3,p0938,0.4986
p0929,4,p0585,0.4978
p0929,5,p0573,0.4964
p0930,1,p0940,0.742
p0930,2,p0933,0.6642
p0930,3,p0935,0.6359
p0930,4,p0931,0.6224
p0930,5,p0937,0.608
p0931,1,p0930,0.6224
p0931,2,p0937,0.5842
p0931,3,p0570,0.5733
p0931,4,p0934,0.5728
p0931,5,p0935,0.5644
p0932,1,p0940,0.6567
p0932,2,p0935,0.6446
p0932,3,p0933,0.623
p0932,4,p0930,0.5976
p0932,5,p0934,0.5796
p0933,1,p0934,0.7323
p0933,2,p0930,0.6642
p0933,3,p0935,0.6556
p0933,4,p0940,0.6505
p0933,5,p0932,0.623
p0934,1,p0933,0.7323
p0934,2,p0523,0.65
p0934,3,p0236,0.6215
p0934,4,p0940,0.6152
p0934,5,p0930,0.5905
p0935,1,p0933,0.6556
p0935,2,p0932,0.6446
p0935,3,p0940,0.6407
p0935,4,p0930,0.6359
p0935,5,p0938,0.5763
p0936,1,p0421,0.5776
p0936,2,p0931,0.5332
p0936,3,p0610,0.5022
p0936,4,p0930,0.4803
p0936,5,p0937,0.471
p0937,1,p0830,0.6532
p0937,2,p0435,0.6119
p0937,3,p0930,0.608
p0937,4,p0931,0.5842
p0937,5,p0548,0.5507
p0938,1,p0648,0.6147
p0938,2,p0582,0.6031
p0938,3,p0935,0.5763
p0938,4,p0931,0.5634
p0938,5,p0585,0.5631
p0939,1,p0938,0.5277
p0939,2,p0527,0.4981
p0939,3,p0934,0.464
p0939,4,p0704,0.4637
p0939,5,p0423,0.4479
p0940,1,p0930,0.742
p0940,2,p0932,0.6567
p0940,3,p0933,0.6505
p0940,4,p0834,0.6444
p0940,5,p0935,0.6407
p0941,1,p0937,0.5119
p0941,2,p0570,0.497
p0941,3,p0931,0.4822
p0941,4,p0940,0.472
p0941,5,p0872,0.4694
p0942,1,p0762,0.9378
p0942,2,p0851,0.9123
p0942,3,p0940,0.56
p0942,4,p0646,0.533
p0942,5,p0931,0.4978
p0943,1,p0628,0.8766
p0943,2,p0622,0.8237
p0943,3,p0466,0.8165
p0943,4,p0510,0.7618
p0943,5,p0512,0.7552
p0944,1,p0557,0.8012
p0944,2,p0465,0.7792
p0944,3,p0622,0.7727
p0944,4,p0628,0.7702
p0944,5,p0301,0.7681
p0945,1,p0926,0.6727
p0945,2,p0920,0.5829
p0945,3,p0956,0.5822
p0945,4,p0947,0.5741
p0945,5,p0676,0.5682
p0946,1,p0391,0.7892
p0946,2,p0392,0.6838
p0946,3,p0955,0.6465
p0946,4,p0405,0.639
p0946,5,p0395,0.6293
p0947,1,p0950,0.6349
p0947,2,p0951,0.6322
p0947,3,p0956,0.6147
p0947,4,p0925,0.6082
p0947,5,p0391,0.6036
p0948,1,p0676,0.8094
p0948,2,p0952,0.7305
p0948,3,p0688,0.7189
p0948,4,p0677,0.7056
p0948,5,p0958,0.6846
p0949,1,p0952,0.6524
p0949,2,p0676,0.603
p0949,3,p0951,0.6021
p0949,4,p0958,0.566
p0949,5,p0677,0.5476
p0950,1,p0689,0.8147
p0950,2,p0678,0.7911
p0950,3,p0680,0.7587
p0950,4,p0951,0.7548
p0950,5,p0952,0.6689
p0951,1,p0950,0.7548
p0951,2,p0952,0.7074
p0951,3,p0689,0.6754
p0951,4,p0958,0.6404
p0951,5,p0957,0.6386
p0952,1,p0958,0.768
p0952,2,p0948,0.7305
p0952,3,p0951,0.7074
p0952,4,p0950,0.6689
p0952,5,p0949,0.6524
p0953,1,p0954,0.6136
p0953,2,p0956,0.4802
p0953,3,p0945,0.4746
p0953,4,p0926,0.4642
p0953,5,p0546,0.4608
p0954,1,p0953,0.6136
p0954,2,p0546,0.5745
p0954,3,p0956,0.5095
p0954,4,p0926,0.4713
p0954,5,p0445,0.4465
p0955,1,p0946,0.6465
p0955,2,p0956,0.5721
p0955,3,p0398,0.5628
p0955,4,p0712,0.5622
p0955,5,p0945,0.5493
p0956,1,p0926,0.6207
p0956,2,p0947,0.6147
p0956,3,p0927,0.5937
p0956,4,p0945,0.5822
p0956,5,p0689,0.5756
p0957,1,p0951,0.6386
p0957,2,p0402,0.6093
p0957,3,p0409,0.5289
p0957,4,p0950,0.5279
p0957,5,p0400,0.5171
p0958,1,p0952,0.768
p0958,2,p0948,0.6846
p0958,3,p0688,0.6428
p0958,4,p0951,0.6404
p0958,5,p0676,0.5729
p0959,1,p0960,0.9221
p0959,2,p0961,0.9126
p0959,3,p0962,0.9079
p0959,4,p0476,0.691
p0959,5,p0211,0.6851
p0960,1,p0962,0.9519
p0960,2,p0959,0.9221
p0960,3,p0961,0.897
p0960,4,p0476,0.6664
p0960,5,p0027,0.6269
p0961,1,p0962,0.9183
p0961,2,p0959,0.9126
p0961,3,p0960,0.897
p0961,4,p0476,0.6803
p0961,5,p0211,0.6252
p0962,1,p0960,0.9519
p0962,2,p0961,0.9183
p0962,3,p0959,0.9079
p0962,4,p0476,0.6821
p0962,5,p0977,0.6253
p0963,1,p0706,0.6367
p0963,2,p0636,0.5136
p0963,3,p0964,0.4953
p0963,4,p0704,0.4938
p0963,5,p0698,0.4728
p0964,1,p0629,0.646
p0964,2,p0283,0.5786
p0964,3,p0564,0.5565
p0964,4,p0282,0.5479
p0964,5,p0583,0.5348
p0965,1,p0966,0.9825
p0965,2,p0438,0.8672
p0965,3,p0619,0.8423
p0965,4,p0439,0.8318
p0965,5,p0508,0.8088
p0966,1,p0965,0.9825
p0966,2,p0439,0.8637
p0966,3,p0619,0.8614
p0966,4,p0438,0.8473
p0966,5,p0509,0.8331
p0967,1,p0977,0.7191
p0967,2,p0974,0.6961
p0967,3,p0467,0.6836
p0967,4,p0106,0.668
p0967,5,p0969,0.6641
p0968,1,p0972,0.8599
p0968,2,p0475,0.7199
p0968,3,p0974,0.6378
p0968,4,p0474,0.5948
p0968,5,p0967,0.5808
p0969,1,p0977,0.8045
p0969,2,p0976,0.6999
p0969,3,p0975,0.6948
p0969,4,p0967,0.6641
p0969,5,p0971,0.6278
p0970,1,p0971,0.7668
p0970,2,p0977,0.6297
p0970,3,p0969,0.6101
p0970,4,p0972,0.5878
p0970,5,p0469,0.5776
p0971,1,p0970,0.7668
p0971,2,p0969,0.6278
p0971,3,p0967,0.6258
p0971,4,p0977,0.6006
p0971,5,p0976,0.5851
p0972,1,p0968,0.8599
p0972,2,p0475,0.7729
p0972,3,p0474,0.6995
p0972,4,p0977,0.6397
p0972,5,p0967,0.6371
p0973,1,p0482,0.6171
p0973,2,p0483,0.5557
p0973,3,p0975,0.5535
p0973,4,p0864,0.5454
p0973,5,p0870,0.527
p0974,1,p0967,0.6961
p0974,2,p0968,0.6378
p0974,3,p0959,0.6352
p0974,4,p0962,0.6019
p0974,5,p0961,0.6019
p0975,1,p0969,0.6948
p0975,2,p0976,0.6713
p0975,3,p0977,0.5962
p0975,4,p0967,0.5882
p0975,5,p0106,0.5854
p0976,1,p0969,0.6999
p0976,2,p0975,0.6713
p0976,3,p0106,0.6681
p0976,4,p0967,0.6533
p0976,5,p0977,0.616
p0977,1,p0969,0.8045
p0977,2,p0469,0.7608
p0977,3,p0467,0.7319
p0977,4,p0471,0.7316
p0977,5,p0967,0.7191
p0978,1,p0983,0.3928
p0978,2,p0979,0.3713
p0978,3,p0980,0.3567
p0978,4,p0286,0.3542
p0978,5,p0215,0.3313
p0979,1,p0982,0.9169
p0979,2,p0981,0.8246
p0979,3,p0983,0.8016
p0979,4,p0984,0.7664
p0979,5,p0985,0.6584
p0980,1,p0985,0.8864
p0980,2,p0983,0.7859
p0980,3,p0982,0.6402
p0980,4,p0984,0.6339
p0980,5,p0979,0.6182
p0981,1,p0982,0.8334
p0981,2,p0979,0.8246
p0981,3,p0983,0.7615
p0981,4,p0984,0.7129
p0981,5,p0985,0.6254
p0982,1,p0979,0.9169
p0982,2,p0981,0.8334
p0982,3,p0983,0.8325
p0982,4,p0984,0.802
p0982,5,p0985,0.6715
p0983,1,p0982,0.8325
p0983,2,p0979,0.8016
p0983,3,p0985,0.7874
p0983,4,p0980,0.7859
p0983,5,p0981,0.7615
p0984,1,p0982,0.802
p0984,2,p0979,0.7664
p0984,3,p0985,0.7293
p0984,4,p0981,0.7129
p0984,5,p0983,0.6994
p0985,1,p0980,0.8864
p0985,2,p0983,0.7874
p0985,3,p0984,0.7293
p0985,4,p0982,0.6715
p0985,5,p0979,0.6584
p0986,1,p0024,0.7014
p0986,2,p0091,0.6144
p0986,3,p0979,0.5789
p0986,4,p0032,0.546
p0986,5,p0985,0.5198
p0987,1,p0178,0.6458
p0987,2,p0207,0.5641
p0987,3,p0179,0.5551
p0987,4,p0184,0.5544
p0987,5,p0002,0.5496
