tweet_id,created_at,date,hour,weekday,airline,tweet_text_raw,text_clean,retweet_count,sentiment,sentiment_score,sentiment_negative,sentiment_neutral,sentiment_positive
567595670463205376,2015-02-17 08:05:27+00:00,2015-02-17,8,Tuesday,United,@united I like delays less than you because I'm the one on the plane. Connect me with a voucher,USER like delay less one plane connect voucher,0,Neutral,-0.27086248993873596,0.411014586687088,0.4488333463668823,0.14015209674835205
567663504102940672,2015-02-17 12:35:00+00:00,2015-02-17,12,Tuesday,Southwest,@SouthwestAir We have been stuck in SJU for several hours and no one is answering here. Really tough to LUV SW. No response is bad.,USER stuck sju several hour one answering really tough luv response bad,0,Negative,-0.9431568719446659,0.9477174282073975,0.04772200807929039,0.004560556262731552
567703258425081857,2015-02-17 15:12:58+00:00,2015-02-17,15,Tuesday,United,.@united call my work and tell them it's your fault I'm Late Flight,USER call work tell fault late flight,0,Negative,-0.9060383313335478,0.9107474684715271,0.08454348891973495,0.004709137137979269
567710245053407232,2015-02-17 15:40:44+00:00,2015-02-17,15,Tuesday,US Airways,@USAirways I have been on hold with your Gold reservations line for OVER 3 HOURS now. Flight Cancelled Flightled. Trying to rebook.,USER hold gold reservation line NUMBER hour flight cancelled flightled trying rebook,0,Negative,-0.8830786319449544,0.8887692093849182,0.10554027557373047,0.005690577439963818
567721764285726720,2015-02-17 16:26:31+00:00,2015-02-17,16,Tuesday,Southwest,@SouthwestAir Can you link the article where it says the routes and what times the routes are likely to be? Like TUL-DAL 1:00PM - 7 None,USER link article say route time route likely like NUMBER NUMBER none,0,Neutral,-0.0023614689707756042,0.02177181839942932,0.9588178396224976,0.019410349428653717
567722294680641538,2015-02-17 16:28:37+00:00,2015-02-17,16,Tuesday,Southwest,@SouthwestAir Hi-My flight (BNA to LGA) was Cancelled Flighted this morning--#1814. Looks like other flights out of BNA are taking off. Any chance?,USER flight bna lga cancelled flighted morning NUMBER look like flight bna taking chance,0,Negative,-0.7193670310080051,0.7260938286781311,0.26717936992645264,0.006726797670125961
567722937545814018,2015-02-17 16:31:10+00:00,2015-02-17,16,Tuesday,Southwest,@SouthwestAir finally!,USER finally,0,Positive,0.8901437446475029,0.0047541335225105286,0.10034801810979843,0.8948978781700134
567728357555437568,2015-02-17 16:52:42+00:00,2015-02-17,16,Tuesday,Delta,"@JetBlue no, I am fine to fly! Haha, they come at random, with the hemophilia, but what if i need extra assistance",USER fine fly haha come random hemophilia need extra assistance,0,Positive,0.48061637952923775,0.04560042545199394,0.4281827509403229,0.5262168049812317
567729135733465088,2015-02-17 16:55:48+00:00,2015-02-17,16,Tuesday,US Airways,@USAirways thank you for blowing my vacation. Couldn't get me anywhere today to make my reservation and also lost 2 bags of mine!,USER thank blowing vacation could get anywhere today make reservation also lost NUMBER bag mine,0,Negative,-0.9327842211350799,0.9394695162773132,0.05384513735771179,0.006685295142233372
567730472076464129,2015-02-17 17:01:07+00:00,2015-02-17,17,Tuesday,United,@united Gold Star for united- change my flight- miss all connections- but can't accommodate me until a MUCH Late Flightr arrival time-Not HAPPY!,USER gold star change miss ca accommodate much late flightr arrival happy,0,Negative,-0.9221724914386868,0.928141713142395,0.06588911265134811,0.005969221703708172
567730952260943873,2015-02-17 17:03:01+00:00,2015-02-17,17,Tuesday,United,@united actually we did not consider she might have made a mistake. She did not complain beyond that she indicated it on her reservation.,USER actually consider might made mistake complain beyond indicated reservation,0,Neutral,-0.3248162046074867,0.3530856966972351,0.6186448931694031,0.028269492089748383
567731738924032000,2015-02-17 17:06:09+00:00,2015-02-17,17,Tuesday,United,@united No but u cld explain how such a disorganized and inefficient company w surly and obviously unhappy employees stays in business.,USER u cld explain disorganized inefficient company w surly obviously unhappy employee stay business,0,Negative,-0.8600206351839006,0.8658828139305115,0.12825502455234528,0.00586217874661088
567733847132229632,2015-02-17 17:14:31+00:00,2015-02-17,17,Tuesday,Delta,"@JetBlue Ok great thanks! I had a great flight, FYI. I'm excited to fly again. I just was frustrated I was not able to check in.",USER ok great thanks great flight fyi excited fly frustrated able check,0,Positive,0.9511699276044965,0.009465555660426617,0.02989894337952137,0.9606354832649231
567734499669454848,2015-02-17 17:17:07+00:00,2015-02-17,17,Tuesday,US Airways,@USAirways hundreds of people in line and less than half the desks being manned at CLT. Help?,USER hundred people line less half desk manned clt help,0,Negative,-0.6907486859709024,0.7090162038803101,0.27271634340286255,0.018267517909407616
567734795849834497,2015-02-17 17:18:17+00:00,2015-02-17,17,Tuesday,United,@united Step 1: Cancelled Flight flight. Step 2: Don't notify customer. Step 3: Charge them for food while they try to survive their wait. Brilliant.,USER step NUMBER cancelled flight flight step NUMBER notify customer step NUMBER charge food try survive wait brilliant,0,Negative,-0.7030954770743847,0.7339043617248535,0.23528680205345154,0.030808884650468826
567735239456194560,2015-02-17 17:20:03+00:00,2015-02-17,17,Tuesday,Delta,"@JetBlue unfortunately no, but hoping I can catch one sometime in the near future!",USER unfortunately hoping catch one sometime near future,0,Neutral,-0.12408995628356934,0.3261933922767639,0.4717031717300415,0.20210343599319458
567735489688395776,2015-02-17 17:21:03+00:00,2015-02-17,17,Tuesday,Southwest,@SouthwestAir Great job with the Passbook integration! It’ll really help streamline the commute to San Fran! 😊☕📲✈,USER great job passbook integration really help streamline commute san fran,0,Positive,0.9877364623825997,0.0017092835623770952,0.008844981901347637,0.9894457459449768
567737554087059457,2015-02-17 17:29:15+00:00,2015-02-17,17,Tuesday,Southwest,"@SouthwestAir I noticed the rates increased a few days ago, or the promotion ended. Any idea when another promotion will be coming?? Thanks!",USER noticed rate increased day ago promotion ended idea another promotion coming thanks,0,Neutral,0.2286850418895483,0.015023091807961464,0.7412687540054321,0.24370813369750977
567737617031380992,2015-02-17 17:29:30+00:00,2015-02-17,17,Tuesday,Southwest,"@SouthwestAir its all good. flight eventually took off, and landed safely. oh, and I got the free cup o wine. thx",USER good flight eventually took landed safely oh got free cup wine thx,0,Positive,0.9239342985674739,0.006140333600342274,0.06378509849309921,0.9300746321678162
567740235061014528,2015-02-17 17:39:54+00:00,2015-02-17,17,Tuesday,Southwest,@SouthwestAir @gruber Finally.,USER USER finally,0,Positive,0.6125749391503632,0.006931539159268141,0.3735619783401489,0.6195064783096313
567741692854276096,2015-02-17 17:45:42+00:00,2015-02-17,17,Tuesday,United,@united Brandi Zabsonre in Denver deserves a raise for bringing delight into a terrible travel situation. big ups http://t.co/TK3aOpdtSQ,USER brandi zabsonre denver deserves raise bringing delight terrible travel situation big ups URL,0,Positive,0.8581851217895746,0.021499862894415855,0.0988151952624321,0.8796849846839905
567742148603170816,2015-02-17 17:47:31+00:00,2015-02-17,17,Tuesday,Virgin America,@VirginAmerica morning. If I have a question regarding elevate points &amp; flights can I DM you?,USER morning question regarding elevate point amp flight dm,0,Neutral,0.05977081507444382,0.02035265415906906,0.8995238542556763,0.08012346923351288
567742937325260801,2015-02-17 17:50:39+00:00,2015-02-17,17,Tuesday,Virgin America,@VirginAmerica Are there any sign up bonuses to enroll in Elevate?,USER sign bonus enroll elevate,0,Neutral,0.0470709390938282,0.007987208664417267,0.9369546175003052,0.05505814775824547
567744571124482048,2015-02-17 17:57:08+00:00,2015-02-17,17,Tuesday,United,@united Is there a way to get a copy of Feb's edition of Hemisphere magazine with out flying?,USER way get copy feb edition hemisphere magazine flying,0,Neutral,0.02678810991346836,0.015827959403395653,0.941555917263031,0.042616069316864014
567744627143213056,2015-02-17 17:57:21+00:00,2015-02-17,17,Tuesday,Southwest,@SouthwestAir Thanks a ton!,USER thanks ton,0,Positive,0.9669683845713735,0.005981418304145336,0.021068712696433067,0.9729498028755188
567744948934426625,2015-02-17 17:58:38+00:00,2015-02-17,17,Tuesday,Southwest,@SouthwestAir Trying to add my dog on the flight but can't get through.,USER trying add dog flight ca get,0,Negative,-0.584343520924449,0.5986914038658142,0.3869606852531433,0.014347882941365242
567747041976410112,2015-02-17 18:06:57+00:00,2015-02-17,18,Tuesday,United,@united when is my plane coming? Been delayed for almost 7 hours. No plane.,USER plane coming delayed almost NUMBER hour plane,0,Negative,-0.8839768236503005,0.8911483287811279,0.10168023407459259,0.007171505130827427
567747668512735232,2015-02-17 18:09:27+00:00,2015-02-17,18,Tuesday,Delta,@JetBlue as much i have paid in fees. Plus hotel and food because of your changes i could had flown with a more reliable airline #no2jetblue,USER much paid fee plus hotel food change could flown reliable airline,0,Negative,-0.8559506246820092,0.8663699626922607,0.12321073561906815,0.010419338010251522
567748407070953472,2015-02-17 18:12:23+00:00,2015-02-17,18,Tuesday,Southwest,@SouthwestAir or you could send me a DM.,USER could send dm,0,Neutral,0.04591475985944271,0.027905138209462166,0.8982749581336975,0.07381989806890488
567748973428219904,2015-02-17 18:14:38+00:00,2015-02-17,18,Tuesday,United,@united 1591 had wi-fi broken on plane. Had same outage on 1618 on Friday. How can Southwest get it right on every plane but United can't?,USER NUMBER broken plane outage NUMBER friday southwest get right every plane united ca,0,Negative,-0.8669575583189726,0.8735901117324829,0.1197773665189743,0.006632553413510323
567752478309875714,2015-02-17 18:28:33+00:00,2015-02-17,18,Tuesday,Southwest,"@SouthwestAir the person I talked to couldn't do anything not normally available online other than the ""no charge"" part.",USER person talked could anything normally available online charge part,0,Negative,-0.6977088153362274,0.7090709209442139,0.27956700325012207,0.01136210560798645
567753757702647810,2015-02-17 18:33:38+00:00,2015-02-17,18,Tuesday,Virgin America,@VirginAmerica really wish you'd fly out of #Fargo @fargoairport those fares are amazings,USER really wish fly fargo USER fare amazings,0,Positive,0.7072864808142185,0.054925914853811264,0.18286168575286865,0.7622123956680298
567753872967528448,2015-02-17 18:34:06+00:00,2015-02-17,18,Tuesday,US Airways,.@USAirways we r rebooked. got conflicting info abt baggage. Y no extra plane batteries on hand? Y no comped admirals club for 9 hr wait?,USER r rebooked got conflicting info abt baggage extra plane battery hand comped admiral club NUMBER hr wait,0,Negative,-0.756546488031745,0.7631698846817017,0.2302067130804062,0.006623396649956703
567754136255725568,2015-02-17 18:35:09+00:00,2015-02-17,18,Tuesday,United,@united the refund request functionality on http://t.co/5IMDckODfx is broken.i get a time out error.,USER refund request functionality URL get time error,1,Negative,-0.9195618433877826,0.9239197969436646,0.07172224670648575,0.004357953555881977
567755891714174976,2015-02-17 18:42:07+00:00,2015-02-17,18,Tuesday,US Airways,@USAirways customer service at its finest,USER customer service finest,0,Positive,0.8194426503032446,0.01608155108988285,0.14839427173137665,0.8355242013931274
567758478371196928,2015-02-17 18:52:24+00:00,2015-02-17,18,Tuesday,United,@United yall tried it with this little bitty plane flying out of boston!! I hate little planes!!!,USER yall tried little bitty plane flying boston hate little plane,0,Negative,-0.936754182446748,0.9430624842643738,0.0506291463971138,0.006308301817625761
567760474553348096,2015-02-17 19:00:20+00:00,2015-02-17,19,Tuesday,US Airways,@USAirways Haha - that will indeed be a great day!,USER haha indeed great day,0,Positive,0.9843816834036261,0.002934805816039443,0.009748710319399834,0.9873164892196655
567763818257063937,2015-02-17 19:13:37+00:00,2015-02-17,19,Tuesday,Delta,@JetBlue @KyleJudah It doesn't matter who you directed me to. It's the principle of the matter. When I gate checked the stroller it was,USER USER matter directed principle matter gate checked stroller,0,Neutral,-0.18991350010037422,0.22473713755607605,0.740439236164093,0.03482363745570183
567765558393700352,2015-02-17 19:20:32+00:00,2015-02-17,19,Tuesday,United,@united I just need to get to RIC tonight. I've been in EWR for 24hrs now.,USER need get ric tonight ewr,0,Neutral,0.1376088373363018,0.020539764314889908,0.8213116526603699,0.1581486016511917
567765664459669504,2015-02-17 19:20:57+00:00,2015-02-17,19,Tuesday,Delta,"@JetBlue, I normally ❤️ you, but this Late Flightst flight experience was the worst. 2 hours on runway, no wifi &amp; tv not working properly",USER normally late flightst flight experience worst NUMBER hour runway wifi amp tv working properly,0,Negative,-0.8958776723593473,0.9122751355171204,0.07132741063833237,0.016397463157773018
567770722882580480,2015-02-17 19:41:03+00:00,2015-02-17,19,Tuesday,Southwest,"@SouthwestAir missing out on over 6,000 points in one account. They're now spread over four assuming I create accounts for them",USER missing NUMBER NUMBER point one account spread four assuming create account,0,Negative,-0.6462954599410295,0.6747246980667114,0.29684609174728394,0.028429238125681877
567772219549478912,2015-02-17 19:47:00+00:00,2015-02-17,19,Tuesday,Southwest,@SouthwestAir thanks I think we've got it figured out,USER thanks think got figured,0,Positive,0.8425223026424646,0.010128339752554893,0.13722099363803864,0.8526506423950195
567773609939058688,2015-02-17 19:52:31+00:00,2015-02-17,19,Tuesday,United,@united quick response offering assistance but lack of follow through - not really the service I was expecting,USER quick response offering assistance lack follow really service expecting,0,Negative,-0.878487900365144,0.8850342631340027,0.10841944068670273,0.006546362768858671
567774038680801281,2015-02-17 19:54:14+00:00,2015-02-17,19,Tuesday,Delta,@JetBlue remember - I'm very doubtful and not very hopeful :(,USER remember doubtful hopeful,0,Negative,-0.8976528597995639,0.9049955010414124,0.08766181766986847,0.007342641241848469
567775685796589568,2015-02-17 20:00:46+00:00,2015-02-17,20,Tuesday,Southwest,@SouthwestAir I just sent it over,USER sent,0,Neutral,0.14491159282624722,0.01415390707552433,0.8267806172370911,0.15906549990177155
567776143273512961,2015-02-17 20:02:35+00:00,2015-02-17,20,Tuesday,Southwest,@SouthwestAir flight #211pilot spilled his tea on the radio! Yay for delays! Almost an hour now!,USER flight spilled tea radio yay delay almost hour,0,Negative,-0.5244076251983643,0.6043552756309509,0.3156971037387848,0.07994765043258667
567776364351074304,2015-02-17 20:03:28+00:00,2015-02-17,20,Tuesday,US Airways,@USAirways please please please let my plane back to the gate so I can get off as I will miss connection due to CLT closing. 2034,USER please please please let plane back gate get miss connection due clt closing NUMBER,0,Neutral,-0.3862307071685791,0.4379569888114929,0.5103167295455933,0.05172628164291382
567777150145949697,2015-02-17 20:06:36+00:00,2015-02-17,20,Tuesday,US Airways,@USAirways I had a rep 10 min in who said she couldn't help so transferred me to dividend miles customer service,USER rep NUMBER min said could help transferred dividend mile customer service,0,Negative,-0.6901983646675944,0.7041774392127991,0.28184348344802856,0.01397907454520464
567781607797305345,2015-02-17 20:24:18+00:00,2015-02-17,20,Tuesday,Delta,@JetBlue I did get the email. Thought i wasn't supposed to reply to those😂,USER get email thought supposed reply,0,Neutral,-0.17777642607688904,0.23964187502861023,0.698492705821991,0.06186544895172119
567783113309585409,2015-02-17 20:30:17+00:00,2015-02-17,20,Tuesday,Southwest,@SouthwestAir Having some trouble checking in. Can you please add me so I can DM you,USER trouble checking please add dm,0,Negative,-0.47554303519427776,0.4988965392112732,0.4777499735355377,0.02335350401699543
567785042891567104,2015-02-17 20:37:57+00:00,2015-02-17,20,Tuesday,Southwest,"@SouthwestAir 4/9/14, I need to fly from GSP to DSM, but claims there's no sched. avail. I can book separately, but why not together?",USER NUMBER NUMBER NUMBER need fly gsp dsm claim sched avail book separately together,0,Neutral,-0.4695259053260088,0.48166096210479736,0.5062039494514465,0.012135056778788567
567787240399851520,2015-02-17 20:46:41+00:00,2015-02-17,20,Tuesday,United,.@united what link? Those are all the email offers u sent me in a year to buy/transfer miles.The last 1 just expired http://t.co/ZZPs5ywVE2,USER link email offer u sent year last NUMBER expired URL,0,Negative,-0.55468575283885,0.5719441175460815,0.41079747676849365,0.01725836470723152
567787873778278400,2015-02-17 20:49:12+00:00,2015-02-17,20,Tuesday,Virgin America,".@VirginAmerica not only was it great, but you return my calls the day after. Couldn't ask for more. #myVXexperience",USER great return call day could ask myvxexperience,0,Positive,0.9804879017174244,0.0047518424689769745,0.010008375160396099,0.9852397441864014
567792185832394752,2015-02-17 21:06:20+00:00,2015-02-17,21,Tuesday,Virgin America,@VirginAmerica started my flight with a scolding for using an overhead bin that was then offered to the person seated next to me.,USER started flight scolding using overhead bin offered person seated next,0,Negative,-0.7946492163464427,0.8036778569221497,0.18729348480701447,0.009028640575706959
567792433687175168,2015-02-17 21:07:19+00:00,2015-02-17,21,Tuesday,United,@united I travel a lot and I get it. You're still my fave but EWR to Cleveland w/40 min layover to connect to DC = our best option? Come on.,USER travel lot get still fave ewr cleveland NUMBER min layover connect dc best option come,0,Positive,0.5423729121685028,0.04625973105430603,0.36510762572288513,0.5886326432228088
567793064221130752,2015-02-17 21:09:50+00:00,2015-02-17,21,Tuesday,United,@united it would be super if you paid as much attention to actual fliers as you do to credit card holders.,USER would super paid much attention actual flier credit card holder,0,Neutral,-0.10366979986429214,0.21960598230361938,0.6644578576087952,0.11593618243932724
567796029056385024,2015-02-17 21:21:37+00:00,2015-02-17,21,Tuesday,Delta,@JetBlue thanks!,USER thanks,0,Positive,0.886598554905504,0.007627757731825113,0.09814592450857162,0.8942263126373291
567796570197086208,2015-02-17 21:23:46+00:00,2015-02-17,21,Tuesday,United,"@united done just now, thanks.",USER done thanks,0,Positive,0.6359694488346577,0.00947112962603569,0.34508830308914185,0.6454405784606934
567797436652199936,2015-02-17 21:27:12+00:00,2015-02-17,21,Tuesday,Delta,@JetBlue But if customer service ment anything to you.... you would try. Quoting policy is never effective customer service.,USER customer service ment anything would try quoting policy never effective customer service,0,Negative,-0.6160989739000797,0.6601161360740662,0.2958667278289795,0.044017162173986435
567799935173947392,2015-02-17 21:37:08+00:00,2015-02-17,21,Tuesday,United,@united I am furious. You're firm is a disgrace. Despite all our efforts you did zero to protect our daughter. All alone at night # United,USER furious firm disgrace despite effort zero protect daughter alone night united,1,Negative,-0.9418259090743959,0.9465551972389221,0.048715461045503616,0.004729288164526224
567801274293563393,2015-02-17 21:42:27+00:00,2015-02-17,21,Tuesday,US Airways,@USAirways I have been rebooked but It has been handled very unprofessionally. Cancelled Flightations happen but the disorganization is uncalled for.,USER rebooked handled unprofessionally cancelled flightations happen disorganization uncalled,0,Negative,-0.848559339530766,0.8551314473152161,0.13829638063907623,0.006572107784450054
567801645795643393,2015-02-17 21:43:56+00:00,2015-02-17,21,Tuesday,Southwest,@SouthwestAir Amazing customer service as well. Will definitely fly with you guys again if my instrument is involved. #10/10,USER amazing customer service well definitely fly guy instrument involved NUMBER NUMBER,0,Positive,0.9828385731671005,0.0036005356814712286,0.009960406459867954,0.9864391088485718
567802602738708480,2015-02-17 21:47:44+00:00,2015-02-17,21,Tuesday,US Airways,"@USAirways wow this airline is a joke, absolutely horrendous customer service. you guys should be ashamed.",USER wow airline joke absolutely horrendous customer service guy ashamed,0,Negative,-0.9573382744565606,0.9624765515327454,0.03238515183329582,0.00513827707618475
567802900480585728,2015-02-17 21:48:55+00:00,2015-02-17,21,Tuesday,United,@United Airlines' CEO Jeff Smisek: Disloyal to Loyal Workers http://t.co/0cevY3P42b via @HuffPostBiz,USER airline ceo jeff smisek disloyal loyal worker URL via USER,0,Neutral,-0.1460401937365532,0.181025892496109,0.7839884161949158,0.03498569875955582
567802937394655232,2015-02-17 21:49:04+00:00,2015-02-17,21,Tuesday,Southwest,@SouthwestAir think you need to follow me for a DM,USER think need follow dm,0,Neutral,0.02406490594148636,0.020465128123760223,0.9350048303604126,0.04453003406524658
567802999880552448,2015-02-17 21:49:19+00:00,2015-02-17,21,Tuesday,Southwest,@SouthwestAir You officially have the worst customer service of any airline I've ever dealt with. #southwestairlines #poor,USER officially worst customer service airline ever dealt southwestairlines poor,0,Negative,-0.9506843844428658,0.9567801356315613,0.03712412714958191,0.006095751188695431
567804663303798784,2015-02-17 21:55:55+00:00,2015-02-17,21,Tuesday,United,@united Can you explain how it rewards us elite Premiere 1K members?,USER explain reward u elite premiere member,0,Neutral,0.011251606047153473,0.03667677566409111,0.9153948426246643,0.04792838171124458
567806964832460800,2015-02-17 22:05:04+00:00,2015-02-17,22,Tuesday,Delta,@JetBlue Airways Sees Significant Drop in Short Interest (JBLU) - Mideast Time http://t.co/SSBaUJtOuW,USER airway see significant drop short interest jblu mideast time URL,0,Neutral,-0.21386594884097576,0.23317040503025055,0.7475250363349915,0.019304456189274788
567807640660619267,2015-02-17 22:07:45+00:00,2015-02-17,22,Tuesday,Virgin America,@VirginAmerica Good point!,USER good point,0,Positive,0.9282864471897483,0.008489117957651615,0.05473529174923897,0.9367755651473999
567808893464899584,2015-02-17 22:12:44+00:00,2015-02-17,22,Tuesday,US Airways,@USAirways if ur going 2 charge $20 for wi-fi make sure it works. #Brutal #DialUp b a 100 by the time things load. #TheEnd #GoodDay,USER ur going NUMBER charge NUMBER make sure work brutal dialup b NUMBER time thing load theend goodday,0,Negative,-0.8502248581498861,0.8659467697143555,0.1183314248919487,0.015721911564469337
567811360404336641,2015-02-17 22:22:32+00:00,2015-02-17,22,Tuesday,United,@united but the gate agent and club staff got me priority standby for next so might only be minor disaster...#travelingwithsmallkids,USER gate agent club staff got priority standby next might minor disaster travelingwithsmallkids,0,Negative,-0.5553437173366547,0.5967811942100525,0.3617812395095825,0.04143747687339783
567811776025468929,2015-02-17 22:24:11+00:00,2015-02-17,22,Tuesday,Southwest,@SouthwestAir done messed up now!!! I have planned a trip to #CostaRica for pennies!!! #VacaTime ✈️💺,USER done messed planned trip costarica penny vacatime,0,Negative,-0.7308620885014534,0.766156792640686,0.19854851067066193,0.035294704139232635
567813046811525120,2015-02-17 22:29:14+00:00,2015-02-17,22,Tuesday,Virgin America,@VirginAmerica I don’t use Passbook =/ I still love you though &lt;3 :) I’ll just use my email in the future.,USER use passbook still love though lt NUMBER use email future,0,Positive,0.8438646085560322,0.028925489634275436,0.09828439354896545,0.8727900981903076
567813060027772928,2015-02-17 22:29:17+00:00,2015-02-17,22,Tuesday,Southwest,@SouthwestAir extremely #disappointed with poor the customer service provided after Cancelled Flighting my flight today! #unprofessional,USER extremely disappointed poor customer service provided cancelled flighting flight today unprofessional,0,Negative,-0.9363059480674565,0.9422245025634766,0.05185689404606819,0.005918554496020079
567813437003411456,2015-02-17 22:30:47+00:00,2015-02-17,22,Tuesday,Delta,"@JetBlue yes, 3 times. I need some one to call me and help me change a flight. I can't do online. Thanks.",USER yes NUMBER time need one call help change flight ca online thanks,0,Neutral,-0.19659898430109024,0.29962578415870667,0.5973474383354187,0.10302679985761642
567818055771918336,2015-02-17 22:49:08+00:00,2015-02-17,22,Tuesday,United,@united Thanks!,USER thanks,0,Positive,0.8613797053694725,0.009863890707492828,0.11889253556728363,0.8712435960769653
567818509650124800,2015-02-17 22:50:56+00:00,2015-02-17,22,Tuesday,US Airways,@USAirways They're all reservations numbers and none are in Hungary. And my phone not working here. You make it too difficult.,USER reservation number none hungary phone working make difficult,0,Negative,-0.9011151879094541,0.9072405099868774,0.08663418143987656,0.006125322077423334
567819711950635009,2015-02-17 22:55:43+00:00,2015-02-17,22,Tuesday,US Airways,@USAirways flight 4524 first a 2 hour wait for a deadhead crew then deadhead crew takes overhead bin space paying customers annoyed,USER flight NUMBER first NUMBER hour wait deadhead crew deadhead crew take overhead bin space paying customer annoyed,0,Negative,-0.8802771801128983,0.8868556618690491,0.10656584799289703,0.0065784817561507225
567821166775156736,2015-02-17 23:01:30+00:00,2015-02-17,23,Tuesday,United,"@united Call customer service and of course they just say ""theres nothing we can do"" and then offer a transfer and disconnect the line.",USER call customer service course say there nothing offer transfer disconnect line,0,Negative,-0.8230201089754701,0.8304911255836487,0.1620378941297531,0.007471016608178616
567822548545859587,2015-02-17 23:06:59+00:00,2015-02-17,23,Tuesday,United,@united well perhaps you could highlight where that is stated. We travel between Canada &amp; USA on United with only Nexus,USER well perhaps could highlight stated travel canada amp usa united nexus,0,Neutral,0.01280503161251545,0.029485071077942848,0.9282248020172119,0.0422901026904583
567823459276877824,2015-02-17 23:10:36+00:00,2015-02-17,23,Tuesday,Southwest,@SouthwestAir why are yall trying to fly me to Chicago when I don't live there?! Send me home now!!!! Bullshit ass customer service,USER yall trying fly chicago live send home bullshit as customer service,2,Negative,-0.9406328587792814,0.9452730417251587,0.05008680373430252,0.004640182945877314
567827275619549184,2015-02-17 23:25:46+00:00,2015-02-17,23,Tuesday,United,@united also why can't I pre-select seats on SFO-&gt;YYZ flight? I'm a Canadian Flight Booking Problems on http://t.co/aZltJhf7lv.,USER also ca seat gt yyz flight canadian flight booking problem URL,0,Negative,-0.6360660595819354,0.6480021476745605,0.340061753988266,0.011936088092625141
567829349727211521,2015-02-17 23:34:01+00:00,2015-02-17,23,Tuesday,Delta,@JetBlue Still love you guys. But get me to Vegas already! ☀️🌴✈️🍸🎲,USER still love guy get vega already,0,Positive,0.9793074671179056,0.002274220809340477,0.01614406704902649,0.9815816879272461
567831075763003393,2015-02-17 23:40:52+00:00,2015-02-17,23,Tuesday,Southwest,@SouthwestAir understand weather is an issue but on time Cancelled Flighted reinstated Cancelled Flighted with hardly any updates and doing nothing for me= :(,USER understand weather issue time cancelled flighted reinstated cancelled flighted hardly update nothing,0,Negative,-0.9237429825589061,0.9278997182846069,0.06794346123933792,0.004156735725700855
567831380157206528,2015-02-17 23:42:05+00:00,2015-02-17,23,Tuesday,Southwest,@SouthwestAir paid for my own $200 rental car just to not go through this for the 3rd day :(,USER paid NUMBER rental car go day,0,Negative,-0.8973464081063867,0.9059110879898071,0.08552422374486923,0.008564679883420467
567831549539966976,2015-02-17 23:42:45+00:00,2015-02-17,23,Tuesday,United,@united was told by Supervisor that United disconnected their customer support # so there was nobody to address it now. #igiveup,USER told supervisor united disconnected customer support nobody address igiveup,1,Negative,-0.7949387524276972,0.8028357625007629,0.18926715850830078,0.007897010073065758
567845681768968192,2015-02-18 00:38:55+00:00,2015-02-18,0,Wednesday,Southwest,@SouthwestAir I got it added thank you! :),USER got added thank,0,Positive,0.9366026413626969,0.003933738451451063,0.055529944598674774,0.940536379814148
567847737061941249,2015-02-18 00:47:05+00:00,2015-02-18,0,Wednesday,US Airways,@USAirways 4 hours... 4 hours... FOUR HOURS. It's like this is a joke to you.,USER NUMBER hour NUMBER hour four hour like joke,0,Negative,-0.743796993046999,0.777816891670227,0.18816326558589935,0.03401989862322807
567847753277120512,2015-02-18 00:47:09+00:00,2015-02-18,0,Wednesday,United,@united thanks for not getting my BusinessFirst priority tagged bag onto my connecting flight at EWR despite a 2+ hour layover. Nice job,USER thanks getting businessfirst priority tagged bag onto connecting flight ewr despite NUMBER hour layover nice job,0,Positive,0.17661616206169128,0.22257089614868164,0.37824204564094543,0.3991870582103729
567848084572532736,2015-02-18 00:48:28+00:00,2015-02-18,0,Wednesday,Delta,"@JetBlue understand that, but this policy of targeting your passengers is not good for business and should be addressed with security",USER understand policy targeting passenger good business addressed security,0,Negative,-0.8375052651390433,0.84456866979599,0.14836789667606354,0.007063404656946659
567850015600685056,2015-02-18 00:56:08+00:00,2015-02-18,0,Wednesday,United,@united - thanks for the rude customer service and 3 hour delay. It really helped me timing wise for my afternoon meetings. Hello @Delta !,USER thanks rude customer service NUMBER hour delay really helped timing wise afternoon meeting hello USER,0,Positive,0.7271477319300175,0.05760106071829796,0.1576501429080963,0.7847487926483154
567853497435160577,2015-02-18 01:09:58+00:00,2015-02-18,1,Wednesday,United,"@united fair enough, but it stinks to be the passenger on the plane that leaves the gate then sits on the tarmac for an hour before takeoff",USER fair enough stink passenger plane leaf gate sits tarmac hour takeoff,0,Negative,-0.8126609739847481,0.820466935634613,0.17172706127166748,0.007805961649864912
567855640640516096,2015-02-18 01:18:29+00:00,2015-02-18,1,Wednesday,Southwest,@SouthwestAir Thank you! #thankful #feelingtheluv,USER thank thankful feelingtheluv,0,Positive,0.9790238230489194,0.004522076342254877,0.01193198747932911,0.9835458993911743
567859338615865344,2015-02-18 01:33:11+00:00,2015-02-18,1,Wednesday,Southwest,@SouthwestAir No. We were in a large group. Majority of the 30+ bags were soaked.,USER large group majority NUMBER bag soaked,0,Neutral,-0.42010336369276047,0.4532257318496704,0.5136518478393555,0.03312236815690994
567860175740092416,2015-02-18 01:36:30+00:00,2015-02-18,1,Wednesday,US Airways,"@USAirways beware, Barklays bank has terrible cust service. Will not assist, only know to go by badly written book(in English).",USER beware barklays bank terrible cust service assist know go badly written book english,0,Negative,-0.9356840751133859,0.941236674785614,0.05321063846349716,0.005552599672228098
567861140895580160,2015-02-18 01:40:20+00:00,2015-02-18,1,Wednesday,Southwest,@SouthwestAir I got rebooked for tomorrow,USER got rebooked tomorrow,0,Neutral,0.186508912127465,0.007258456666022539,0.7989741563796997,0.19376736879348755
567861901603901440,2015-02-18 01:43:22+00:00,2015-02-18,1,Wednesday,US Airways,@USAirways Commitment to excellence is 2b praised. Can get you to the wrong city 2 days Late Flight or the right one 3 days Late Flight. #customerservice,USER commitment excellence praised get wrong city NUMBER day late flight right one NUMBER day late flight customerservice,0,Neutral,0.13643237948417664,0.17834970355033875,0.5068681836128235,0.3147820830345154
567862240419934208,2015-02-18 01:44:43+00:00,2015-02-18,1,Wednesday,Southwest,@SouthwestAir thanks for the drink tickets hook up! Can't wait for my first international flight with you to NAS! #pumped,USER thanks drink ticket hook ca wait first international flight na pumped,0,Positive,0.9833709669765085,0.0016686248127371073,0.013291758485138416,0.9850395917892456
567864058742845440,2015-02-18 01:51:56+00:00,2015-02-18,1,Wednesday,Delta,"@JetBlue Why not just take her info in the beginning and if cut off, call back? We do that in my medical practice. We are frequent flyers :(",USER take info beginning cut call back medical practice frequent flyer,0,Negative,-0.5619956944137812,0.5874121189117432,0.3871714770793915,0.025416424497961998
567865044580638720,2015-02-18 01:55:51+00:00,2015-02-18,1,Wednesday,US Airways,@USAirways I've been sitting in the Charlotte airport for 4 hours. Waited for crew and now maintenance. #NeverAgain,USER sitting charlotte airport NUMBER hour waited crew maintenance neveragain,1,Negative,-0.9166066269390285,0.9230709075927734,0.07046472281217575,0.006464280653744936
567866162865971201,2015-02-18 02:00:18+00:00,2015-02-18,2,Wednesday,US Airways,@USAirways and no one has been at all helpful. I will never fly this airline again. #NeverAgain #spreadtheword,USER one helpful never fly airline neveragain spreadtheword,0,Negative,-0.9420967027544975,0.9480323195457458,0.046032097190618515,0.0059356167912483215
567867311744380928,2015-02-18 02:04:52+00:00,2015-02-18,2,Wednesday,United,@united our flight attendant @superben was super helpful in finding a bag we left on a flight today. Excellent customer service. Name fits.,USER flight attendant USER super helpful finding bag left flight today excellent customer service name fit,1,Positive,0.9698991682380438,0.004482099786400795,0.021136675029993057,0.9743812680244446
567868808586620928,2015-02-18 02:10:49+00:00,2015-02-18,2,Wednesday,United,@united @annricord $856.81 the cost of one of the round trip tickets.,USER USER NUMBER cost one round trip ticket,0,Neutral,0.0018782205879688263,0.03946293517947197,0.919195830821991,0.041341155767440796
567869273109958656,2015-02-18 02:12:39+00:00,2015-02-18,2,Wednesday,Southwest,@SouthwestAir who should I contact about a missing Rapid Rewards credit?,USER contact missing rapid reward credit,0,Neutral,-0.431090016849339,0.442769318819046,0.5455514192581177,0.011679301969707012
567870895383015424,2015-02-18 02:19:06+00:00,2015-02-18,2,Wednesday,Southwest,"@SouthwestAir Hey yea I got thru...everything is good now (well, in 7-10 days when the voucher goes through) Appreciate it!",USER hey yea got thru everything good well NUMBER NUMBER day voucher go appreciate,0,Positive,0.9441042286343873,0.005817558150738478,0.04426063597202301,0.9499217867851257
567871168214106113,2015-02-18 02:20:11+00:00,2015-02-18,2,Wednesday,US Airways,"@USAirways Your whole handling of this was a joke.Boston Logan had one little old lady,ONE handling all the customers http://t.co/DH2rfUIJYP",USER whole handling logan one little old lady one handling customer URL,0,Negative,-0.8940307628363371,0.9014075994491577,0.09121555089950562,0.007376836612820625
567872077899763712,2015-02-18 02:23:48+00:00,2015-02-18,2,Wednesday,Delta,@JetBlue my SIL bought tix for us to NYC. We were told at the gate that her cc was declined. Supervisor accused us of illegal activity.,USER sil bought tix u nyc told gate cc declined supervisor accused u illegal activity,0,Negative,-0.7372648408636451,0.7462751269340515,0.24471457302570343,0.009010286070406437
567873006501888000,2015-02-18 02:27:29+00:00,2015-02-18,2,Wednesday,Delta,@JetBlue supervisor humiliated us and was uncompromising. We were completely blindsided!,USER supervisor humiliated u uncompromising completely blindsided,0,Negative,-0.917504389770329,0.9249232411384583,0.06765791028738022,0.007418851368129253
567873229055991808,2015-02-18 02:28:23+00:00,2015-02-18,2,Wednesday,Delta,@JetBlue I get Sunday due to weather and ok Monday they're busy but this is crazy,USER get sunday due weather ok monday busy crazy,0,Neutral,-0.32691870629787445,0.43102386593818665,0.46487101912498474,0.1041051596403122
567874134174101504,2015-02-18 02:31:58+00:00,2015-02-18,2,Wednesday,United,@united mechanical delay occurred in Houston earlier today re: their flight to ORD,USER mechanical delay occurred houston earlier today flight ord,0,Neutral,-0.26440388709306717,0.27438634634017944,0.7156312465667725,0.009982459247112274
567874275388043264,2015-02-18 02:32:32+00:00,2015-02-18,2,Wednesday,US Airways,@USAirways glad to be home and that your great people got me home safely. Sad for others who didn't get back bc of scheduling problems.,USER glad home great people got home safely sad others get back bc scheduling problem,0,Positive,0.8340671882033348,0.03617147356271744,0.09358992427587509,0.8702386617660522
567876244722814976,2015-02-18 02:40:22+00:00,2015-02-18,2,Wednesday,Delta,@JetBlue sent,USER sent,0,Neutral,0.13457481935620308,0.044967170804739,0.7754908800125122,0.17954199016094208
567881096647569408,2015-02-18 02:59:38+00:00,2015-02-18,2,Wednesday,US Airways,@USAirways thanks! It's hectic for everyone but their actions don't represent the company well IMO,USER thanks hectic everyone action represent company well imo,0,Negative,-0.8079960513859987,0.8208078742027283,0.16638031601905823,0.012811822816729546
567883485542658048,2015-02-18 03:09:08+00:00,2015-02-18,3,Wednesday,United,"@united My wife has been on the phone several times for past 3 days, with no result.",USER wife phone several time past NUMBER day result,0,Negative,-0.7567027155309916,0.7683830261230469,0.21993665397167206,0.01168031059205532
567883674462588929,2015-02-18 03:09:53+00:00,2015-02-18,3,Wednesday,United,@united Got me home amid snow &amp; Cancelled Flightlations; delivered bag w/o hassle; plus no wait on phone &amp; an upgrade. Thank you!,USER got home amid snow amp cancelled flightlations delivered bag hassle plus wait phone amp upgrade thank,0,Positive,0.8345282860100269,0.021373849362134933,0.1227240189909935,0.8559021353721619
567883722948763648,2015-02-18 03:10:04+00:00,2015-02-18,3,Wednesday,Southwest,@SouthwestAir Finally got through after 3 hours and all set. Thanks.,USER finally got NUMBER hour set thanks,0,Positive,0.7714710421860218,0.006879549473524094,0.2147698998451233,0.7783505916595459
567885401714589696,2015-02-18 03:16:45+00:00,2015-02-18,3,Wednesday,United,"@united I am a frequent user. Congrats u only lost my bags once in 20 years. Problem, it was today and your staff were rude!😢 still no bag!",USER frequent user congrats u lost bag NUMBER year problem today staff rude still bag,0,Negative,-0.5925816744565964,0.7069410085678101,0.17869971692562103,0.11435933411121368
567885982340636672,2015-02-18 03:19:03+00:00,2015-02-18,3,Wednesday,Southwest,@SouthwestAir thanks for your excellent response time and assistance! All set :),USER thanks excellent response time assistance set,0,Positive,0.9753288624342531,0.0034387113992124796,0.017793744802474976,0.9787675738334656
567886091975462912,2015-02-18 03:19:29+00:00,2015-02-18,3,Wednesday,United,"@united rude cust ser agents busy chatting, then yelled bc I took pic. Put me stdby when seat. Diff agent gave me seat 30min Late Flightr. Platinum",USER rude cust ser agent busy chatting yelled bc took pic put stdby seat diff agent gave seat late flightr platinum,0,Negative,-0.7884732075035572,0.7971280217170715,0.19421713054180145,0.008654814213514328
567886093749604353,2015-02-18 03:19:30+00:00,2015-02-18,3,Wednesday,United,"@united it's Late Flight... I'm tired and understandably edgy for trying to catch my flight. I wasn't chipper, but I def was not rude.",USER late flight tired understandably edgy trying catch flight chipper def rude,0,Negative,-0.7217148393392563,0.7414466738700867,0.23882150650024414,0.019731834530830383
567893924699770880,2015-02-18 03:50:37+00:00,2015-02-18,3,Wednesday,United,@united so who does handle bag issues? And why wouldn't you put me onto them in the first place?,USER handle bag issue would put onto first place,0,Negative,-0.5724173281341791,0.5808876752853394,0.41064199805259705,0.00847034715116024
567896250013601792,2015-02-18 03:59:51+00:00,2015-02-18,3,Wednesday,Delta,@JetBlue @KleinErin Hi! Know a pastor or homeschool mom who might like SpiritED? Have 'em contact me on Prefundia:http://t.co/jRbZLHRW7y,USER USER hi know pastor homeschool mom might like spirited contact prefundia URL,0,Neutral,0.4492917899042368,0.006453758105635643,0.537800669670105,0.45574554800987244
567898236809277440,2015-02-18 04:07:45+00:00,2015-02-18,4,Wednesday,Southwest,"@SouthwestAir It seems odd to be sitting on a plane that gets further delayed and you find out by txt, not the 6 emp working on the aircraft",USER seems odd sitting plane get delayed find txt NUMBER emp working aircraft,0,Negative,-0.6685414873063564,0.6775699257850647,0.31340163946151733,0.009028438478708267
567902121992921088,2015-02-18 04:23:11+00:00,2015-02-18,4,Wednesday,United,"@united ""federal regulation prohibits you being separated from your bag""...yet you lose our bag and that's okay",USER federal regulation prohibits separated bag yet lose bag okay,0,Negative,-0.5626472625881433,0.5880027413368225,0.3866417706012726,0.02535547874867916
567904438834167809,2015-02-18 04:32:24+00:00,2015-02-18,4,Wednesday,US Airways,@USAirways my sister was supposed to leave at 10 am to go back to AL. She's only getting to NC now. Are you kidding me #NeverflyUSairways 👿,USER sister supposed leave NUMBER go back al getting nc kidding neverflyusairways,0,Negative,-0.8679342791438103,0.8764416575431824,0.11505093425512314,0.0085073783993721
567906137938399232,2015-02-18 04:39:09+00:00,2015-02-18,4,Wednesday,Southwest,@SouthwestAir hot stewardess flipped me off,USER hot stewardess flipped,0,Negative,-0.8467395268380642,0.8542302846908569,0.13827896118164062,0.00749075785279274
567907070269198337,2015-02-18 04:42:51+00:00,2015-02-18,4,Wednesday,Southwest,@SouthwestAir A wonderfully nice agent in Austin helped us out. Wish I remembered her name to give proper kudos.,USER wonderfully nice agent austin helped u wish remembered name give proper kudos,0,Positive,0.9510360527783632,0.008000655099749565,0.03296264261007309,0.9590367078781128
567921825948250112,2015-02-18 05:41:29+00:00,2015-02-18,5,Wednesday,United,"@united I am VERY disappointed with @SilverAirways as your partner. No communication, 2 extremely Late Flight flights. Really, all around horrible.",USER disappointed USER partner communication NUMBER extremely late flight flight really around horrible,0,Negative,-0.9482822683639824,0.9535782933235168,0.04112565889954567,0.005296024959534407
567924953976152064,2015-02-18 05:53:55+00:00,2015-02-18,5,Wednesday,United,@united I want my bags. There is vital equipment in there. You are royally screwing me. I'm cranky and want an update.,USER want bag vital equipment royally screwing cranky want update,0,Negative,-0.9043502267450094,0.9140116572380066,0.076326884329319,0.00966143049299717
567929586077425664,2015-02-18 06:12:19+00:00,2015-02-18,6,Wednesday,United,@united are my bags here yet? They were at Palm Springs airport. I was at LAX. How come I beat my bags here.,USER bag yet palm spring airport lax come beat bag,0,Negative,-0.5916685834527016,0.6106524467468262,0.37036365270614624,0.018983863294124603
567943461476806656,2015-02-18 07:07:27+00:00,2015-02-18,7,Wednesday,Southwest,@SouthwestAir Had a bad experience with them last week. They broke my bicycle that I had brought with me to do a bike ride in Fla. Why?,USER bad experience last week broke bicycle brought bike ride,0,Negative,-0.9185140784829855,0.9252228736877441,0.06806834787130356,0.006708795204758644
567954287185125377,2015-02-18 07:50:28+00:00,2015-02-18,7,Wednesday,Southwest,@HillAConlin @SouthwestAir hi! get a solar charger from Amazon! Game changer to plug usb into charge. :),USER USER hi get solar charger amazon game changer plug usb charge,0,Positive,0.9588723744964227,0.0016387138748541474,0.03785022720694542,0.9605110883712769
567957027093245952,2015-02-18 08:01:22+00:00,2015-02-18,8,Wednesday,United,@united am I allowed to bring a duffle bag and back pack as my carry on and personal item? Flying out of NY,USER allowed bring duffle bag back pack carry personal item flying ny,0,Neutral,0.04213171824812889,0.02046198770403862,0.9169442653656006,0.06259370595216751
567979842882428928,2015-02-18 09:32:01+00:00,2015-02-18,9,Wednesday,US Airways,@USAirways @Forsyth_Factor hope for no weather delays no help to reroute and your on your own for lodging non stop is the way to go,USER USER hope weather delay help reroute lodging non stop way go,0,Neutral,0.19888809323310852,0.13606420159339905,0.5289835333824158,0.33495229482650757
568008802865274880,2015-02-18 11:27:06+00:00,2015-02-18,11,Wednesday,Delta,@JetBlue its always a pleasure ☺️,USER always pleasure,0,Positive,0.9779566042125225,0.00409095361828804,0.013861443847417831,0.9820475578308105
568016802191683586,2015-02-18 11:58:53+00:00,2015-02-18,11,Wednesday,US Airways,"@USAirways, 1st a reaccommodation, now a delayed flight for this one. &amp; the Gate Agent still hasn't mumbled a word. Folks getting anxious.",USER reaccommodation delayed flight one amp gate agent still mumbled word folk getting anxious,0,Negative,-0.8861048142425716,0.8917930722236633,0.10251867026090622,0.005688257981091738
568029222574407680,2015-02-18 12:48:14+00:00,2015-02-18,12,Wednesday,US Airways,@USAirways we are boarding now but have yet to depart. Thanks for the response.,USER boarding yet depart thanks response,0,Neutral,0.245200477540493,0.01773325353860855,0.7193329930305481,0.26293373107910156
568040818059190273,2015-02-18 13:34:19+00:00,2015-02-18,13,Wednesday,US Airways,@USAirways I just checked in online for tomorrow's flight - thought I should get auto upgrade? (Already got the email saying no seats),USER checked online tomorrow flight thought get auto upgrade already got email saying seat,0,Neutral,-0.11565286666154861,0.15581750869750977,0.8040179014205933,0.04016464203596115
568049316582932480,2015-02-18 14:08:05+00:00,2015-02-18,14,Wednesday,Southwest,@SouthwestAir I just sent a screen shot of the incident report.,USER sent screen shot incident report,0,Neutral,-0.01210852712392807,0.050202179700136185,0.9117042422294617,0.038093652576208115
568051199565533184,2015-02-18 14:15:34+00:00,2015-02-18,14,Wednesday,Delta,@JetBlue all taken care of .... Other then the dropped call and the total half hour wait #love #jetblue,USER taken care dropped call total half hour wait love jetblue,0,Positive,0.8395111467689276,0.0177693460136652,0.12495015561580658,0.8572804927825928
568054514617622528,2015-02-18 14:28:44+00:00,2015-02-18,14,Wednesday,Southwest,@SouthwestAir First there were cockroaches crawling on the counter at the gate and visible mouse traps under the seats at the gate,USER first cockroach crawling counter gate visible mouse trap seat gate,0,Negative,-0.6244655232876539,0.6388450264930725,0.34677547216415405,0.014379503205418587
568057241435303936,2015-02-18 14:39:35+00:00,2015-02-18,14,Wednesday,US Airways,",@USAirways 2nd time this occurred in 3 weeks. I'm not patient. I have no choice. #Antitrust issue",USER time occurred NUMBER week patient choice antitrust issue,0,Negative,-0.9065182534977794,0.9137046337127686,0.07910899817943573,0.007186380214989185
568059129601724416,2015-02-18 14:47:05+00:00,2015-02-18,14,Wednesday,Virgin America,"@VirginAmerica love it, taking @SouthwestAir on in their backyard! Consumers win when biz competes.",USER love taking USER backyard consumer win biz competes,0,Positive,0.9807432966772467,0.00279014534316957,0.013676376082003117,0.9835334420204163
568064972086906880,2015-02-18 15:10:18+00:00,2015-02-18,15,Wednesday,US Airways,@USAirways This is how vacations get Cancelled Flightled been on hold ⤵for 40+ minutes still havent talked to anyone. #failure http://t.co/ef4P0HISHb,USER vacation get cancelled flightled hold NUMBER minute still havent talked anyone failure URL,0,Negative,-0.9344441890716553,0.9393347501754761,0.055774617940187454,0.004890561103820801
568073191068794880,2015-02-18 15:42:57+00:00,2015-02-18,15,Wednesday,US Airways,@USAirways Not one to complain much but really 1 hour 15minutes and still nothing. Agents or Agent ⤵ http://t.co/Q5SB0DaVuy,USER one complain much really NUMBER hour still nothing agent agent URL,0,Negative,-0.7231683824211359,0.7387749552726746,0.24561844766139984,0.015606572851538658
568073860911927296,2015-02-18 15:45:37+00:00,2015-02-18,15,Wednesday,US Airways,"@USAirways My flight was delayed and rerouted, and not so much as a ""sorry for your inconvenience"" from the check-in agent? #notimpressed",USER flight delayed rerouted much sorry inconvenience agent notimpressed,0,Negative,-0.9188503851182759,0.9237985610961914,0.07125335931777954,0.0049481759779155254
568074163270905856,2015-02-18 15:46:49+00:00,2015-02-18,15,Wednesday,US Airways,"@USAirways Thank you, busy times.",USER thank busy time,0,Positive,0.6020924933254719,0.038342129439115524,0.3212232291698456,0.6404346227645874
568077686507229184,2015-02-18 16:00:49+00:00,2015-02-18,16,Wednesday,US Airways,@USAirways just realized my @AmericanAir advantage number wasn't used for my flight. How do I get my ff miles?,USER realized USER advantage number used flight get ff mile,0,Neutral,-0.4194650799036026,0.4356405436992645,0.5481839776039124,0.016175463795661926
568081558625759233,2015-02-18 16:16:12+00:00,2015-02-18,16,Wednesday,US Airways,@USAirways Why not have an option for a call back? I'm just sitting here burning through my minutes waiting for an error to be fixed.,USER option call back sitting burning minute waiting error fixed,0,Negative,-0.8866422646678984,0.893285870552063,0.1000705361366272,0.006643605884164572
568081678272307201,2015-02-18 16:16:41+00:00,2015-02-18,16,Wednesday,Southwest,@SouthwestAir when will sw return to customer service? Business travelers made sw now sw ignores us.,USER sw return customer service business traveler made sw sw ignores u,0,Negative,-0.8709824439138174,0.8788775205612183,0.1132274642586708,0.007895076647400856
568085636592349184,2015-02-18 16:32:24+00:00,2015-02-18,16,Wednesday,United,@united There is no excuse for leaving a minor to spend the night sobbing (9 hours) in a plastic chair. UA's actions? Terrible. # united,USER excuse leaving minor spend night sobbing NUMBER hour plastic chair ua action terrible united,0,Negative,-0.9385167821310461,0.9431344866752625,0.05224769935011864,0.004617704544216394
568085714744684544,2015-02-18 16:32:43+00:00,2015-02-18,16,Wednesday,Southwest,@SouthwestAir you're the best,USER best,0,Positive,0.9737561428919435,0.006737998686730862,0.012767837382853031,0.9804941415786743
568087789004300288,2015-02-18 16:40:58+00:00,2015-02-18,16,Wednesday,US Airways,@USAirways why would a flight arrive Late Flight or leave when 60% of your passengers have a connection?,USER would flight arrive late flight leave NUMBER passenger connection,1,Negative,-0.6168004721403122,0.62739497423172,0.36201053857803345,0.010594502091407776
568090175122907136,2015-02-18 16:50:27+00:00,2015-02-18,16,Wednesday,Southwest,@SouthwestAir now it's delayed until 3:55. Getting yelled at by attendants not to bother them. Getting worse,USER delayed NUMBER NUMBER getting yelled attendant bother getting worse,0,Negative,-0.9269855869933963,0.9318711161613464,0.06324336677789688,0.004885529167950153
568094199586938880,2015-02-18 17:06:26+00:00,2015-02-18,17,Wednesday,Delta,@JetBlue what is a personal email that I can contact? I have a complaint that you should know about,USER personal email contact complaint know,0,Neutral,-0.10701723769307137,0.14780311286449432,0.8114110827445984,0.04078587517142296
568094581041934336,2015-02-18 17:07:57+00:00,2015-02-18,17,Wednesday,Southwest,@SouthwestAir tried to enter that rapid rewards contest link on facebook but all my browsers kept popping up security warnings 4 it.,USER tried enter rapid reward contest link facebook browser kept popping security warning NUMBER,0,Negative,-0.6821345593780279,0.6968091726303101,0.28851625323295593,0.014674613252282143
568096875435282432,2015-02-18 17:17:04+00:00,2015-02-18,17,Wednesday,Delta,@JetBlue Disappointed we weren't allowed to bring on an aircraft approved carseat on an empty plane. Not cool.,USER disappointed allowed bring aircraft approved carseat empty plane cool,0,Negative,-0.8972546341829002,0.903053343296051,0.09114792197942734,0.005798709113150835
568100626183417856,2015-02-18 17:31:58+00:00,2015-02-18,17,Wednesday,Southwest,@SouthwestAir sent,USER sent,0,Neutral,0.13457481935620308,0.044967170804739,0.7754908800125122,0.17954199016094208
568100858954522625,2015-02-18 17:32:54+00:00,2015-02-18,17,Wednesday,United,@united Designed to deter people from forgetting things or to provide more storage space? The article says the latter #unfriendlyskies,USER designed deter people forgetting thing provide storage space article say latter unfriendlyskies,0,Negative,-0.5932054072618484,0.6101697683334351,0.3728658854961395,0.01696436107158661
568101609894342656,2015-02-18 17:35:53+00:00,2015-02-18,17,Wednesday,United,"2/2 @united You don't really care about our comfort, you care about profitability. That's fine, just own up to it. #unfriendlyskies",NUMBER NUMBER USER really care comfort care profitability fine unfriendlyskies,0,Negative,-0.8957805819809437,0.9021009802818298,0.09157866984605789,0.006320398300886154
568104424029036545,2015-02-18 17:47:04+00:00,2015-02-18,17,Wednesday,Southwest,"@SouthwestAir I'm really craving your pretzels, please send me some.",USER really craving pretzel please send,0,Positive,0.9252220848575234,0.007830335758626461,0.05911726877093315,0.9330524206161499
568107472260624384,2015-02-18 17:59:10+00:00,2015-02-18,17,Wednesday,Southwest,@southwestair Great job celebrating #MardiGras2015 . You own the industry . Another reason I'm nuts for you! http://t.co/8WBzOrRn3C,USER great job celebrating industry another reason nut URL,0,Positive,0.9857649707701057,0.003254125127568841,0.007726708427071571,0.9890190958976746
568107670177239040,2015-02-18 17:59:58+00:00,2015-02-18,17,Wednesday,Southwest,@SouthwestAir so when do we find out who won the imagine dragons contest?,USER find imagine dragon contest,0,Neutral,0.02817236166447401,0.011350040324032307,0.9491276144981384,0.03952240198850632
568111503812870144,2015-02-18 18:15:12+00:00,2015-02-18,18,Wednesday,United,@united KN: not allowing me to bypass the receipt # on the refund request form. Never received receipt email. charged http://t.co/Cju102xP2k,USER kn allowing bypass receipt refund request form never received receipt email charged URL,0,Negative,-0.8082731133326888,0.8150497078895569,0.1781737059354782,0.006776594556868076
568115611814858752,2015-02-18 18:31:31+00:00,2015-02-18,18,Wednesday,US Airways,@USAirways would be more pleased if you reassess your business practices. Goal should be to have passengers on plane as little as possible,USER would pleased reassess business practice goal passenger plane little possible,0,Neutral,0.24460069090127945,0.12097751349210739,0.5134442448616028,0.36557820439338684
568115928044404736,2015-02-18 18:32:46+00:00,2015-02-18,18,Wednesday,Delta,"@JetBlue friendly, engaging, personable, handled clarifying questions about baggage fees well, and took an interest in what I was doing.",USER friendly engaging personable handled clarifying question baggage fee well took interest,0,Positive,0.7909911926835775,0.0182987991720438,0.1724112629890442,0.8092899918556213
568124733851443200,2015-02-18 19:07:46+00:00,2015-02-18,19,Wednesday,Delta,@JetBlue their names are both Angel (seriously - how cool is that!). Truly FANTASTIC service!,USER name angel seriously cool truly fantastic service,0,Positive,0.9836370185948908,0.004278735723346472,0.007805485278367996,0.9879157543182373
568126621611372545,2015-02-18 19:15:16+00:00,2015-02-18,19,Wednesday,US Airways,"@USAirways the least comforting thing from your pilot after sitting on a stationary plane for 3 hours is ""I don't really know what happened""",USER least comforting thing pilot sitting stationary plane NUMBER hour really know happened,0,Negative,-0.841927781701088,0.8504135012626648,0.14110085368156433,0.008485719561576843
568127152450871296,2015-02-18 19:17:23+00:00,2015-02-18,19,Wednesday,United,"@united how can i trust United with future Flight Booking Problemss when a confirmed, ticketed and purchased ticket is Cancelled Flightled after the fact?",USER trust united future flight booking problemss confirmed ticketed purchased ticket cancelled flightled fact,0,Negative,-0.8424907643347979,0.8493776321411133,0.14373546838760376,0.006886867806315422
568127434173878272,2015-02-18 19:18:30+00:00,2015-02-18,19,Wednesday,Delta,@JetBlue I do follow you!,USER follow,0,Positive,0.6196988569572568,0.004309798590838909,0.3716815114021301,0.6240086555480957
568128399035772928,2015-02-18 19:22:20+00:00,2015-02-18,19,Wednesday,US Airways,@USAirways a $100 @Samsonite - totaled. Not happy. Not at all.,USER NUMBER USER totaled happy,0,Negative,-0.923203551210463,0.9299795627593994,0.06324448436498642,0.006776011548936367
568134036239097856,2015-02-18 19:44:44+00:00,2015-02-18,19,Wednesday,Delta,@JetBlue Thank you for opening the conversation. I hope you can make it right.,USER thank opening conversation hope make right,0,Positive,0.8007554281502962,0.018422676250338554,0.1623992919921875,0.8191781044006348
568140468854198272,2015-02-18 20:10:17+00:00,2015-02-18,20,Wednesday,US Airways,@USAirways I spent more on the room &amp; transportation then I did the whole flight,USER spent room amp transportation whole flight,0,Neutral,-0.17502111196517944,0.2635836601257324,0.6478537321090698,0.08856254816055298
568144447931686912,2015-02-18 20:26:06+00:00,2015-02-18,20,Wednesday,Southwest,@SouthwestAir amazing service by your SW stewardesses! From den to Cun and from CUN to Atl and atl to lax. Thank u!,USER amazing service sw stewardess den cun cun atl atl lax thank u,0,Positive,0.9738241704180837,0.004612359218299389,0.016951095312833786,0.9784365296363831
568144894964994048,2015-02-18 20:27:53+00:00,2015-02-18,20,Wednesday,United,"@united I did not, my mind was on getting to the next flight.",USER mind getting next flight,0,Neutral,-0.024033591151237488,0.1012711450457573,0.8214913606643677,0.0772375538945198
568153578453524480,2015-02-18 21:02:23+00:00,2015-02-18,21,Wednesday,Southwest,@SouthwestAir how come on mobile I can't proceed w/o entering a postcode at purchase. I'm from Ireland and I don't have a postcode just.,USER come mobile ca proceed entering postcode purchase ireland postcode,0,Negative,-0.6480715554207563,0.6596013903617859,0.3288687765598297,0.011529834941029549
568155066668060672,2015-02-18 21:08:18+00:00,2015-02-18,21,Wednesday,Delta,"@JetBlue I cheated on you, and I'm sorry. I'll never do it again. @SouthwestAir has given my wife and I the worst start to a honeymoon ever",USER cheated sorry never USER given wife worst start honeymoon ever,0,Negative,-0.9472246770747006,0.9528794884681702,0.04146565869450569,0.005654811393469572
568160197367242752,2015-02-18 21:28:41+00:00,2015-02-18,21,Wednesday,Delta,@JetBlue can't change it. True blue points and I can't get to a phone,USER ca change true blue point ca get phone,0,Negative,-0.8051133109256625,0.8160178661346436,0.17307765781879425,0.010904555208981037
568168034394873857,2015-02-18 21:59:50+00:00,2015-02-18,21,Wednesday,Southwest,@SouthwestAir was wondering is there a reason why customer service is so busy? Been on hold past few days for many hours No answer Help plz,USER wondering reason customer service busy hold past day many hour answer help plz,0,Negative,-0.8538537444546819,0.860335111618042,0.13318350911140442,0.006481367163360119
568177098038349825,2015-02-18 22:35:51+00:00,2015-02-18,22,Wednesday,Delta,"@JetBlue My #FlyingItForward affects just one small family of four, but it would make a huge difference in their life.",USER flyingitforward affect one small family four would make huge difference life,0,Positive,0.9141484880819917,0.007027111016213894,0.07179726660251617,0.9211755990982056
568177321724620800,2015-02-18 22:36:44+00:00,2015-02-18,22,Wednesday,United,@united I think you guys had a half full flight at 4 so you held our overbooked 3pm flight to fill the other one then Cancelled Flightled mine,USER think guy half full flight NUMBER held overbooked flight fill one cancelled flightled mine,0,Negative,-0.7561336243525147,0.7637174129486084,0.2286987453699112,0.007583788596093655
568183509577125888,2015-02-18 23:01:19+00:00,2015-02-18,23,Wednesday,United,@united 1 hour since boarding began and we're still sitting at the gate. #UA507,USER NUMBER hour since boarding began still sitting gate,0,Neutral,-0.1943535003811121,0.21200507879257202,0.7703433036804199,0.017651578411459923
568185339245756416,2015-02-18 23:08:35+00:00,2015-02-18,23,Wednesday,United,@united flying tomorrow from mexico to US. Mileage tkts dont show 1k status. Help,USER flying tomorrow mexico u mileage tkts dont show status help,0,Negative,-0.5643667140975595,0.5791473984718323,0.4060719609260559,0.014780684374272823
568192010789777408,2015-02-18 23:35:06+00:00,2015-02-18,23,Wednesday,Southwest,@SouthwestAir just had a great flight #4223 with Damion! He was the best #damionflight4223,USER great flight NUMBER damion best,0,Positive,0.9884129206184298,0.0020646413322538137,0.00745784817263484,0.9904775619506836
568196165780578304,2015-02-18 23:51:37+00:00,2015-02-18,23,Wednesday,US Airways,"@USAirways Secondary screenings, a piece of the plane missing... Anything you want to tell us?",USER secondary screening piece plane missing anything want tell u,0,Negative,-0.5279994523152709,0.5367253422737122,0.45454877614974976,0.008725889958441257
568203174198284288,2015-02-19 00:19:28+00:00,2015-02-19,0,Thursday,Virgin America,@VirginAmerica announced New Route to Austin w/fares from $39/way. http://t.co/gA8pbamu0C,USER announced new route austin NUMBER URL,3,Neutral,0.15961604355834424,0.003401229390874505,0.8335815072059631,0.16301727294921875
568206634758983681,2015-02-19 00:33:13+00:00,2015-02-19,0,Thursday,Delta,@JetBlue u suck Big Donkey Balls!,USER u suck big donkey ball,0,Negative,-0.9306097328662872,0.9411901831626892,0.0482294037938118,0.010580450296401978
568207206023360512,2015-02-19 00:35:29+00:00,2015-02-19,0,Thursday,Delta,@JetBlue anywhere... away from this snow globe to warmth sand and palm trees..,USER anywhere away snow globe warmth sand palm tree,0,Neutral,0.16969798505306244,0.0357365757226944,0.75882887840271,0.20543456077575684
568208831030943744,2015-02-19 00:41:56+00:00,2015-02-19,0,Thursday,Delta,@JetBlue third JetBlue flight in less than a week. All Late Flight not for weather. Reliability going downhill.,USER third jetblue flight less week late flight weather reliability going downhill,0,Negative,-0.9021602338179946,0.9080894589424133,0.08598136156797409,0.0059292251244187355
568211517398786048,2015-02-19 00:52:37+00:00,2015-02-19,0,Thursday,US Airways,@USAirways I was re accommodated for my DSM flight tonight after a delay from Myrtle Beach now the flight to DSM is back on for tonight?,USER accommodated dsm flight tonight delay myrtle beach flight dsm back tonight,0,Neutral,0.1092885946854949,0.005906649865210056,0.8788981437683105,0.11519524455070496
568212538778906624,2015-02-19 00:56:40+00:00,2015-02-19,0,Thursday,Delta,"@JetBlue I put it my ""to"" and ""from"" airports, click update and it tells me to put in my ""to"" and ""from"" airports.",USER put airport click update tell put airport,0,Neutral,0.02459799498319626,0.025240130722522736,0.9249218106269836,0.049838125705718994
568214541852495872,2015-02-19 01:04:38+00:00,2015-02-19,1,Thursday,Southwest,@SouthwestAir i cant look up my confirmation number at the moment on mobile. the email is no longer in my inbox,USER cant look confirmation number moment mobile email longer inbox,0,Negative,-0.602519903331995,0.6125748753547668,0.3773702085018158,0.010054972022771835
568215628890411009,2015-02-19 01:08:57+00:00,2015-02-19,1,Thursday,Delta,"@JetBlue If there's a schedule change on my tix, can you change the the destination airport to a sister airport (like EWR and JFK)?",USER schedule change tix change destination airport sister airport like ewr jfk,0,Neutral,0.0076268017292022705,0.027257416397333145,0.9378584027290344,0.034884218126535416
568216703055876096,2015-02-19 01:13:13+00:00,2015-02-19,1,Thursday,Delta,"@JetBlue I was believing you for a minute, but we just got delayed for a 3rd time!",USER believing minute got delayed time,0,Negative,-0.741513691842556,0.7624160051345825,0.21668165922164917,0.02090231329202652
568219452929662976,2015-02-19 01:24:09+00:00,2015-02-19,1,Thursday,Delta,@JetBlue @T5Sparrow Love it. They're cute,USER USER love cute,0,Positive,0.9744389727711678,0.005488447844982147,0.014584091491997242,0.9799274206161499
568220487500709889,2015-02-19 01:28:15+00:00,2015-02-19,1,Thursday,Southwest,"@SouthwestAir could care more about their customer, if there is a reasonable request :(",USER could care customer reasonable request,0,Negative,-0.8216690924018621,0.8370380401611328,0.14759300649166107,0.015368947759270668
568223950926446593,2015-02-19 01:42:01+00:00,2015-02-19,1,Thursday,US Airways,@USAirways still waiting! Captain reports he's called 6 times to get ground crew....and still sitting on runway. #evenLate Flightr,USER still waiting captain report called NUMBER time get ground crew still sitting runway evenlate flightr,0,Negative,-0.7712017074227333,0.7846502661705017,0.2019011676311493,0.013448558747768402
568225322543538176,2015-02-19 01:47:28+00:00,2015-02-19,1,Thursday,Southwest,"@SouthwestAir Looks like 'On February 19, 2015, we will open our schedule for sale through October 30, 2015' - know what time that will be?",USER look like february NUMBER NUMBER open schedule sale october NUMBER NUMBER know time,0,Neutral,0.03522254340350628,0.0064067598432302475,0.9519639015197754,0.041629303246736526
568229032652709888,2015-02-19 02:02:13+00:00,2015-02-19,2,Thursday,United,"@united Hopefully They will give me a feedback, bafore my flight...",USER hopefully give feedback bafore flight,0,Neutral,0.3863564534112811,0.011018176563084126,0.5916072130203247,0.39737462997436523
568231586585550848,2015-02-19 02:12:22+00:00,2015-02-19,2,Thursday,United,"@united @staralliance was there few weeks ago AWESOME,bright vibrant, and NO habitrails",USER USER week ago awesome bright vibrant habitrails,0,Positive,0.9797574835829437,0.004307870287448168,0.011626792140305042,0.9840653538703918
568236763128463361,2015-02-19 02:32:56+00:00,2015-02-19,2,Thursday,US Airways,@USAirways this is more than having patience. This is not acceptable. http://t.co/N7pSuEJDC8,USER patience acceptable URL,0,Negative,-0.9131100685335696,0.9204689264297485,0.07217220962047577,0.007358857896178961
568242359928037377,2015-02-19 02:55:10+00:00,2015-02-19,2,Thursday,US Airways,@USAirways no your not!,USER,0,Neutral,-0.15446947515010834,0.2724134922027588,0.6096425652503967,0.11794401705265045
568250159689113600,2015-02-19 03:26:10+00:00,2015-02-19,3,Thursday,United,@united &amp; I've been hung up on twice by your staff. So upset right now,USER amp hung twice staff upset right,0,Negative,-0.9473842014558613,0.9523956775665283,0.04259273409843445,0.00501147611066699
568250452057427970,2015-02-19 03:27:20+00:00,2015-02-19,3,Thursday,United,@united can you please stop Cancelled Flightling your flights? I am trying to get home to take two exams tomorrow. You've Cancelled Flightled 3 flights on me.,USER please stop cancelled flightling flight trying get home take two exam tomorrow cancelled flightled NUMBER flight,0,Negative,-0.890738527290523,0.8972258567810059,0.0962868332862854,0.006487329490482807
568252192592769025,2015-02-19 03:34:14+00:00,2015-02-19,3,Thursday,US Airways,@USAirways I didn't take my original flight. I was suppose to arrive last night than by 2:00pm today. Didn't get in til 5,USER take original flight suppose arrive last night NUMBER today get til NUMBER,0,Negative,-0.6868571322411299,0.6946192383766174,0.2976185977458954,0.0077621061354875565
568260044896243712,2015-02-19 04:05:27+00:00,2015-02-19,4,Thursday,Southwest,@SouthwestAir had a very rude gate agent at BWI tonight gate B8 after a 6.5hr delay for flight 1172. I think a little training is in order.,USER rude gate agent bwi tonight gate NUMBER delay flight NUMBER think little training order,0,Negative,-0.8920685253106058,0.8974513411521912,0.09716583043336868,0.005382815841585398
568264441906618368,2015-02-19 04:22:55+00:00,2015-02-19,4,Thursday,United,@united thanks,USER thanks,0,Positive,0.6279605440795422,0.015299279242753983,0.341440886259079,0.6432598233222961
568265475114663936,2015-02-19 04:27:01+00:00,2015-02-19,4,Thursday,United,@united My flying United is over...sorry. The Captain still had 20 minutes of pre-flight preparations to make while we sat with no air!,USER flying united sorry captain still NUMBER minute preparation make sat air,0,Negative,-0.5924588777124882,0.6250892281532288,0.34228038787841797,0.032630350440740585
568272139075387392,2015-02-19 04:53:30+00:00,2015-02-19,4,Thursday,US Airways,@USAirways Unfortunately I doubt that the consistently subpar service will improve with the @AmericanAir merger. #USAirways,USER unfortunately doubt consistently subpar service improve USER merger usairways,0,Negative,-0.9281956409104168,0.9335979223251343,0.06099981814622879,0.005402281414717436
568281546999754752,2015-02-19 05:30:53+00:00,2015-02-19,5,Thursday,United,"@united they had snacks available, just no fresh food...not sure what happened, but I'm sure we will grab a bite before our SFO connection",USER snack available fresh food sure happened sure grab bite sfo connection,0,Neutral,-0.13522399216890335,0.18413403630256653,0.7669559717178345,0.04891004413366318
568284538914385920,2015-02-19 05:42:46+00:00,2015-02-19,5,Thursday,US Airways,"@USAirways thank you.3860 to cincy.just landed.you should add frequent flyer miles to my account.. a long, incredibly frustrating day",USER thank NUMBER add frequent flyer mile account long incredibly frustrating day,0,Negative,-0.8388575222343206,0.8610735535621643,0.11671040952205658,0.022216031327843666
568294699515187200,2015-02-19 06:23:09+00:00,2015-02-19,6,Thursday,Southwest,@SouthwestAir hilarious flight attendants on Vegas to Detroit tonight http://t.co/nw7vx7DGMF,USER hilarious flight attendant vega detroit tonight URL,0,Positive,0.6241463012993336,0.017829041928052902,0.34019556641578674,0.6419753432273865
568299749121654784,2015-02-19 06:43:13+00:00,2015-02-19,6,Thursday,Southwest,@southwestair so I saw the promo for A-List when I was on a plane this Monday. I fly two more times in the qualification period. 1/2,USER saw promo plane monday fly two time qualification period NUMBER NUMBER,0,Neutral,0.13000782066956162,0.004876924213021994,0.8602383136749268,0.13488474488258362
568303293635522560,2015-02-19 06:57:18+00:00,2015-02-19,6,Thursday,Southwest,@SouthwestAir Is there any chance I can get tickets for the Vegas stop? I missed my chance to enter the contest but I love ID to death !,USER chance get ticket vega stop missed chance enter contest love id death,0,Positive,0.8677635043859482,0.01738162338733673,0.09747327119112015,0.8851451277732849
568308464985903104,2015-02-19 07:17:51+00:00,2015-02-19,7,Thursday,United,@united ^GJ I will. You have to agree that 7+ hours Late Flight for arrival is unacceptable. I only hope and pray my bag is here.,USER agree NUMBER hour late flight arrival unacceptable hope pray bag,0,Negative,-0.5907486788928509,0.6448658108711243,0.30101707577705383,0.05411713197827339
568342540837105664,2015-02-19 09:33:15+00:00,2015-02-19,9,Thursday,United,@united next day,USER next day,0,Neutral,0.07241440564393997,0.02871553599834442,0.8701545000076294,0.1011299416422844
568351842217947136,2015-02-19 10:10:13+00:00,2015-02-19,10,Thursday,United,@united spoke to someone on your feedback line last night who said she would get me a preferred choice seat for today...,USER spoke someone feedback line last night said would get preferred choice seat today,0,Neutral,0.12696143984794617,0.014150142669677734,0.844738245010376,0.1411115825176239
568356065428918272,2015-02-19 10:27:00+00:00,2015-02-19,10,Thursday,United,@united @staralliance good. Maybe that will make up for losing my medallion. #ProbablyNot,USER USER good maybe make losing medallion probablynot,0,Neutral,-0.14508581161499023,0.36705681681632996,0.4109722673892975,0.22197100520133972
568356641877446656,2015-02-19 10:29:17+00:00,2015-02-19,10,Thursday,United,"@united - handed a slip of paper,&amp;said to call 1800#. Have called 2x/day trying to get it sent, still @ layover airport.Have that ref # tho.",USER handed slip paper amp said call NUMBER called trying get sent still layover ref tho,0,Neutral,-0.3096935097128153,0.34060582518577576,0.628481924533844,0.030912315472960472
568372335012679680,2015-02-19 11:31:39+00:00,2015-02-19,11,Thursday,United,"@united I don't have a milage number. I can't sent my mail to you via DM, you're not following me. I follow you now, so you can sent me a DM",USER milage number ca sent mail via dm following follow sent dm,0,Negative,-0.5191955296322703,0.5342596173286438,0.450676292181015,0.015064087696373463
568380749495164929,2015-02-19 12:05:05+00:00,2015-02-19,12,Thursday,Delta,"@JetBlue Gains Altitude, But SkyWest Hits Turbulence JBLU SKYW - Investor's Business Daily http://t.co/P2HUM7lXUR",USER gain altitude skywest hit turbulence jblu skyw investor business daily URL,0,Neutral,0.023594213649630547,0.024801721796393394,0.9268022775650024,0.04839593544602394
568382196081229824,2015-02-19 12:10:50+00:00,2015-02-19,12,Thursday,US Airways,"@USAirways if a passenger is to large to put down the armrest and now is using part of my seat, what is my recourse? #nothappy",USER passenger large put armrest using part seat recourse nothappy,0,Negative,-0.6354945879429579,0.6473891735076904,0.34071630239486694,0.011894585564732552
568382790506389504,2015-02-19 12:13:11+00:00,2015-02-19,12,Thursday,US Airways,@USAirways I paid for my seat. I expect to be able to use my full seat,USER paid seat expect able use full seat,0,Neutral,0.3395264856517315,0.01803981140255928,0.6243939399719238,0.35756629705429077
568387402810728448,2015-02-19 12:31:31+00:00,2015-02-19,12,Thursday,Delta,@JetBlue hi. Just DM'd info,USER hi dm info,0,Neutral,0.24572940450161695,0.010565233416855335,0.7331401109695435,0.2562946379184723
568389719093940224,2015-02-19 12:40:43+00:00,2015-02-19,12,Thursday,Southwest,@SouthwestAir my first flight ever and flight #4251 is already having technical issues. Faaaannntastic.😭,USER first flight ever flight NUMBER already technical issue,1,Negative,-0.8328606467694044,0.8618466854095459,0.1091672033071518,0.028986038640141487
568391878871285760,2015-02-19 12:49:18+00:00,2015-02-19,12,Thursday,Delta,@jetblue trading customer experience for short term $$. So sad for this (previous?) loyal customer. https://t.co/dFmvmiBH4x,USER trading customer experience short term sad previous loyal customer URL,0,Negative,-0.9092304422520101,0.9161791801452637,0.07687210291624069,0.006948737893253565
568394676501217281,2015-02-19 13:00:25+00:00,2015-02-19,13,Thursday,Southwest,@SouthwestAir booked our flights this morning. Can't wait to move about the country.,USER booked flight morning ca wait move country,0,Positive,0.9765477033797652,0.001619711285457015,0.020212935283780098,0.9781674146652222
568396205270691840,2015-02-19 13:06:30+00:00,2015-02-19,13,Thursday,United,@united UA1740. 4.5 hr mechanical delay all I get is $50 voucher? Will tweet when I book next trip not on UA.,USER NUMBER hr mechanical delay get NUMBER voucher tweet book next trip ua,0,Negative,-0.8297083326615393,0.8363701701164246,0.15696795284748077,0.006661837454885244
568400398748266496,2015-02-19 13:23:10+00:00,2015-02-19,13,Thursday,Delta,@JetBlue False - agent let us do an extra leg room upgrade for $ but not upgrade to mint. Poor business practices. #badcustomerservice,USER false agent let u extra leg room upgrade upgrade mint poor business practice badcustomerservice,0,Negative,-0.8821781445294619,0.8881481289863586,0.10588191449642181,0.005969984456896782
568408789512105985,2015-02-19 13:56:30+00:00,2015-02-19,13,Thursday,Southwest,@SouthwestAir I am now a rapids rewards member #lovetotravel #chaching,USER rapid reward member lovetotravel chaching,0,Positive,0.9133023007307202,0.002219738205894828,0.08225817233324051,0.915522038936615
568413365254488064,2015-02-19 14:14:41+00:00,2015-02-19,14,Thursday,Southwest,"@SouthwestAir schedule is open through the end of October, got Columbus day wknd in New England for ~50K points for 4! Check your calendar!",USER schedule open end october got columbus day wknd new england point NUMBER check calendar,0,Neutral,0.33674506191164255,0.003299764357507229,0.6566553711891174,0.3400448262691498
568413673330331648,2015-02-19 14:15:54+00:00,2015-02-19,14,Thursday,Southwest,@SouthwestAir we're here at MCO. Thanks.,USER mco thanks,0,Positive,0.6826516680885106,0.0036554045509546995,0.3100375533103943,0.6863070726394653
568416873211015168,2015-02-19 14:28:37+00:00,2015-02-19,14,Thursday,Delta,@JetBlue Brazil to volunteer teaching english &amp; spanish to Poor children so they have a skills to improve their chances of a better life.,USER brazil volunteer teaching english amp spanish poor child skill improve chance better life,0,Positive,0.5624862164258957,0.014728918671607971,0.4080559313297272,0.5772151350975037
568420497563598848,2015-02-19 14:43:02+00:00,2015-02-19,14,Thursday,Delta,@JetBlue I have been on phone with rep for over 30 min and was transferred after asking not to be. She was the worse rep I ever had,USER phone rep NUMBER min transferred asking worse rep ever,0,Negative,-0.9445348605513573,0.9496707320213318,0.04519343003630638,0.005135871469974518
568424596657078272,2015-02-19 14:59:19+00:00,2015-02-19,14,Thursday,United,@united I’ve filled out the form twice. No email. I have a lost item code. Can you verify it was received?,USER filled form twice email lost item code verify received,0,Negative,-0.566122836433351,0.5780233144760132,0.41007620096206665,0.011900478042662144
568425693828132864,2015-02-19 15:03:40+00:00,2015-02-19,15,Thursday,Delta,@JetBlue okay awesome! Thank you!,USER okay awesome thank,0,Positive,0.9755612388253212,0.00532754510641098,0.013783669099211693,0.9808887839317322
568433493987844096,2015-02-19 15:34:40+00:00,2015-02-19,15,Thursday,United,"@united I did, and as I thought, nothing happened",USER thought nothing happened,0,Neutral,-0.043364159762859344,0.1095358207821846,0.8242924809455872,0.06617166101932526
568434509017960449,2015-02-19 15:38:42+00:00,2015-02-19,15,Thursday,US Airways,i wish i was flying @USAirways ... @JetBlue Cancelled Flightled our flights tomorrow and never notified us #FlyUS #Ripoff,wish flying USER USER cancelled flightled flight tomorrow never notified u flyus ripoff,0,Negative,-0.9284756793640554,0.9341859817504883,0.06010376662015915,0.005710302386432886
568437324587012096,2015-02-19 15:49:53+00:00,2015-02-19,15,Thursday,United,@united can you help from there? UA4935 can't take off without missing galley cart that no one can find. Pax all seated for last hour.,USER help ca take without missing galley cart one find pax seated last hour,0,Negative,-0.7789381388574839,0.7881508469581604,0.20263642072677612,0.009212708100676537
568437634835595264,2015-02-19 15:51:07+00:00,2015-02-19,15,Thursday,Southwest,"@SouthwestAir For my Grandma Ella's 80th, she would love a bday greeting from your flight crew! She was a stewardess for Eastern Airlines.",USER grandma ella would love bday greeting flight crew stewardess eastern airline,0,Positive,0.9519395953975618,0.002091693226248026,0.04387706518173218,0.9540312886238098
568438162369822720,2015-02-19 15:53:13+00:00,2015-02-19,15,Thursday,Delta,.@JetBlue @ZKatcher 😂😂😂😂😂OMG. Bored &amp; read through this convo.. Seems like JetBlue is on point.,USER USER bored amp read convo seems like jetblue point,0,Positive,0.7875256538391113,0.03510761260986328,0.14225907623767853,0.8226332664489746
568438257454682112,2015-02-19 15:53:36+00:00,2015-02-19,15,Thursday,Southwest,@SouthwestAir I wish I would've known so I could've slept 2 hours more and let my friend know not to wait for me after she lands...,USER wish would known could slept NUMBER hour let friend know wait land,0,Neutral,-0.32453880459070206,0.40054067969322205,0.5234574675559998,0.07600187510251999
568438759466934272,2015-02-19 15:55:35+00:00,2015-02-19,15,Thursday,Southwest,@SouthwestAir sure can! Just a second.,USER sure second,0,Positive,0.6908290106803179,0.005260614678263664,0.29864972829818726,0.6960896253585815
568438982301917184,2015-02-19 15:56:29+00:00,2015-02-19,15,Thursday,United,"@united really hoping to get some help here. On my 5th attempt to get a resolution, and lost count of transfers. help please! #mileageplus",USER really hoping get help attempt get resolution lost count transfer help please mileageplus,0,Negative,-0.3674408197402954,0.5144657492637634,0.33850935101509094,0.14702492952346802
568440681531875328,2015-02-19 16:03:14+00:00,2015-02-19,16,Thursday,Delta,@JetBlue Hey guys! Your Flight Booking Problems system ran my first and middle names together at time of Flight Booking Problems. Is that going to be a #TSAnightmare ?,USER hey guy flight booking problem system ran first middle name together time flight booking problem going tsanightmare,0,Neutral,-0.17155490070581436,0.2277263104915619,0.7161023020744324,0.05617140978574753
568444029257584640,2015-02-19 16:16:32+00:00,2015-02-19,16,Thursday,US Airways,@USAirways 😂. Passed frustrated 4 hours ago after being asked to get off the first plane I sat on for an hour.,USER passed frustrated NUMBER hour ago asked get first plane sat hour,0,Negative,-0.8105394560843706,0.8243545293807983,0.16183032095432281,0.013815073296427727
568444328873467905,2015-02-19 16:17:43+00:00,2015-02-19,16,Thursday,United,@united what a joke. Hang up on customers!!,USER joke hang customer,0,Negative,-0.9445166154764593,0.9500128626823425,0.044490814208984375,0.0054962472058832645
568444650903748609,2015-02-19 16:19:00+00:00,2015-02-19,16,Thursday,Delta,"@JetBlue, never been delayed before; 533 to TPA out of BDL. Better safe than sorry. 💙 #lovejetblue #onlyblue #jetblueforever",USER never delayed NUMBER tpa bdl better safe sorry lovejetblue onlyblue jetblueforever,0,Positive,0.9258346632122993,0.008260302245616913,0.057644713670015335,0.9340949654579163
568447513759522816,2015-02-19 16:30:23+00:00,2015-02-19,16,Thursday,US Airways,@USAirways thank you for refunding my bag fee. I look forward to its return today I hope.,USER thank refunding bag fee look forward return today hope,0,Positive,0.9482823475264013,0.0031206742860376835,0.04547630995512009,0.951403021812439
568448265441554432,2015-02-19 16:33:22+00:00,2015-02-19,16,Thursday,Southwest,@SouthwestAir RUDE gate agent. Wholly unacceptable to us &amp; other passengers. Think this will be our last time on sw.,USER rude gate agent wholly unacceptable u amp passenger think last time sw,0,Negative,-0.9367051357403398,0.9424198269844055,0.05186555162072182,0.0057146912440657616
568450413365571584,2015-02-19 16:41:54+00:00,2015-02-19,16,Thursday,United,@united I have already emailed but I didn't know if it was more expedient to contact you here. Please advise. Thanks.,USER already emailed know expedient contact please advise thanks,0,Neutral,0.006039544939994812,0.10935083776712418,0.7752587199211121,0.11539038270711899
568450710553174016,2015-02-19 16:43:05+00:00,2015-02-19,16,Thursday,United,"@united Need to change flight from this Tuesday to sooner to attend to ailing parent in FL, Need help!! #custserv",USER need change flight tuesday sooner attend ailing parent fl need help custserv,0,Negative,-0.5208906754851341,0.5715301632881165,0.37783029675483704,0.05063948780298233
568451138221166592,2015-02-19 16:44:47+00:00,2015-02-19,16,Thursday,US Airways,@USAirways got rebooked. Sent to A9. Wrong gate! Traveled back to B13 for correct flight. #tired&amp;frustrated,USER got rebooked sent wrong gate traveled back correct flight tired amp frustrated,0,Negative,-0.8605076428502798,0.870380699634552,0.11974631994962692,0.009873056784272194
568453042816868352,2015-02-19 16:52:21+00:00,2015-02-19,16,Thursday,Southwest,"@SouthwestAir adding direct flights from #Columbus to #Oakland, @BostonLogan http://t.co/p8Vcz4XTHM via @DispatchAlerts",USER adding direct flight columbus oakland USER URL via USER,0,Neutral,0.04474951629526913,0.003703594906255603,0.9478432536125183,0.048453111201524734
568453351479721986,2015-02-19 16:53:35+00:00,2015-02-19,16,Thursday,Southwest,"@SouthwestAir, got ""duped"" w/ a connection on 1st flight (sneaky), now u won't give me a seat on an earlier flight w/ availability. Shameful",USER got duped connection flight sneaky u wo give seat earlier flight availability shameful,0,Negative,-0.9059483697637916,0.9107176065444946,0.08451318740844727,0.004769236780703068
568454157478326272,2015-02-19 16:56:47+00:00,2015-02-19,16,Thursday,US Airways,@USAirways How about moving my seats to where I bought them 4 months ago? This happens far too often...,USER moving seat bought NUMBER month ago happens far often,0,Negative,-0.7571714483201504,0.7686498165130615,0.2198718786239624,0.011478368192911148
568456844429160448,2015-02-19 17:07:27+00:00,2015-02-19,17,Thursday,United,@united There is only one club at LAX - in terminal 7 across from gate 71,USER one club lax terminal NUMBER across gate NUMBER,0,Neutral,-0.0009359158575534821,0.04475982114672661,0.9114162921905518,0.043823905289173126
568462402875863041,2015-02-19 17:29:33+00:00,2015-02-19,17,Thursday,United,@united flt 1583 EWR to SFO excellent service. Friendly flight attendants. made the 6AM flight a very good start to the day.,USER flt NUMBER ewr sfo excellent service friendly flight attendant made flight good start day,0,Positive,0.9795678600203246,0.0032624260056763887,0.013907217420637608,0.982830286026001
568464487931613185,2015-02-19 17:37:50+00:00,2015-02-19,17,Thursday,Delta,"@JetBlue be flying soon to NYC on your airline, of all airlines I've flown you're still #1 to me 😊😊😊✈️✈️✈️",USER flying soon nyc airline airline flown still NUMBER,0,Positive,0.9821035743225366,0.002414536429569125,0.013067352585494518,0.9845181107521057
568466673990307840,2015-02-19 17:46:31+00:00,2015-02-19,17,Thursday,United,"@united of the airplane otherwise they would call the Police, because the flight had to take off before 12h30am",USER airplane otherwise would call police flight take,0,Neutral,-0.18533058278262615,0.21115362644195557,0.763023316860199,0.025823043659329414
568473401544859648,2015-02-19 18:13:15+00:00,2015-02-19,18,Thursday,US Airways,@USAirways thanks,USER thanks,0,Positive,0.6279605440795422,0.015299279242753983,0.341440886259079,0.6432598233222961
568478536715120640,2015-02-19 18:33:39+00:00,2015-02-19,18,Thursday,Southwest,@SouthwestAir following!! My bad.,USER following bad,0,Negative,-0.5953833386301994,0.6273598670959473,0.3406636416912079,0.03197652846574783
568481515899908096,2015-02-19 18:45:29+00:00,2015-02-19,18,Thursday,US Airways,@USAirways can you DM me &amp; add me to the upgrade list for a flt tonight?,USER dm amp add upgrade list flt tonight,0,Neutral,0.06291544530540705,0.006313375197350979,0.924457848072052,0.06922882050275803
568481836290220033,2015-02-19 18:46:46+00:00,2015-02-19,18,Thursday,US Airways,@USAirways over an hour now and still no one at the Yuma counter,USER hour still one yuma counter,0,Negative,-0.6750263310968876,0.6870772838592529,0.30087175965309143,0.012050952762365341
568482252168019968,2015-02-19 18:48:25+00:00,2015-02-19,18,Thursday,Southwest,@SouthwestAir Do you perhaps have a pair to the Atlanta show? #prettyplease,USER perhaps pair atlanta show prettyplease,0,Neutral,0.31418138556182384,0.006513388827443123,0.6727918386459351,0.32069477438926697
568482472880697345,2015-02-19 18:49:18+00:00,2015-02-19,18,Thursday,US Airways,"@USAirways was switched to an American Airlines flight, not by choice, and now I am charged $50 for bags? Thought y'all merged?",USER switched american airline flight choice charged NUMBER bag thought merged,0,Negative,-0.8094740863889456,0.8173564076423645,0.1747613102197647,0.007882321253418922
568482840750530560,2015-02-19 18:50:45+00:00,2015-02-19,18,Thursday,Southwest,@SouthwestAir suggestion- shades on the windows @KCIAirport so travelers won't have to watch ur luggage handlers throwing their bags around,USER shade window USER traveler wo watch ur luggage handler throwing bag around,0,Neutral,-0.13771715387701988,0.19264563918113708,0.7524258494377136,0.0549284853041172
568486399663575040,2015-02-19 19:04:54+00:00,2015-02-19,19,Thursday,Southwest,@SouthwestAir for my travel I see bz class and get away are sld out. Anytime is available . How do I know how many anytime are available?,USER travel see bz class get away sld anytime available know many anytime available,0,Neutral,0.01638844609260559,0.048028409481048584,0.8875547051429749,0.06441685557365417
568487439062441984,2015-02-19 19:09:02+00:00,2015-02-19,19,Thursday,Delta,"@JetBlue When I arrived at the airport, I was told my ticket had been refunded because my name had a fraud alert.",USER arrived airport told ticket refunded name fraud alert,0,Neutral,-0.46335022896528244,0.4842761158943176,0.4947979152202606,0.020925886929035187
568487677114363904,2015-02-19 19:09:58+00:00,2015-02-19,19,Thursday,Delta,@JetBlue we made it safe and sound. Thank you for the safe travels.,USER made safe sound thank safe travel,0,Positive,0.9298023320734501,0.006559994071722031,0.05707768350839615,0.9363623261451721
568489124098924546,2015-02-19 19:15:43+00:00,2015-02-19,19,Thursday,Delta,"@JetBlue No, it didn't all work out. I called Jet Blue from Mexico to address the fraud alert with Capital One on the line. Rebooked.",USER work called jet blue mexico address fraud alert capital one line rebooked,0,Negative,-0.7908063065260649,0.7997761368751526,0.19125397503376007,0.008969830349087715
568489782298476544,2015-02-19 19:18:20+00:00,2015-02-19,19,Thursday,Delta,@JetBlue Then en route to the airport the rebooked ticket was refunded.,USER en route airport rebooked ticket refunded,0,Neutral,0.16322804056107998,0.008271733298897743,0.8202285170555115,0.17149977385997772
568490190194515970,2015-02-19 19:19:58+00:00,2015-02-19,19,Thursday,Delta,@JetBlue thanks,USER thanks,0,Positive,0.6279605440795422,0.015299279242753983,0.341440886259079,0.6432598233222961
568490899396829186,2015-02-19 19:22:47+00:00,2015-02-19,19,Thursday,US Airways,@USAirways has the most ass backwards process for using credits on flights. even trying to get a hold of customer relations is impossible,USER as backwards process using credit flight even trying get hold customer relation impossible,0,Negative,-0.936947129201144,0.94225013256073,0.052446890622377396,0.0053030033595860004
568491035564879872,2015-02-19 19:23:19+00:00,2015-02-19,19,Thursday,US Airways,"@USAirways yes thanks I have never seen anything like this and I come to Yuma all the time, big disappointment. There are 40+ still waiting",USER yes thanks never seen anything like come yuma time big disappointment NUMBER still waiting,0,Negative,-0.8683886295184493,0.883993923664093,0.10040076076984406,0.015605294145643711
568491256508231680,2015-02-19 19:24:12+00:00,2015-02-19,19,Thursday,Virgin America,"@VirginAmerica just promoting the product is all, had a problem with southwest and recommend noneother than the best! http://t.co/tFaNXBh1Cf",USER promoting product problem southwest recommend noneother best URL,0,Positive,0.880472095683217,0.018694071099162102,0.0821397602558136,0.8991661667823792
568491668858662914,2015-02-19 19:25:50+00:00,2015-02-19,19,Thursday,Delta,"@JetBlue I want to add, my flight to Mexico was on Air Canada. Same exact situation, but with none of the problems I've had with Jet Blue.",USER want add flight mexico air canada exact situation none problem jet blue,0,Neutral,0.1489538922905922,0.1125776395201683,0.6258907914161682,0.2615315318107605
568492240273874944,2015-02-19 19:28:06+00:00,2015-02-19,19,Thursday,US Airways,"@USAirways worst airline ever....left without luggage for 7 days, submit $700 expenses and they offer a refund of $297? #badservice",USER worst airline ever left without luggage NUMBER day submit NUMBER expense offer refund NUMBER badservice,0,Negative,-0.9384239264763892,0.9431846737861633,0.05205460637807846,0.00476074730977416
568493336698490880,2015-02-19 19:32:28+00:00,2015-02-19,19,Thursday,United,@united ANOTHER F*CKING DELAY IN THE PAST 32 HOURS!?,USER another f cking delay past NUMBER hour,1,Negative,-0.9416705337353051,0.9469811320304871,0.04770825803279877,0.00531059829518199
568494397144358914,2015-02-19 19:36:41+00:00,2015-02-19,19,Thursday,Southwest,@SouthwestAir you should know the crew today on flight #1071 AUS to PDX was awesome! #SWA,USER know crew today flight NUMBER au pdx awesome swa,0,Positive,0.9824394553434104,0.0024699002970010042,0.012620721012353897,0.9849093556404114
568495924135235585,2015-02-19 19:42:45+00:00,2015-02-19,19,Thursday,Southwest,"“@SouthwestAir: #IfThe80sNeverStopped, we'd still be rocking out to this chart-topping hit"". What? The 80's are over?",USER still rocking hit NUMBER,0,Neutral,0.2681316062808037,0.12410245090723038,0.4836634695529938,0.39223405718803406
568496575716175872,2015-02-19 19:45:20+00:00,2015-02-19,19,Thursday,United,@united has it been 4-6hrs yet?,USER NUMBER yet,0,Neutral,0.010229075327515602,0.0172241423279047,0.9553226828575134,0.027453217655420303
568496861797076992,2015-02-19 19:46:28+00:00,2015-02-19,19,Thursday,US Airways,@USAirways so basically I am stuck paying for hidden fees and being bumped to an inferior flight. JetBlue here I come. #usairways #mergers,USER basically stuck paying hidden fee bumped inferior flight jetblue come usairways merger,1,Negative,-0.8408537004143,0.8523145914077759,0.13622450828552246,0.011460890993475914
568499953041080321,2015-02-19 19:58:45+00:00,2015-02-19,19,Thursday,US Airways,"“@USAirways: @alan_bledsoe Thanks for your feedback, Alan.” Thx, but no help as I watch a flt Lve w/open seats and I wait 3hrs for nxt flt",USER USER thanks feedback thx help watch flt lve seat wait nxt flt,0,Negative,-0.7395128104835749,0.7608663439750671,0.21778014302253723,0.02135353349149227
568502194854612992,2015-02-19 20:07:40+00:00,2015-02-19,20,Thursday,United,@united tried that already &amp; tried forgetting the wifi network connection. Still forces log in with incorrect email. Other suggestions?,USER tried already amp tried forgetting wifi network connection still force log incorrect email suggestion,0,Negative,-0.7627374432049692,0.7704746723175049,0.22178806364536285,0.007737229112535715
568506885130682369,2015-02-19 20:26:18+00:00,2015-02-19,20,Thursday,United,@united how does that help me with my customers that I couldn't meet with (and subsequently lost)?,USER help customer could meet subsequently lost,0,Negative,-0.7167112911120057,0.7269830107688904,0.2627452611923218,0.01027171965688467
568509343047352322,2015-02-19 20:36:04+00:00,2015-02-19,20,Thursday,Delta,@JetBlue Airways Receives New Coverage from Analysts at Bank of America (JBLU) - The Legacy http://t.co/dORuxBqla1,USER airway receives new coverage analyst bank america jblu legacy URL,0,Neutral,0.4135960803832859,0.003131045261397958,0.5801417827606201,0.41672712564468384
568515553666539520,2015-02-19 21:00:45+00:00,2015-02-19,21,Thursday,United,@united kind of cool to run into your boss man at SFO. http://t.co/bm9O2K5X5J,USER kind cool run bos man sfo URL,1,Positive,0.972459860611707,0.0019579450599849224,0.023624258115887642,0.9744178056716919
568517565548339200,2015-02-19 21:08:44+00:00,2015-02-19,21,Thursday,Virgin America,@VirginAmerica wjere is our luggage #so slow at lax,USER wjere luggage slow lax,0,Negative,-0.8305939184501767,0.8409244418144226,0.14874504506587982,0.010330523364245892
568519880711872512,2015-02-19 21:17:56+00:00,2015-02-19,21,Thursday,United,@united Thank you.,USER thank,0,Positive,0.8568766415119171,0.012132078409194946,0.1188591867685318,0.8690087199211121
568522203198697474,2015-02-19 21:27:10+00:00,2015-02-19,21,Thursday,Virgin America,"@VirginAmerica seriously, though. will there not be direct flights from SFO-FLL in may???",USER seriously though direct flight may,0,Neutral,-0.10885490756481886,0.12370526045560837,0.8614444136619568,0.014850352890789509
568522747501895680,2015-02-19 21:29:20+00:00,2015-02-19,21,Thursday,United,@united What delivery service do you use? I'd like to call them myself.,USER delivery service use like call,0,Neutral,0.018838297575712204,0.0302901454269886,0.9205813407897949,0.049128443002700806
568523051853197312,2015-02-19 21:30:32+00:00,2015-02-19,21,Thursday,Southwest,@SouthwestAir @DreSparkles Thank you! I finally made it to my destination,USER USER thank finally made destination,0,Positive,0.9396035308018327,0.0036083823069930077,0.05317972972989082,0.9432119131088257
568526847320784896,2015-02-19 21:45:37+00:00,2015-02-19,21,Thursday,Virgin America,@VirginAmerica Sent a couple messages to the email you provided but to no avail. Will try again next year. Cheers.,USER sent couple message email provided avail try next year cheer,0,Neutral,-0.04414403438568115,0.20245039463043213,0.6392431855201721,0.15830636024475098
568533394402861056,2015-02-19 22:11:38+00:00,2015-02-19,22,Thursday,US Airways,@USAirways can I bring a copy or photo of my baby's birth certificate for the flight? I feel uncomfortable traveling with the real thing.,USER bring copy photo baby birth certificate flight feel uncomfortable traveling real thing,0,Negative,-0.7470046570524573,0.7557714581489563,0.23546172678470612,0.008766801096498966
568534114527113216,2015-02-19 22:14:30+00:00,2015-02-19,22,Thursday,US Airways,"@USAirways yes, it's a domestic flight. Thank you!",USER yes domestic flight thank,0,Positive,0.8164990176446736,0.0047612558118999004,0.17397847771644592,0.8212602734565735
568536883199746048,2015-02-19 22:25:30+00:00,2015-02-19,22,Thursday,Southwest,@SouthwestAir yes please,USER yes please,0,Positive,0.5890376381576061,0.024951953440904617,0.36105844378471375,0.6139895915985107
568537606503280640,2015-02-19 22:28:22+00:00,2015-02-19,22,Thursday,Delta,"@JetBlue quick question, to pay for a second bag, do I have to do it online or can I do it at the airport?",USER quick question pay second bag online airport,0,Neutral,0.00857187807559967,0.031971413642168045,0.9274853467941284,0.040543291717767715
568542661684015105,2015-02-19 22:48:28+00:00,2015-02-19,22,Thursday,United,@united So excited I was put on an earlier flight to get home! Woo Hoo! #travel 🎉🎉🎉,USER excited put earlier flight get home woo hoo travel,0,Positive,0.9902229050640017,0.0018708368297666311,0.006035369820892811,0.9920937418937683
568545857332588544,2015-02-19 23:01:10+00:00,2015-02-19,23,Thursday,Southwest,@SouthwestAir flight # 317,USER flight NUMBER,0,Neutral,0.055935999378561974,0.02531507797539234,0.8934338092803955,0.08125107735395432
568547007003955200,2015-02-19 23:05:44+00:00,2015-02-19,23,Thursday,United,@united DM sent. Thanks so much for the strong customer service!!,USER dm sent thanks much strong customer service,0,Positive,0.9807594565209001,0.0033077450934797525,0.01262503582984209,0.9840672016143799
568549060103135232,2015-02-19 23:13:53+00:00,2015-02-19,23,Thursday,United,@united @annricord Great! Appreciate it😊,USER USER great appreciate,0,Positive,0.9804200367070735,0.004519836511462927,0.010540300980210304,0.9849398732185364
568552347812524032,2015-02-19 23:26:57+00:00,2015-02-19,23,Thursday,United,@united you had us REBOARD without the captain. So now we'll be sitting in here for another 20+ min? http://t.co/EEReKDf9Fq,USER u reboard without captain sitting another NUMBER min URL,0,Negative,-0.7782335160300136,0.7872335314750671,0.20376645028591156,0.009000015445053577
568562804837490688,2015-02-20 00:08:30+00:00,2015-02-20,0,Friday,United,@united wasting time at baggage claim thanks to your dfw ground crew who checked my bag in without actually checking for space #frustrated,USER wasting time baggage claim thanks dfw ground crew checked bag without actually checking space frustrated,0,Negative,-0.9146926496177912,0.9205486178398132,0.07359544187784195,0.005855968222022057
568562849447948288,2015-02-20 00:08:41+00:00,2015-02-20,0,Friday,Southwest,"@SouthwestAir, remember me? Wouldn't let me on 3:05pm flight (seats available). Now my 7:40 flight is delayed. Worst airline. #badservice",USER remember would let NUMBER flight seat available NUMBER NUMBER flight delayed worst airline badservice,0,Negative,-0.9424947039224207,0.9467537999153137,0.04898710548877716,0.004259095992892981
568566331169247232,2015-02-20 00:22:31+00:00,2015-02-20,0,Friday,Southwest,@SouthwestAir DM Sent.,USER dm sent,0,Neutral,0.12080816365778446,0.02802599035203457,0.8231399059295654,0.14883415400981903
568583360811016192,2015-02-20 01:30:11+00:00,2015-02-20,1,Friday,United,@united sent DM's,USER sent dm,0,Neutral,0.1124761775135994,0.02615056186914444,0.8352226614952087,0.13862673938274384
568584434376577024,2015-02-20 01:34:27+00:00,2015-02-20,1,Friday,United,"@united Doumented via link. However, now that it has been over four months with no response, what do you suggest? Or shall I not expect one?",USER doumented via link however four month response suggest shall expect one,1,Negative,-0.6363789895549417,0.6496277451515198,0.33712348341941833,0.013248755596578121
568586882600161280,2015-02-20 01:44:11+00:00,2015-02-20,1,Friday,Southwest,"@SouthwestAir, what do you know? Finally lined up like cattle to board my SW flight (after original departure time) #badcustomerservice",USER know finally lined like cattle board sw flight original departure time badcustomerservice,0,Negative,-0.9188248636201024,0.9243202209472656,0.07018444687128067,0.0054953573271632195
568587490971533312,2015-02-20 01:46:36+00:00,2015-02-20,1,Friday,Southwest,@SouthwestAir because your gate attendant let someone board whose boarding pass kept reading invalid. This messed up the passenger log.,USER gate attendant let someone board whose boarding pas kept reading invalid messed passenger log,0,Negative,-0.8837599945254624,0.8881947994232178,0.10737036168575287,0.0044348048977553844
568588791830736896,2015-02-20 01:51:46+00:00,2015-02-20,1,Friday,United,@united Cancelled Flighted my mileage plus award reservation G6455C same day. Have yet to see my miles back despite agent confirmation.,USER cancelled flighted mileage plus award reservation day yet see mile back despite agent confirmation,0,Negative,-0.8195049078203738,0.826151967048645,0.16720102727413177,0.006647059228271246
568589359034859520,2015-02-20 01:54:01+00:00,2015-02-20,1,Friday,United,@united Leaving soon. Thanks!,USER leaving soon thanks,0,Positive,0.8380044223740697,0.004381823353469372,0.15323187410831451,0.8423862457275391
568593365601820672,2015-02-20 02:09:56+00:00,2015-02-20,2,Friday,United,@united your flights are really cheap what's the catch,USER flight really cheap catch,0,Neutral,-0.020623505115509033,0.1706082671880722,0.679407000541687,0.14998476207256317
568598334643916800,2015-02-20 02:29:41+00:00,2015-02-20,2,Friday,US Airways,"@USAirways Seriously??? I have shared my concerns four times already, to NO avail! Geeeeezzzzz! #frustrated flyer",USER seriously shared concern four time already avail geeeeezzzzz frustrated flyer,0,Negative,-0.9028538288548589,0.9132755994796753,0.07630263268947601,0.010421770624816418
568600144406568962,2015-02-20 02:36:53+00:00,2015-02-20,2,Friday,United,@united 4840 You knew this flight was delayed! MHT to ALB to EWR to get crew. Your arrival is Late Flightr than the departure! Update your site!,USER NUMBER knew flight delayed mht alb ewr get crew arrival late flightr departure update site,0,Negative,-0.8520663348026574,0.8588534593582153,0.1343594491481781,0.006787124555557966
568604830291222530,2015-02-20 02:55:30+00:00,2015-02-20,2,Friday,Southwest,@SouthwestAir offering us absolutely nothing for our troubles either. Blames the @TSA,USER offering u absolutely nothing trouble either blame USER,0,Negative,-0.9353397833183408,0.9401007294654846,0.05513841286301613,0.004760946147143841
568605358534447104,2015-02-20 02:57:36+00:00,2015-02-20,2,Friday,Southwest,"@SouthwestAir I notice that there are separate buttons for ""guitar"" and actual ""music"" in this pic. Some bands should take note of this.",USER notice separate button guitar actual music pic band take note,0,Neutral,0.05930767580866814,0.04254017397761345,0.8556119799613953,0.10184784978628159
568605539866976256,2015-02-20 02:58:19+00:00,2015-02-20,2,Friday,US Airways,@USAirways We're having 2 grandbabies in 2 weeks -- will travel to DC for the births. Thank you for the reasonable fares! See you Saturday!,USER NUMBER grandbabies NUMBER week travel dc birth thank reasonable fare see saturday,0,Positive,0.9357578423805535,0.0019479128532111645,0.06034627929329872,0.9377057552337646
568605600273141760,2015-02-20 02:58:33+00:00,2015-02-20,2,Friday,Southwest,@SouthwestAir Can you help me out with tickets to the Vegas event? I would be so stoked!,USER help ticket vega event would stoked,0,Positive,0.9796049753203988,0.002236231230199337,0.01592252217233181,0.9818412065505981
568607013212590080,2015-02-20 03:04:10+00:00,2015-02-20,3,Friday,United,"@united I was rebooked, however it would have been nice not to have to wait an extra 90 min at the airport. How will you make this right?",USER rebooked however would nice wait extra NUMBER min airport make right,0,Negative,-0.5454030707478523,0.5970550179481506,0.3512929677963257,0.05165194720029831
568607454893727744,2015-02-20 03:05:56+00:00,2015-02-20,3,Friday,Southwest,@SouthwestAir would be cool if the best airlines company hooked me up with @Imaginedragons tickets for Vegas ;),USER would cool best airline company hooked USER ticket vega,0,Positive,0.9541340614669025,0.0021444414742290974,0.041577067226171494,0.9562785029411316
568608982321012736,2015-02-20 03:12:00+00:00,2015-02-20,3,Friday,United,@united stuck on Tarmac for the last hour. Can I have a beer?,USER stuck tarmac last hour beer,0,Negative,-0.5448519550263882,0.5616289377212524,0.42159411311149597,0.016776982694864273
568609430754865152,2015-02-20 03:13:47+00:00,2015-02-20,3,Friday,US Airways,@USAirways sitting on the Tarmac waiting to deplane 40+ minutes. The level of service I've come to expect.,USER sitting tarmac waiting deplane NUMBER minute level service come expect,0,Negative,-0.8549022199586034,0.8647350668907166,0.12543214857578278,0.00983284693211317
568611482780508161,2015-02-20 03:21:56+00:00,2015-02-20,3,Friday,Southwest,@SouthwestAir I love ya but your bringin me down. An hour Late Flight leaving and now we've been sitting in the runway for 20 min 😥 #fail,USER love ya bringin hour late flight leaving sitting runway NUMBER min fail,0,Negative,-0.8298186585307121,0.859459638595581,0.11089932173490524,0.029640980064868927
568611819864117248,2015-02-20 03:23:16+00:00,2015-02-20,3,Friday,Delta,@JetBlue Awww thank you B6! Glad to hear it! Made my day! &amp; one last question do you have any idea what tail is operating flt 606 2maro? :),USER awww thank glad hear made day amp one last question idea tail operating flt NUMBER,0,Positive,0.977179239038378,0.0020297071896493435,0.018761351704597473,0.9792089462280273
568614009584291840,2015-02-20 03:31:58+00:00,2015-02-20,3,Friday,Delta,@JetBlue flight 2302 from JFK to BUF.,USER flight NUMBER jfk buf,0,Neutral,0.03840812761336565,0.012878811918199062,0.9358341693878174,0.05128693953156471
568616603568492544,2015-02-20 03:42:17+00:00,2015-02-20,3,Friday,United,@united I did they did not. I did submit a complaint on line and never heard back from that - I don't have that ID- you should find it,USER submit complaint line never heard back find,0,Negative,-0.785065040923655,0.7942836284637451,0.19649776816368103,0.009218587540090084
568622478081306624,2015-02-20 04:05:37+00:00,2015-02-20,4,Friday,US Airways,"@USAirways DCA-&gt;HPN, u r prof hostage takers.We stood on bus 2 plane for 25 min,now sitting on plane with no mvmt &amp; 1 announcement 4 &gt; hour!",USER gt hpn u r prof hostage stood bus NUMBER plane NUMBER min sitting plane mvmt amp NUMBER announcement NUMBER gt hour,0,Negative,-0.8711164202541113,0.8780146241188049,0.11508720368146896,0.006898203864693642
568623603496792064,2015-02-20 04:10:06+00:00,2015-02-20,4,Friday,United,@united the only difference being you are both responsible and in a position to do something about them. Learn from @Delta,USER difference responsible position something learn USER,0,Neutral,0.0792047455906868,0.08330429345369339,0.7541866898536682,0.1625090390443802
568625014037045248,2015-02-20 04:15:42+00:00,2015-02-20,4,Friday,United,@united it wasn't a delay so much as a straight Cancelled Flightlation. Weather wasn't an issue either.,USER delay much straight cancelled flightlation weather issue either,0,Neutral,-0.3503395579755306,0.3925212323665619,0.5652970671653748,0.042181674391031265
568626423273017344,2015-02-20 04:21:18+00:00,2015-02-20,4,Friday,Delta,@JetBlue I left my apt 10hrs ago to go from Boston to SJC and I'm still NYC. Please bring back the nonstop flight. #jetblueBlues,USER left apt ago go boston sjc still nyc please bring back nonstop flight jetblueblues,0,Neutral,0.21130511164665222,0.1163237988948822,0.5560473203659058,0.3276289105415344
568626857576407041,2015-02-20 04:23:02+00:00,2015-02-20,4,Friday,US Airways,@USAirways 3935. Sitting on a freezing bus because nobody is in the plane. What is up?,USER NUMBER sitting freezing bus nobody plane,0,Negative,-0.8775924127548933,0.8856857419013977,0.10622100532054901,0.008093329146504402
568629385105793024,2015-02-20 04:33:04+00:00,2015-02-20,4,Friday,Virgin America,@VirginAmerica help. I was On Flight 27 from JKF tonight. seat 7C left portfolio. Need it back!!,USER help flight NUMBER jkf tonight seat left portfolio need back,0,Neutral,-0.22799577564001083,0.3442957401275635,0.5394043326377869,0.11629996448755264
568630308284850176,2015-02-20 04:36:44+00:00,2015-02-20,4,Friday,Delta,"@JetBlue #flyingitforward Pereira, Colombia to help the kids from Cartago streets and deliver a lot of clothes that I have picked to donate.",USER flyingitforward pereira colombia help kid cartago street deliver lot clothes picked donate,1,Positive,0.5418739849701524,0.00808990653604269,0.44194623827934265,0.5499638915061951
568639359127150592,2015-02-20 05:12:42+00:00,2015-02-20,5,Friday,United,"@united €202.88 is the difference between the booked flights, do you want screen shots?",USER NUMBER difference booked flight want screen shot,0,Neutral,-0.071424076333642,0.09270957857370377,0.8860049247741699,0.02128550224006176
568643040073506816,2015-02-20 05:27:20+00:00,2015-02-20,5,Friday,Virgin America,@VirginAmerica How about some free drinks on the flight back for the free promo?,USER free drink flight back free promo,0,Neutral,0.2594592897221446,0.013137665577232838,0.7142653465270996,0.27259695529937744
568645379031347200,2015-02-20 05:36:37+00:00,2015-02-20,5,Friday,Delta,@JetBlue yup! He said there would be flight change fee. But the plane should be here in 45 minutes apparently.,USER yup said would flight change fee plane NUMBER minute apparently,0,Neutral,0.16875801421701908,0.009108563885092735,0.8130248188972473,0.17786657810211182
568652138915766272,2015-02-20 06:03:29+00:00,2015-02-20,6,Friday,US Airways,"@USAirways it was 1838, almost 5 hours Late Flight due to mechanical.",USER NUMBER almost NUMBER hour late flight due mechanical,0,Neutral,-0.30297350138425827,0.33065369725227356,0.641666054725647,0.02768019586801529
568658885361438720,2015-02-20 06:30:18+00:00,2015-02-20,6,Friday,Southwest,@SouthwestAir would love to win tickets and take my son to Imagine Dragons in Provo Saturday night. Crossed fingers. #DestinationDragons,USER would love win ticket take son imagine dragon provo saturday night crossed finger destinationdragons,0,Positive,0.9746684677666053,0.0016153209144249558,0.02210085093975067,0.9762837886810303
568659661861175297,2015-02-20 06:33:23+00:00,2015-02-20,6,Friday,United,"@united i got it at the gate, thanks for checking!",USER got gate thanks checking,0,Positive,0.6612085537053645,0.0060203238390386105,0.32675081491470337,0.6672288775444031
568662525530628096,2015-02-20 06:44:45+00:00,2015-02-20,6,Friday,United,"@united your staff at LaGuardia and Lagos, Nigeria were unprofessional, uncaring and not helpful. Ou",USER staff laguardia lagos nigeria unprofessional uncaring helpful ou,0,Negative,-0.929373630322516,0.9349058270454407,0.05956197530031204,0.005532196722924709
568670928407625729,2015-02-20 07:18:09+00:00,2015-02-20,7,Friday,United,we all watched as the crew was escorted from the back to 1st class. Prebooked? Really? @united: @JenniferWalshPR Your dissatisfaction is und,watched crew escorted back class prebooked really USER USER dissatisfaction und,0,Negative,-0.8121632682159543,0.8210626840591431,0.1700378954410553,0.008899415843188763
568675083314552832,2015-02-20 07:34:39+00:00,2015-02-20,7,Friday,United,@united alright thank you. Much appreciated.,USER alright thank much appreciated,0,Positive,0.947156261652708,0.0090668685734272,0.03471002355217934,0.9562231302261353
568706272788262912,2015-02-20 09:38:36+00:00,2015-02-20,9,Friday,Delta,"@JetBlue using A321 JFK-SEA for Summer 2015. It will be my first A321 flight ever! No Mint to Seattle, Core Config only.",USER using summer NUMBER first flight ever mint seattle core config,0,Positive,0.5244066100567579,0.004656555131077766,0.4662802815437317,0.5290631651878357
568725453831315456,2015-02-20 10:54:49+00:00,2015-02-20,10,Friday,United,@united what is going on with baggage claim in Newark!#tiredandwanttogohome,USER going baggage claim newark tiredandwanttogohome,0,Negative,-0.8649846203625202,0.8736013174057007,0.11778198927640915,0.008616697043180466
568727789311889409,2015-02-20 11:04:06+00:00,2015-02-20,11,Friday,Delta,"@JetBlue's CEO #pilots among ardent fans, Wall Street - Poughkeepsie Journal http://t.co/zSdGzyDNDe",USER ceo pilot among ardent fan wall street poughkeepsie journal URL,0,Positive,0.5030974561814219,0.0033605878707021475,0.4901813864707947,0.506458044052124
568745705864626176,2015-02-20 12:15:17+00:00,2015-02-20,12,Friday,Delta,"@JetBlue flight 99 to DCA 2 delays, I'm all for erring on the side of safety but it's an inconvenience to people with connecting flights!!",USER flight NUMBER dca NUMBER delay erring side safety inconvenience people connecting flight,0,Negative,-0.8599497368559241,0.8692893385887146,0.12137100845575333,0.00933960173279047
568749392083206144,2015-02-20 12:29:56+00:00,2015-02-20,12,Friday,Delta,@JetBlue Hey any chance you have an update on Flight 99 Hartford to D.C.?,USER hey chance update flight NUMBER hartford,0,Neutral,0.03225204534828663,0.020757539197802544,0.9262328147888184,0.05300958454608917
568750153315676160,2015-02-20 12:32:58+00:00,2015-02-20,12,Friday,US Airways,@USAirways on flight 1839 waiting for weight and balance info for the past 30 minutes!!!,USER flight NUMBER waiting weight balance info past NUMBER minute,1,Neutral,-0.16220016032457352,0.2389209121465683,0.6843583583831787,0.07672075182199478
568752951164063745,2015-02-20 12:44:05+00:00,2015-02-20,12,Friday,Delta,@JetBlue I hope so. Wanted an early flight to avoid the airport chaos but it's too Late Flight for that!,USER hope wanted early flight avoid airport chaos late flight,0,Negative,-0.31207403540611267,0.45975637435913086,0.3925613462924957,0.1476823389530182
568756110456270849,2015-02-20 12:56:38+00:00,2015-02-20,12,Friday,United,@united @FAANews unacceptable practice to leave Cancelled Flighted flight passengers to sleep on cement with no pillows #UA1724 http://t.co/nDTLJ15ZpU,USER USER unacceptable practice leave cancelled flighted flight passenger sleep cement pillow URL,0,Negative,-0.8763945461250842,0.8811051249504089,0.11418435722589493,0.004710578825324774
568758241745719297,2015-02-20 13:05:06+00:00,2015-02-20,13,Friday,Delta,@JetBlue Airways to continue 'various commercial relationships' with #Lufthansa ... - @CAPA_Aviation http://t.co/o5sifHp4RT,USER airway continue commercial relationship lufthansa USER URL,0,Neutral,0.14235792681574821,0.004331756383180618,0.848978579044342,0.14668968319892883
568774932844261376,2015-02-20 14:11:25+00:00,2015-02-20,14,Friday,US Airways,@USAirways of course weather was a joke 43 beats 5 degrees in PHL! ⛄️☀️,USER course weather joke NUMBER beat NUMBER degree phl,0,Positive,0.2893717288970947,0.1589013636112213,0.39282551407814026,0.44827309250831604
568775800599801856,2015-02-20 14:14:52+00:00,2015-02-20,14,Friday,US Airways,@USAirways I did not want to hang out on your plane all day when I am traveling to get work done and turn right back around. Unacceptable,USER want hang plane day traveling get work done turn right back around unacceptable,0,Negative,-0.88160040974617,0.8917638659477234,0.09807265549898148,0.010163456201553345
568778374451220480,2015-02-20 14:25:06+00:00,2015-02-20,14,Friday,Delta,@JetBlue CCNDJP/ I can send a screen shot of the systems error if an email address is provided,USER send screen shot system error email address provided,0,Neutral,-0.18095617555081844,0.20629601180553436,0.7683642506599426,0.02533983625471592
568778730186928128,2015-02-20 14:26:31+00:00,2015-02-20,14,Friday,Delta,@JetBlue This is the error message: Paper tickets cannot be serviced on-line. Please see a JetBlue Crewmember for assistance.,USER error message paper ticket serviced please see jetblue crewmember assistance,0,Negative,-0.8024533246643841,0.808720052242279,0.18501317501068115,0.006266727577894926
568779480019251201,2015-02-20 14:29:30+00:00,2015-02-20,14,Friday,Southwest,@SouthwestAir The in-browser hover over is intrusive and annoying. And the fact that the WiFi only works on one device is sort of sad.,USER hover intrusive annoying fact wifi work one device sort sad,0,Negative,-0.9189171129837632,0.924924373626709,0.0690683051943779,0.0060072606429457664
568781140217049088,2015-02-20 14:36:05+00:00,2015-02-20,14,Friday,Delta,@JetBlue's CEO battles to appease passengers and Wall Street - Waterbury Republican American http://t.co/Of7PFvQpOY,USER ceo battle appease passenger wall street waterbury republican american URL,0,Neutral,0.013098698109388351,0.051268015056848526,0.8843652606010437,0.06436671316623688
568781213651087361,2015-02-20 14:36:23+00:00,2015-02-20,14,Friday,United,@united education of that staff is needed - he also turned away other first class cabin passengers with mileage plus.,USER education staff needed also turned away first class cabin passenger mileage plus,0,Negative,-0.7410962879657745,0.7501586675643921,0.24077889323234558,0.009062379598617554
568786315820470272,2015-02-20 14:56:39+00:00,2015-02-20,14,Friday,US Airways,@USAirways thanks for helping with #reFlight Booking Problems #Cancelled Flightedflight Yvonne Anthony. You will help us get to Tel Aviv on time. #HappyFriday,USER thanks helping reflight booking problem cancelled flightedflight yvonne anthony help u get tel aviv time happyfriday,0,Positive,0.9152557882480323,0.00711303623393178,0.0705181434750557,0.9223688244819641
568787210188812289,2015-02-20 15:00:13+00:00,2015-02-20,15,Friday,US Airways,@USAirways I'm logged into a Flight Booking Problems. I need to add API before travelling to the states but I cannot see where to do it,USER logged flight booking problem need add api travelling state see,0,Negative,-0.6869595032185316,0.6982256770133972,0.2905081510543823,0.011266173794865608
568790282839433216,2015-02-20 15:12:25+00:00,2015-02-20,15,Friday,US Airways,@USAirways made it.. Never ran so fast in my life,USER made never ran fast life,0,Positive,0.6682717688381672,0.03577608987689018,0.2601760923862457,0.7040478587150574
568790685723136001,2015-02-20 15:14:01+00:00,2015-02-20,15,Friday,US Airways,@USAirways Done,USER done,0,Neutral,0.3019547164440155,0.04715371131896973,0.6037378907203674,0.34910842776298523
568791745925918721,2015-02-20 15:18:14+00:00,2015-02-20,15,Friday,US Airways,@USAirways the flights weren't from this morning... It was 4 flights 2 on Thursday and 2 on Monday which turned into Tuesday,USER flight morning NUMBER flight NUMBER thursday NUMBER monday turned tuesday,0,Neutral,-0.04892727732658386,0.0709322914481163,0.9070626497268677,0.02200501412153244
568792664931508225,2015-02-20 15:21:53+00:00,2015-02-20,15,Friday,US Airways,@USAirways Thank you for valuing my feedback. What will you do with it?,USER thank valuing feedback,0,Positive,0.8941689948551357,0.004263140726834536,0.09730475395917892,0.8984321355819702
568793043664560128,2015-02-20 15:23:23+00:00,2015-02-20,15,Friday,United,@united 2nd time in a row I've been over charged by 100's of $$ on my plane ticket WHY? #united I shouldn't have to check my CC everytime,USER time row charged NUMBER plane ticket united check cc everytime,0,Negative,-0.9190517482347786,0.9251435995101929,0.0687645673751831,0.0060918512754142284
568793432900177920,2015-02-20 15:24:56+00:00,2015-02-20,15,Friday,United,@united WTH be honest with your customers. This better be the last change or we are driving home. Has our plane left or not!,USER wth honest customer better last change driving home plane left,0,Negative,-0.743068739771843,0.760755181312561,0.2215583175420761,0.01768644154071808
568796449863028736,2015-02-20 15:36:56+00:00,2015-02-20,15,Friday,US Airways,"@USAirways now I am on flight to FLL, and told to take a train back to PBI to get my car. There are no trains to PBI!",USER flight fll told take train back pbi get car train pbi,0,Negative,-0.8173036351799965,0.8259838819503784,0.16533589363098145,0.008680246770381927
568797768162127872,2015-02-20 15:42:10+00:00,2015-02-20,15,Friday,Southwest,@SouthwestAir getting the run around today with customer service &amp; disconnected customer relations # given twice. Help!!!,USER getting run around today customer service amp disconnected customer relation given twice help,0,Negative,-0.885546731762588,0.895546019077301,0.09445466846227646,0.009999287314713001
568798426810355712,2015-02-20 15:44:47+00:00,2015-02-20,15,Friday,Southwest,@SouthwestAir what do I need to do when TSA pre doesn't show for a flight of mine?,USER need tsa pre show flight mine,0,Neutral,-0.36598712019622326,0.37796539068222046,0.6100563406944275,0.0119782704859972
568800165886210048,2015-02-20 15:51:42+00:00,2015-02-20,15,Friday,US Airways,@USAirways Still on hold. 1 hour and 45 minutes and counting. Platinum? Who cares? Problems checking in? Who cares?,USER still hold NUMBER hour NUMBER minute counting platinum care problem checking care,0,Negative,-0.8840730423107743,0.890946626663208,0.10217982530593872,0.0068735843524336815
568800998929661953,2015-02-20 15:55:00+00:00,2015-02-20,15,Friday,Southwest,@SouthwestAir Hi! Just wanted to see if you have any new routes planned this year for Newark. Love flying you guys and hope to do so more!,USER hi wanted see new route planned year newark love flying guy hope,0,Positive,0.9721825007582083,0.0016953464364632964,0.024426816031336784,0.9738778471946716
568801276416401408,2015-02-20 15:56:06+00:00,2015-02-20,15,Friday,United,@united gives Belfast a #Hug with the new unmissable #BusHug format #impact #busads #thinkbus @BelfastAirport http://t.co/AvbdstJUJS,USER give belfast hug new unmissable bushug format impact busads thinkbus USER URL,2,Positive,0.8539072906132787,0.0023655856493860483,0.1413615494966507,0.8562728762626648
568801442770743296,2015-02-20 15:56:46+00:00,2015-02-20,15,Friday,United,@united Thanks for the reply. The box is not mine and I'm not missing one. It was added to my bag ....,USER thanks reply box mine missing one added bag,0,Neutral,0.4370582774281502,0.04112672060728073,0.4806883633136749,0.4781849980354309
568802316893216769,2015-02-20 16:00:14+00:00,2015-02-20,16,Friday,Southwest,@SouthwestAir When is the last chance to win #DestinationDragon ???,USER last chance win destinationdragon,0,Neutral,0.10869493894279003,0.014695385470986366,0.861914336681366,0.1233903244137764
568804253151731712,2015-02-20 16:07:56+00:00,2015-02-20,16,Friday,United,@united new flight has me at the window. Kind of ticked off. I pick aisle seats only because I hate window seats. #annoyed #EpicFail,USER new flight window kind ticked pick aisle seat hate window seat annoyed epicfail,0,Negative,-0.9228368187323213,0.9316080808639526,0.059620752930641174,0.008771262131631374
568804291755945984,2015-02-20 16:08:05+00:00,2015-02-20,16,Friday,Southwest,"@SouthwestAir couldn't make flight, funds forfeited as a no show!! Was trying to book another flight using those funds, I'm out.",USER could make flight fund forfeited show trying book another flight using fund,0,Negative,-0.9222608227282763,0.9275278449058533,0.06720519065856934,0.005267022177577019
568804534845345792,2015-02-20 16:09:03+00:00,2015-02-20,16,Friday,US Airways,@USAirways can I book using some sort of breavement program? I need to get home for my pops funeral,USER book using sort breavement program need get home pop funeral,0,Neutral,-0.0074814558029174805,0.06497791409492493,0.8775256276130676,0.057496458292007446
568805605432958976,2015-02-20 16:13:18+00:00,2015-02-20,16,Friday,US Airways,"@USAirways get ur act together, start treating ur passengers w/ kinder, have more sanitized planes. Take a page from @Delta perhaps.",USER get ur act together start treating ur passenger kinder sanitized plane take page USER perhaps,0,Negative,-0.4645841494202614,0.5152966380119324,0.43399086594581604,0.05071248859167099
568808165636214784,2015-02-20 16:23:29+00:00,2015-02-20,16,Friday,Southwest,@SouthwestAir Thanks! I know the routes you currently have from Newark. I was just wondering if there was any new ones on the horizon,USER thanks know route currently newark wondering new one horizon,0,Positive,0.49691997189074755,0.005805629305541515,0.49146878719329834,0.5027256011962891
568810170383536128,2015-02-20 16:31:27+00:00,2015-02-20,16,Friday,Delta,@JetBlue thank you for always have the most amazing customer service! Bring on The Disney Princess Half Marathon,USER thank always amazing customer service bring disney princess half marathon,0,Positive,0.9876210538204759,0.0019344838801771402,0.008509935811161995,0.9895555377006531
568810180269494272,2015-02-20 16:31:29+00:00,2015-02-20,16,Friday,United,"@united I will be calling customer service. 2 delayed flights today now, luggage misplaced, a disaster across the board.",USER calling customer service NUMBER delayed flight today luggage misplaced disaster across board,1,Negative,-0.9243188644759357,0.9301056265830994,0.06410758197307587,0.005786762107163668
568811854216105984,2015-02-20 16:38:08+00:00,2015-02-20,16,Friday,United,@united Do miles earned with Explorer card count toward lifetime miles?,USER mile earned explorer card count toward lifetime mile,0,Neutral,0.037760728038847446,0.015204987488687038,0.9318293333053589,0.052965715527534485
568812129308053504,2015-02-20 16:39:14+00:00,2015-02-20,16,Friday,United,@united not anymore. Finally was ticketed 5 min before takeoff. Not sure why the confusion with a full-fare GSA ticket.,USER anymore finally ticketed NUMBER min takeoff sure confusion gsa ticket,0,Neutral,-0.3933207243680954,0.41315972805023193,0.5670012831687927,0.019839003682136536
568813634152849408,2015-02-20 16:45:13+00:00,2015-02-20,16,Friday,Southwest,"@SouthwestAir if you are going to be inconsistent enforcing your rules, I'd prefer you not randomly take it out on freq flyers that obey",USER going inconsistent enforcing rule prefer randomly take freq flyer obey,0,Negative,-0.5939658293500543,0.6078042387962341,0.37835732102394104,0.013838409446179867
568815689684815873,2015-02-20 16:53:23+00:00,2015-02-20,16,Friday,Virgin America,@VirginAmerica loved it. Can't wait for Monday's return flight... Mostly just to watch the inflight safety video again. #sorrynotsorry,USER loved ca wait monday return flight mostly watch inflight safety video sorrynotsorry,0,Positive,0.9702261504717171,0.004493075888603926,0.02078765630722046,0.974719226360321
568818512191471616,2015-02-20 17:04:36+00:00,2015-02-20,17,Friday,US Airways,@USAirways Melinda in reservations in greensboro nc is an absolute jewel thank her for me she's amazing!!!,USER melinda reservation greensboro nc absolute jewel thank amazing,0,Positive,0.9828276906628162,0.0031525816302746534,0.010867126286029816,0.9859802722930908
568819025733652481,2015-02-20 17:06:38+00:00,2015-02-20,17,Friday,United,"@united thank you so much, that helps a ton. Whoever is on this Twitter acct today deserves a handshake and a hot chocoLate Flight. #problemsolvers",USER thank much help ton whoever twitter acct today deserves handshake hot chocolate flight problemsolvers,0,Positive,0.9218608252704144,0.015671897679567337,0.04679535701870918,0.9375327229499817
568821307766222848,2015-02-20 17:15:42+00:00,2015-02-20,17,Friday,United,@united uh - I booked it through the UA website. Why the price change?,USER uh booked ua website price change,0,Neutral,-0.07493142876774073,0.08665324747562408,0.9016249775886536,0.011721818707883358
568823050571026432,2015-02-20 17:22:38+00:00,2015-02-20,17,Friday,Southwest,@SouthwestAir give this guy a raise....great start to flight from AZ to MKE..,USER give guy raise great start flight az mke,0,Positive,0.9681967971846461,0.003269684500992298,0.025263821706175804,0.9714664816856384
568823775745028096,2015-02-20 17:25:31+00:00,2015-02-20,17,Friday,United,@united DM sent. This lack if customer service is getting ridiculous.,USER dm sent lack customer service getting ridiculous,0,Negative,-0.8928311690688133,0.9023706316947937,0.08808989822864532,0.009539462625980377
568824821531996162,2015-02-20 17:29:40+00:00,2015-02-20,17,Friday,US Airways,@USAirways I'm glad too. But I should not have to spend an hour to try and track down the basic information that you already have available.,USER glad spend hour try track basic information already available,0,Neutral,0.10323120653629303,0.2293541580438614,0.4380604922771454,0.3325853645801544
568825463918833664,2015-02-20 17:32:13+00:00,2015-02-20,17,Friday,United,@united I have those notifications yet the staff on board say that is not accurate and they have no departure time.,USER notification yet staff board say accurate departure time,0,Negative,-0.7860142691060901,0.7938708662986755,0.19827252626419067,0.007856597192585468
568828543423123456,2015-02-20 17:44:27+00:00,2015-02-20,17,Friday,United,@united I can tell you. Your airline has lost mine and my families business. This day and age message through Twitter travels fast.,USER tell airline lost mine family business day age message twitter travel fast,0,Negative,-0.8690216057002544,0.8799664974212646,0.10908859968185425,0.010944891721010208
568829494556897280,2015-02-20 17:48:14+00:00,2015-02-20,17,Friday,Southwest,"@SouthwestAir so, when your plane doesn't work the luxuries I paid for go away but you keep my money? I need that biz model.",USER plane work luxury paid go away keep money need biz model,0,Negative,-0.7700882386416197,0.7848150134086609,0.20045824348926544,0.014726774767041206
568829906584346624,2015-02-20 17:49:52+00:00,2015-02-20,17,Friday,United,@united how is it tripitPro has accurate delayed dept. times and 2hours Late Flightr I hear the same from you? Just curious,USER tripitpro accurate delayed dept time late flightr hear curious,1,Negative,-0.5203395085409284,0.5342037081718445,0.45193207263946533,0.013864199630916119
568832576468746240,2015-02-20 18:00:29+00:00,2015-02-20,18,Friday,United,"@united well played, ^LO.",USER well played,0,Positive,0.8721111807972193,0.010389527305960655,0.10710977762937546,0.8825007081031799
568834799592448000,2015-02-20 18:09:19+00:00,2015-02-20,18,Friday,United,@united workin on it. Waiting on him to reply.,USER workin waiting reply,0,Neutral,0.32680781185626984,0.007834389805793762,0.6575234532356262,0.3346422016620636
568840215089041409,2015-02-20 18:30:50+00:00,2015-02-20,18,Friday,US Airways,@USAirways we have seats. on phone Iwas told I was getting error msg due to paid 1st class upgrd. told to check in after 12am.sound right?,USER seat phone iwas told getting error msg due paid class upgrd told check right,0,Negative,-0.5093389805406332,0.5238534808158875,0.4616319537162781,0.01451450027525425
568841355226517504,2015-02-20 18:35:22+00:00,2015-02-20,18,Friday,Delta,@JetBlue well I'm not sure I'm that bold! lol or are you saying you didn't believe me?? :P,USER well sure bold lol saying believe p,0,Neutral,-0.24021878093481064,0.3320294916629791,0.5761598348617554,0.09181071072816849
568844097374560256,2015-02-20 18:46:16+00:00,2015-02-20,18,Friday,United,@united appreciate the sentiment and you were able to get me off the ground;still missed connection,USER appreciate sentiment able get ground still missed connection,0,Positive,0.5655095912516117,0.06002160534262657,0.31444716453552246,0.6255311965942383
568844412970770433,2015-02-20 18:47:31+00:00,2015-02-20,18,Friday,Southwest,"@SouthwestAir Please explain to reps, ignoring a technical issue and passing the buck is not a good business model. Lucky limited to 140",USER please explain rep ignoring technical issue passing buck good business model lucky limited NUMBER,0,Negative,-0.8936516134999692,0.9001652002334595,0.09332119673490524,0.006513586733490229
568845545986400256,2015-02-20 18:52:01+00:00,2015-02-20,18,Friday,Delta,@JetBlue Now ur asking for the heavy guns! You know #IWouldDoAnythingForLove https://t.co/Yx1DQJn8nL #BrandMance #LoveSongFriday,USER ur asking heavy gun know iwoulddoanythingforlove URL brandmance lovesongfriday,0,Positive,0.7085844427347183,0.024919912219047546,0.2415757179260254,0.7335043549537659
568845724110213120,2015-02-20 18:52:43+00:00,2015-02-20,18,Friday,United,@united Thanks!,USER thanks,0,Positive,0.8613797053694725,0.009863890707492828,0.11889253556728363,0.8712435960769653
568847735530643457,2015-02-20 19:00:43+00:00,2015-02-20,19,Friday,United,@united Are the current on board food menus available anywhere online?,USER current board food menu available anywhere online,0,Neutral,0.012816494330763817,0.008986441418528557,0.9692107439041138,0.021802935749292374
568850967673896960,2015-02-20 19:13:34+00:00,2015-02-20,19,Friday,Virgin America,@VirginAmerica husband and I ordered three drinks via my screen and they never came. Awesome!,USER husband ordered three drink via screen never came awesome,0,Positive,0.82365732640028,0.02853221446275711,0.1192782074213028,0.8521895408630371
568855468975759360,2015-02-20 19:31:27+00:00,2015-02-20,19,Friday,United,@united Thanks...seat made for a 6 year old and a broken TV. 20 flights/year...my last on your airline.,USER thanks seat made NUMBER year old broken tv NUMBER last airline,1,Negative,-0.46222611516714096,0.5528321862220764,0.3565617501735687,0.09060607105493546
568856987632603136,2015-02-20 19:37:29+00:00,2015-02-20,19,Friday,Southwest,"@SouthwestAir you guys rock! So easy, quick, and affordable to change my flight. #bestairlineever #neverchange",USER guy rock easy quick affordable change flight bestairlineever neverchange,0,Positive,0.9817933465819806,0.003858980955556035,0.010488676838576794,0.9856523275375366
568857374934601728,2015-02-20 19:39:01+00:00,2015-02-20,19,Friday,United,@united I think you should board from the back of the plane #whatstheholdup #CHItoCLE,USER think board back plane whatstheholdup chitocle,0,Neutral,-0.2150242142379284,0.24807992577552795,0.718864381313324,0.033055711537599564
568857976733376512,2015-02-20 19:41:25+00:00,2015-02-20,19,Friday,Delta,@JetBlue Thanks for the reminder of a few older flights I'd taken and the easy access to add points to my new JB account! Awesome service.,USER thanks reminder older flight taken easy access add point new jb account awesome service,0,Positive,0.9647290057037026,0.003326421370729804,0.028618099167943,0.9680554270744324
568862839340961792,2015-02-20 20:00:44+00:00,2015-02-20,20,Friday,US Airways,@USAirways will shall see in the next couple of minutes.,USER shall see next couple minute,0,Neutral,0.08438137266784906,0.009152031503617764,0.8973145484924316,0.09353340417146683
568870279906234368,2015-02-20 20:30:18+00:00,2015-02-20,20,Friday,US Airways,@USAirways followed!,USER followed,0,Positive,0.6330568706616759,0.01224351767450571,0.34245607256889343,0.6453003883361816
568872365146251264,2015-02-20 20:38:35+00:00,2015-02-20,20,Friday,Delta,@JetBlue No worries. Time flew in the terminal and now we're taking off. Thanks again!,USER worry time flew terminal taking thanks,0,Positive,0.884837482124567,0.004333879798650742,0.10649479925632477,0.8891713619232178
568874645564362752,2015-02-20 20:47:39+00:00,2015-02-20,20,Friday,Virgin America,@VirginAmerica Thank you!!,USER thank,0,Positive,0.9545920765958726,0.006776722613722086,0.03185444325208664,0.9613687992095947
568879053496655872,2015-02-20 21:05:10+00:00,2015-02-20,21,Friday,Southwest,@SouthwestAir I cannot DM you as you do not follow me.,USER dm follow,0,Negative,-0.6916610831394792,0.6996542811393738,0.29235246777534485,0.007993197999894619
568883108377808896,2015-02-20 21:21:17+00:00,2015-02-20,21,Friday,United,"@united if I had a ticket refunded which I purchased, for my brother to fly...could I then used the refunded credit for me to fly? Respond",USER ticket refunded purchased brother fly could used refunded credit fly respond,0,Neutral,0.029799945652484894,0.026252243667840958,0.9176956415176392,0.05605218932032585
568883264791785472,2015-02-20 21:21:54+00:00,2015-02-20,21,Friday,Delta,@JetBlue can't seem to DM you guys.. JDHADP,USER ca seem dm guy jdhadp,0,Negative,-0.7339849378913641,0.7435274124145508,0.2469301074743271,0.009542474523186684
568883475534745600,2015-02-20 21:22:44+00:00,2015-02-20,21,Friday,United,@united dmangen@visualclubconcepts.com,USER dmangen USER,0,Neutral,0.06264814734458923,0.04231587052345276,0.8527201414108276,0.10496401786804199
568883598281076738,2015-02-20 21:23:13+00:00,2015-02-20,21,Friday,US Airways,@USAirways any chance of a travel advisory or DCA this weekend?,USER chance travel advisory dca weekend,0,Neutral,-0.00031779706478118896,0.023636814206838608,0.9530441761016846,0.02331901714205742
568884379600224258,2015-02-20 21:26:20+00:00,2015-02-20,21,Friday,Delta,"@jetblue captain ""takes as lot of muscles to frown but JUST A FEW TO SMILE. Y'all ready to go flyin?"" I mean... Now I am!",USER captain take lot muscle frown smile ready go flyin mean,0,Positive,0.5835187900811434,0.023614300414919853,0.36925259232521057,0.6071330904960632
568885004610240512,2015-02-20 21:28:49+00:00,2015-02-20,21,Friday,Delta,@JetBlue who is he I must send a note!!! Too good for words!,USER must send note good word,0,Positive,0.9430863689631224,0.010407345369458199,0.03609893471002579,0.9534937143325806
568889146179072000,2015-02-20 21:45:16+00:00,2015-02-20,21,Friday,Southwest,@SouthwestAir after 38 minutes on the phone I'm given another number to call now still on hold with them. http://t.co/1ZT2kEe8up,USER NUMBER minute phone given another number call still hold URL,0,Neutral,-0.46950048208236694,0.48754024505615234,0.49441996216773987,0.0180397629737854
568890017365561344,2015-02-20 21:48:44+00:00,2015-02-20,21,Friday,United,"@united uhuh.Group trying to get out of Nashville and into IAD today instead of tomorrow,why be preemptive though... https://t.co/yBv0xaowKv",USER trying get nashville iad today instead tomorrow preemptive though URL,0,Neutral,-0.4105725446715951,0.42595452070236206,0.558663547039032,0.015381976030766964
568893092927029249,2015-02-20 22:00:57+00:00,2015-02-20,22,Friday,Southwest,@SouthwestAir Cancelled Flights arrivals &amp; departures in Nashville as of 5pm. That and more weather headlines @ 4pm #LiveOnFOX17 #FebruaryFreezeFox17,USER cancelled flight arrival amp departure nashville weather headline,0,Neutral,-0.28964997828006744,0.3020245134830475,0.685600996017456,0.012374535202980042
568895534825639936,2015-02-20 22:10:39+00:00,2015-02-20,22,Friday,US Airways,@USAirways @AmericanAir can someone please tell me who I have to talk to #getittogether #findurgrip,USER USER someone please tell talk getittogether findurgrip,0,Neutral,0.015812363475561142,0.04329962655901909,0.8975883722305298,0.05911199003458023
568903193930764288,2015-02-20 22:41:05+00:00,2015-02-20,22,Friday,United,@united how about after 2.5 hrs at ORD another .5 on the tarmac + refuse to move me to an earlier flight you make it up to me? #iflyalot #bs,USER NUMBER hr ord another NUMBER tarmac refuse move earlier flight make iflyalot b,0,Negative,-0.8897256525233388,0.8953097462654114,0.09910625964403152,0.005584093742072582
568904934495629312,2015-02-20 22:48:00+00:00,2015-02-20,22,Friday,Delta,"@JetBlue No, the flight wasn't until 9:51pm, but it's already been delayed.",USER flight NUMBER already delayed,0,Negative,-0.705536387860775,0.7116922736167908,0.2821519076824188,0.006155885756015778
568908474601639936,2015-02-20 23:02:04+00:00,2015-02-20,23,Friday,United,@united worst AIRLINE BEWARE THEY DO NOT MAINTAIN THERE PLAIN BEEN ON THE RUNWAY THE PAST 4 HOURS!!!/,USER worst airline beware maintain plain runway past NUMBER hour,1,Negative,-0.9314625686965883,0.9379218816757202,0.055618807673454285,0.006459312979131937
568910880416464897,2015-02-20 23:11:38+00:00,2015-02-20,23,Friday,United,@united all good man it isn't your fault that plane is having maintenance issues,USER good man fault plane maintenance issue,0,Neutral,-0.2968873754143715,0.40475520491600037,0.4873769283294678,0.10786782950162888
568911315026063361,2015-02-20 23:13:22+00:00,2015-02-20,23,Friday,United,@united 5.5 hours Late Flightr I've been in transit for a total of twelve hours...please just change the plane on flight 600 this is ridiculous SFO,USER NUMBER hour late flightr transit total twelve hour please change plane flight NUMBER ridiculous sfo,1,Negative,-0.8748467126861215,0.8840444684028625,0.10675771534442902,0.009197755716741085
568913418092224512,2015-02-20 23:21:43+00:00,2015-02-20,23,Friday,US Airways,@USAirways not happening #worstairlineever also Marie Burroughs is the worst customer service rep ever #yourairlinesucks,USER happening worstairlineever also marie burroughs worst customer service rep ever yourairlinesucks,0,Negative,-0.9530031681060791,0.9583126306533813,0.03637796267867088,0.005309462547302246
568918759664021504,2015-02-20 23:42:56+00:00,2015-02-20,23,Friday,United,@united roundtrip to London on @Delta ? I think I will! FYI that's another $1k you just lost. #moneynotspentonunited #unfriendlyskies,USER roundtrip london USER think fyi another lost moneynotspentonunited unfriendlyskies,0,Negative,-0.8266838435083628,0.8461843729019165,0.13431501388549805,0.019500529393553734
568920607347384321,2015-02-20 23:50:17+00:00,2015-02-20,23,Friday,Delta,@JetBlue were boarding now I'm really not impressed. I've learnt a very valuable lesson .,USER boarding really impressed learnt valuable lesson,0,Negative,-0.911872276570648,0.9182555675506592,0.07536109536886215,0.006383290980011225
568922057552977920,2015-02-20 23:56:03+00:00,2015-02-20,23,Friday,United,@united I need you...to be a better airline. ^LOL,USER need better airline,1,Positive,0.6622996367514133,0.03782695159316063,0.2620464861392975,0.700126588344574
568923795228139521,2015-02-21 00:02:57+00:00,2015-02-21,0,Saturday,US Airways,@USAirways rudest crew member experience! Throwing shade and calling out customers. #reachingnewlows,USER rudest crew member experience throwing shade calling customer reachingnewlows,0,Negative,-0.9422933105379343,0.9473763108253479,0.04754068702459335,0.005083000287413597
568926552836182016,2015-02-21 00:13:54+00:00,2015-02-21,0,Saturday,United,@united I didn't get a message from you. I'll resend numbers.,USER get message resend number,0,Neutral,-0.20913651026785374,0.2259092777967453,0.7573180198669434,0.016772767528891563
568928486188032000,2015-02-21 00:21:35+00:00,2015-02-21,0,Saturday,Southwest,@SouthwestAir I'm on the 10:55 flight! Everyone has been so nice and helpful! I'm just hoping we'll get to fly out! Thank you! ;),USER NUMBER NUMBER flight everyone nice helpful hoping get fly thank,0,Positive,0.9863563771359622,0.0025588874705135822,0.00852583535015583,0.9889152646064758
568931215149039617,2015-02-21 00:32:26+00:00,2015-02-21,0,Saturday,United,@united will do. Thx. Been sitting on plane now for 2.5 hrs and now we have to refuel! I can't even make this stuff up.,USER thx sitting plane NUMBER hr refuel ca even make stuff,1,Negative,-0.2946312129497528,0.47516390681266785,0.3443033993244171,0.18053269386291504
568944054303625217,2015-02-21 01:23:27+00:00,2015-02-21,1,Saturday,Southwest,"@SouthwestAir we had early bird, and it was great. Your employees were awesome. It was 3 passengers who killed the buzz.",USER early bird great employee awesome NUMBER passenger killed buzz,0,Positive,0.956068086437881,0.009198320098221302,0.025535237044095993,0.9652664065361023
568949312098476032,2015-02-21 01:44:21+00:00,2015-02-21,1,Saturday,Southwest,@SouthwestAir @SwagglikeBean take me here,USER USER take,0,Neutral,0.09468057565391064,0.028223590925335884,0.8488722443580627,0.12290416657924652
568950980471103489,2015-02-21 01:50:58+00:00,2015-02-21,1,Saturday,United,"@united Marcus helped me - good agent, couldn't fix it. Flight was listed on website, but ""unavailable""to book. False advertising much?",USER marcus helped good agent could fix flight listed website unavailable book false advertising much,0,Negative,-0.5800021588802338,0.6260116100311279,0.32797902822494507,0.046009451150894165
568951819969232896,2015-02-21 01:54:19+00:00,2015-02-21,1,Saturday,United,@united I have a question about my interview process I had only one interview but was the last person is that good or bad,USER question interview process one interview last person good bad,0,Neutral,-0.07949171215295792,0.16885033249855042,0.7417910099029541,0.0893586203455925
568953095423705088,2015-02-21 01:59:23+00:00,2015-02-21,1,Saturday,Southwest,@SouthwestAir we're doing our best; sitting at a gate waiting (while not being given information why we're delayed) isn't making this easy,USER best sitting gate waiting given information delayed making easy,0,Negative,-0.7943758945912123,0.8045560717582703,0.18526378273963928,0.010180177167057991
568954558589702144,2015-02-21 02:05:12+00:00,2015-02-21,2,Saturday,US Airways,@USAirways I will send an email with details Late Flightr. Thank you for responding.,USER send email detail late flightr thank responding,0,Positive,0.4957080911844969,0.013052539899945259,0.47818684577941895,0.5087606310844421
568955124300820480,2015-02-21 02:07:26+00:00,2015-02-21,2,Saturday,United,"@united thank you! Good service, safe flight... 1/2 way home!",USER thank good service safe flight NUMBER NUMBER way home,0,Positive,0.9725164952687919,0.003958207089453936,0.019567107781767845,0.9764747023582458
568955339607019521,2015-02-21 02:08:18+00:00,2015-02-21,2,Saturday,United,@united I'm Cancelled Flighting my #mileageplus card and I will NEVER do business with you again. You clearly don't care about your customers.,USER cancelled flighting mileageplus card never business clearly care customer,1,Negative,-0.9311354863457382,0.937783420085907,0.055568598210811615,0.00664793374016881
568956535679758337,2015-02-21 02:13:03+00:00,2015-02-21,2,Saturday,Delta,"@JetBlue me again :) you don't have ABC on Inflight TV, do you? (If so, what channel? #SharkTank is on!)",USER abc inflight tv channel sharktank,0,Neutral,0.43368091713637114,0.005970572121441364,0.5543779730796814,0.4396514892578125
568957488021827585,2015-02-21 02:16:50+00:00,2015-02-21,2,Saturday,Southwest,"@SouthwestAir Thanks so much. Appreciate your kindness in adjusting our reservation. Even during snowstorms, I still prefer Southwest. 👍",USER thanks much appreciate kindness adjusting reservation even snowstorm still prefer southwest,0,Positive,0.9432765636593103,0.008216878399252892,0.04028964042663574,0.9514934420585632
568959737544339456,2015-02-21 02:25:46+00:00,2015-02-21,2,Saturday,United,@united truly the WORST day of flying I have ever experienced...,USER truly worst day flying ever experienced,1,Negative,-0.9407737157307565,0.9482473134994507,0.04427904263138771,0.007473597768694162
568961738596462593,2015-02-21 02:33:43+00:00,2015-02-21,2,Saturday,Delta,@JetBlue whats going on with flight 2034. Delayed beyond 834. Shouldnt thre flights switch at that point?,USER whats going flight NUMBER delayed beyond NUMBER shouldnt thre flight switch point,0,Negative,-0.6499501876533031,0.6560208201408386,0.3379085063934326,0.006070632487535477
568964010101514240,2015-02-21 02:42:45+00:00,2015-02-21,2,Saturday,US Airways,@USAirways only sympathy she offered was holding a reservation until Monday night. That's pretty awesome if you ask me...,USER sympathy offered holding reservation monday night pretty awesome ask,0,Positive,0.933799559250474,0.00826156698167324,0.04967730492353439,0.9420611262321472
568964635103076354,2015-02-21 02:45:14+00:00,2015-02-21,2,Saturday,Delta,@JetBlue can you share where it is coming from?,USER share coming,0,Neutral,0.014010660350322723,0.012122862040996552,0.9617436528205872,0.026133522391319275
568965165783388160,2015-02-21 02:47:21+00:00,2015-02-21,2,Saturday,United,"@united Thanks for nothing. Next time I'll bring a whole extra suitcase for my 1 extra pound. That makes sense, right?",USER thanks nothing next time bring whole extra suitcase NUMBER extra pound make sense right,0,Neutral,-0.1789625883102417,0.3553028106689453,0.4683569371700287,0.1763402223587036
568968312274718721,2015-02-21 02:59:51+00:00,2015-02-21,2,Saturday,United,@united how do you stay in business with such poor service? #poorservice #notgoodenough http://t.co/VO61LME5ja,USER stay business poor service poorservice notgoodenough URL,2,Negative,-0.9369756164960563,0.9420645236968994,0.05284659191966057,0.005088907200843096
568971802015170560,2015-02-21 03:13:43+00:00,2015-02-21,3,Saturday,United,@united when will I hear? Guitar was damaged in December. I use my guitar to earn a living. Get your act together!,USER hear guitar damaged december use guitar earn living get act together,0,Negative,-0.9032453885301948,0.9126019477844238,0.07804148644208908,0.009356559254229069
568977167410802688,2015-02-21 03:35:02+00:00,2015-02-21,3,Saturday,US Airways,"@USAirways Website won't let me change online even though airline issued travel advisory, now on hold for 50 minutes. Help.",USER website wo let change online even though airline issued travel advisory hold NUMBER minute help,0,Negative,-0.8386324690654874,0.8461418747901917,0.1463487446308136,0.007509405724704266
568982915956277249,2015-02-21 03:57:53+00:00,2015-02-21,3,Saturday,United,@United thanks to Lea in the Chicago office for her help in switching our Cancelled Flighted flights!!,USER thanks lea chicago office help switching cancelled flighted flight,0,Positive,0.8946715833153576,0.003740286687389016,0.0978478267788887,0.8984118700027466
568985010742693888,2015-02-21 04:06:12+00:00,2015-02-21,4,Saturday,United,@united yea I saw that I'm moving to China and have 5-6 bags will pay whatever but wanted to make sure it was ok to bring that many,USER yea saw moving china NUMBER NUMBER bag pay whatever wanted make sure ok bring many,0,Neutral,0.020429976284503937,0.07926296442747116,0.8210440874099731,0.0996929407119751
568986491608834048,2015-02-21 04:12:05+00:00,2015-02-21,4,Saturday,United,@united you need to follow me so I can dm you to give you the info,USER need follow dm give info,0,Neutral,0.0660264790058136,0.015676423907279968,0.9026206731796265,0.08170290291309357
568987303302950913,2015-02-21 04:15:19+00:00,2015-02-21,4,Saturday,United,"@united THAT'S the tweet u choose to answer, to tell me you're not liable?! #youretheworst #neveragain",USER tweet u choose answer tell liable youretheworst neveragain,1,Negative,-0.9317260514944792,0.9376668930053711,0.05639227479696274,0.005940841510891914
568990617394647040,2015-02-21 04:28:29+00:00,2015-02-21,4,Saturday,US Airways,@USAirways How dirty does the damn plane have to be to take an hour to get the plane cleaned??? Refund me my miles😡. #wasteoftime #theworst,USER dirty damn plane take hour get plane cleaned refund wasteoftime theworst,0,Negative,-0.9535701381973922,0.9582622051239014,0.03704575076699257,0.004692066926509142
569005718365298689,2015-02-21 05:28:29+00:00,2015-02-21,5,Saturday,United,@united Of course. That was the start of my trip 3 wks. ago. Its gone further downhill on my return.,USER course start trip NUMBER wks ago gone downhill return,0,Negative,-0.8604575712233782,0.8689570426940918,0.12254348397254944,0.008499471470713615
569006044782800896,2015-02-21 05:29:47+00:00,2015-02-21,5,Saturday,United,@united lax29108m make it happen please else on a cruise with no luggage tomorrow,USER make happen please else cruise luggage tomorrow,0,Neutral,-0.15191055834293365,0.3203440308570862,0.5112224817276001,0.16843347251415253
569020255441264640,2015-02-21 06:26:15+00:00,2015-02-21,6,Saturday,Southwest,@SouthwestAir Do you have childrens rates for flights?,USER childrens rate flight,0,Neutral,0.00029731355607509613,0.024154260754585266,0.9513942003250122,0.024451574310660362
569030463760650241,2015-02-21 07:06:49+00:00,2015-02-21,7,Saturday,Southwest,@SouthwestAir had a great LA flight with Clarence and Frank! Those 2 guys are a hoot! 😜😂 thanks,USER great la flight clarence frank NUMBER guy hoot thanks,0,Positive,0.9849546537734568,0.002317072357982397,0.01041119173169136,0.9872717261314392
569032643548811264,2015-02-21 07:15:28+00:00,2015-02-21,7,Saturday,United,@united They held the plane! Made it!!,USER held plane made,0,Positive,0.84555549826473,0.00613842997699976,0.14216762781143188,0.8516939282417297
569035174328934401,2015-02-21 07:25:32+00:00,2015-02-21,7,Saturday,United,@united @danahajek : United's CEO has decided to outsource and or push out more and more of their skilled and loyal employees..lack of staff,USER USER united ceo decided outsource push skilled loyal employee lack staff,0,Negative,-0.8054117979481816,0.8136176466941833,0.17817649245262146,0.00820584874600172
569035887956271104,2015-02-21 07:28:22+00:00,2015-02-21,7,Saturday,United,@united bad customer service to NYC a few weeks ago. Thinking of moving on,USER bad customer service nyc week ago thinking moving,0,Negative,-0.9345999290235341,0.9401659369468689,0.054268043488264084,0.005566007923334837
569040346262282241,2015-02-21 07:46:05+00:00,2015-02-21,7,Saturday,US Airways,"@USAirways landed at Phoenix, but we had to board a flight quickly to Vegas so no time at the airport. What now?",USER landed phoenix board flight quickly vega time airport,0,Neutral,-0.09609764069318771,0.13279081881046295,0.8305159211158752,0.03669317811727524
569071393356288000,2015-02-21 09:49:27+00:00,2015-02-21,9,Saturday,Southwest,@SouthwestAir we are trying to go as far away from King'sCollegeLondon as possible for charity today. Would you help us ? #jailbreak #RAG,USER trying go far away possible charity today would help u jailbreak rag,0,Neutral,-0.12965990975499153,0.178789421916008,0.7720810174942017,0.049129512161016464
569075196117839872,2015-02-21 10:04:34+00:00,2015-02-21,10,Saturday,Delta,@JetBlue we are trying to go as far away from King'sCollegeLondon as possible for charity today. Would you help us ? #jailbreak #RAG,USER trying go far away possible charity today would help u jailbreak rag,0,Neutral,-0.12965990975499153,0.178789421916008,0.7720810174942017,0.049129512161016464
569078309033803776,2015-02-21 10:16:56+00:00,2015-02-21,10,Saturday,Southwest,"@SouthwestAir app error - says click here, can't click not hyperlinked http://t.co/IH5w9nfKz2",USER app error say click ca click hyperlinked URL,0,Negative,-0.7161110090091825,0.7250816226005554,0.26594772934913635,0.008970613591372967
569083132353204224,2015-02-21 10:36:06+00:00,2015-02-21,10,Saturday,Delta,@JetBlue Airways Lowered to Strong Sell at Vetr Inc. (JBLU) - Mideast Time http://t.co/yMMH9k4CBr,USER airway lowered strong sell vetr jblu mideast time URL,0,Neutral,-0.0525500662624836,0.0770026296377182,0.8985448479652405,0.024452563375234604
569085417045143552,2015-02-21 10:45:11+00:00,2015-02-21,10,Saturday,Southwest,@SouthwestAir There's nothing I love more than being on hold for over an hour http://t.co/LIQWoblFbT,USER nothing love hold hour URL,0,Positive,0.9361193822696805,0.011314506642520428,0.041251618415117264,0.9474338889122009
569087442092826624,2015-02-21 10:53:13+00:00,2015-02-21,10,Saturday,Delta,@JetBlue by any chance do u offer fresh guacamole on your flights,USER chance u offer fresh guacamole flight,0,Neutral,0.14663603622466326,0.009765985421836376,0.8338319659233093,0.15640202164649963
569108027644645376,2015-02-21 12:15:01+00:00,2015-02-21,12,Saturday,US Airways,@USAirways flight 705 FRA-CAT did some odd zig-zagging movements over Frankfurt... Is everything ok?,USER flight NUMBER odd movement frankfurt everything ok,0,Neutral,-0.15740531496703625,0.17779025435447693,0.8018248081207275,0.02038493938744068
569125033509048320,2015-02-21 13:22:36+00:00,2015-02-21,13,Saturday,United,@united on flight 1665 but it's not departing! Website says delayed due to operational difficulties-what does that mean?,USER flight NUMBER departing website say delayed due operational mean,0,Negative,-0.7439653910696507,0.7522714734077454,0.23942247033119202,0.008306082338094711
569126921096859648,2015-02-21 13:30:06+00:00,2015-02-21,13,Saturday,US Airways,"@USAirways trying 2 fly frm DCA to SRQ to visit a family member in hospice but 4532 was Cancelled Flightled, can someone assist me?",USER trying NUMBER fly frm dca srq visit family member hospice NUMBER cancelled flightled someone assist,0,Negative,-0.6064785839989781,0.617543637752533,0.371391236782074,0.011065053753554821
569129625592274944,2015-02-21 13:40:51+00:00,2015-02-21,13,Saturday,US Airways,@USAirways baggage drop at phl b/c is incredibly backed up... unacceptable service,USER baggage drop phl incredibly backed unacceptable service,0,Negative,-0.9417211120016873,0.9462258219718933,0.0492694228887558,0.004504709970206022
569143996422995968,2015-02-21 14:37:57+00:00,2015-02-21,14,Saturday,Southwest,@SouthwestAir - i needed refund on my Cancelled Flightled flights this morning and had been on hold for more than an hour X 3. what to do?,USER needed refund cancelled flightled flight morning hold hour x NUMBER,0,Negative,-0.7416837019845843,0.751939058303833,0.23780560493469238,0.010255356319248676
569149358802759680,2015-02-21 14:59:16+00:00,2015-02-21,14,Saturday,Southwest,@SouthwestAir Plz consider customers you're losing to #AA for 🚫 the KC ↔️ OKC directs. #okcdirects #OKC #MCI #flights #okcprofessionals,USER plz consider customer losing aa kc okc directs okcdirects okc mci flight okcprofessionals,0,Negative,-0.6198631124570966,0.6340137720108032,0.3518355190753937,0.014150659553706646
569152792314687488,2015-02-21 15:12:54+00:00,2015-02-21,15,Saturday,US Airways,@usairways I've been on hold for approaching 2 hrs for an issue when I changed my ticket online. Frustrating.,USER hold approaching NUMBER hr issue changed ticket online frustrating,0,Negative,-0.9064266597852111,0.9120917320251465,0.08224324882030487,0.005665072239935398
569155039983497216,2015-02-21 15:21:50+00:00,2015-02-21,15,Saturday,United,@united airlines 1st &amp; only time I ever fly your airline! What a disgrace. @JimTrotter_NFL I should've listened to your tweet! #HORRIBLE,USER airline amp time ever fly airline disgrace USER listened tweet horrible,0,Negative,-0.9512618076987565,0.9567322134971619,0.03779739886522293,0.005470405798405409
569155666440355840,2015-02-21 15:24:19+00:00,2015-02-21,15,Saturday,Southwest,"@SouthwestAir - I get that weather delays are not in your hands, but is there nothing else you can offer for the massive inconvenience?",USER get weather delay hand nothing else offer massive inconvenience,0,Negative,-0.7970165014266968,0.8046773672103882,0.18766172230243683,0.007660865783691406
569162467051474944,2015-02-21 15:51:21+00:00,2015-02-21,15,Saturday,Southwest,@SouthwestAir is anyone answering phones to rebook Cancelled Flightled flights?,USER anyone answering phone rebook cancelled flightled flight,1,Neutral,-0.31857575569301844,0.33044764399528503,0.6576805114746094,0.011871888302266598
569163008309657600,2015-02-21 15:53:30+00:00,2015-02-21,15,Saturday,US Airways,@USAirways your flight attendants are all jerks 🐳,USER flight attendant jerk,0,Negative,-0.9446943285875022,0.9496886134147644,0.04531704634428024,0.004994284827262163
569165517614944256,2015-02-21 16:03:28+00:00,2015-02-21,16,Saturday,US Airways,@usairways - thanks for the 5+ hour flight from PIT to PHX with zero entertainment. Guess why I have a quarter million + miles on Delta,USER thanks NUMBER hour flight pit phx zero entertainment guess quarter million mile delta,0,Negative,-0.4303082674741745,0.5660446286201477,0.29821905493736267,0.1357363611459732
569165652876881920,2015-02-21 16:04:00+00:00,2015-02-21,16,Saturday,United,@united what incentive do I have to give you another chance?,USER incentive give another chance,0,Neutral,0.14091521687805653,0.01711207441985607,0.8248606324195862,0.1580272912979126
569168884798005248,2015-02-21 16:16:51+00:00,2015-02-21,16,Saturday,United,@united Was just hung up on by customer service after waiting 30 min on hold...guess that vacation's not happening? Website wasn't working.,USER hung customer service waiting NUMBER min hold guess vacation happening website working,0,Negative,-0.8856450286693871,0.891535758972168,0.10257347673177719,0.005890730302780867
569169704805371904,2015-02-21 16:20:06+00:00,2015-02-21,16,Saturday,Southwest,"@SouthwestAir can't speak with customer service for 2hours, still on hold! Do you guys work?#nogood",USER ca speak customer service still hold guy work nogood,0,Negative,-0.9154096678830683,0.9202592968940735,0.07489103823900223,0.004849629011005163
569169897906941952,2015-02-21 16:20:52+00:00,2015-02-21,16,Saturday,United,"@united really needs to start upgrading their planes. No TVs &amp; then the ""inflight wifi"" is currently unavailable #UnitedAirlines",USER really need start upgrading plane tv amp inflight wifi currently unavailable unitedairlines,0,Negative,-0.8986947722733021,0.9059960842132568,0.08670259267091751,0.007301311939954758
569175278255284224,2015-02-21 16:42:15+00:00,2015-02-21,16,Saturday,Delta,@JetBlue flying to Denver March 1st and my flight itenary keeps getting changed what the heck...booked the trip 3 months ago,USER flying denver march flight itenary keep getting changed heck booked trip NUMBER month ago,0,Negative,-0.7462550736963749,0.7632760405540466,0.21970298886299133,0.017020966857671738
569176969872605184,2015-02-21 16:48:59+00:00,2015-02-21,16,Saturday,Southwest,"@SouthwestAir are any flights leaving DC today? Flight was Cancelled Flightled, been on hold for over an hour.",USER flight leaving dc today flight cancelled flightled hold hour,0,Negative,-0.7978373714722693,0.8044124841690063,0.18901237845420837,0.006575112696737051
569180531742486528,2015-02-21 17:03:08+00:00,2015-02-21,17,Saturday,Southwest,"@SouthwestAir On hold over 2 hrs and got cutoff !Cancelled Flightled my flight, now can't get to booked cruise in Florida! Terrible customer service!",USER hold NUMBER hr got cutoff cancelled flightled flight ca get booked cruise florida terrible customer service,0,Negative,-0.9398942645639181,0.9450244903564453,0.04984530434012413,0.005130225792527199
569182050219126785,2015-02-21 17:09:10+00:00,2015-02-21,17,Saturday,US Airways,@USAirways so I still need to stay on hold? http://t.co/04SDytT7zd,USER still need stay hold URL,0,Neutral,-0.19373427890241146,0.20589382946491241,0.78194659948349,0.012159550562500954
569183099495383040,2015-02-21 17:13:20+00:00,2015-02-21,17,Saturday,Southwest,@SouthwestAir You guys are just being disrespectful at this point... learned my lesson about this airline,USER guy disrespectful point learned lesson airline,0,Negative,-0.9095961437560618,0.9154511094093323,0.07869400084018707,0.005854965653270483
569183712606179329,2015-02-21 17:15:46+00:00,2015-02-21,17,Saturday,United,"@united besides landing the plane, overall customer service experience has been poor. Late Flight and rude workers plus missing luggage",USER besides landing plane overall customer service experience poor late flight rude worker plus missing luggage,1,Negative,-0.9321342748589814,0.936889111995697,0.05835607275366783,0.0047548371367156506
569188394716278786,2015-02-21 17:34:22+00:00,2015-02-21,17,Saturday,Southwest,@SouthwestAir when you take my money and do not provide a service makes for a profitable venture for your company. #IsItTheGaryKellyWay?,USER take money provide service make profitable venture company isitthegarykellyway,0,Negative,-0.8951370506547391,0.9021633267402649,0.09081034362316132,0.007026276085525751
569188447157661696,2015-02-21 17:34:35+00:00,2015-02-21,17,Saturday,US Airways,@USAirways flight 850. RUDE RUDE RUDE service! Awful.,USER flight NUMBER rude rude rude service awful,1,Negative,-0.9496219614520669,0.9556400179862976,0.03834192827343941,0.006018056534230709
569188782492266496,2015-02-21 17:35:55+00:00,2015-02-21,17,Saturday,US Airways,@USAirways no one at #clt knows about runway issues..my inbound flight was only one delayed..connection left without me..now I'm stuck!,USER one clt know runway issue inbound flight one delayed connection left without stuck,0,Negative,-0.9135918552055955,0.9182753562927246,0.07704110443592072,0.004683501087129116
569189652080533504,2015-02-21 17:39:22+00:00,2015-02-21,17,Saturday,Delta,@JetBlue Even 5 years after the earthquake...Haiti still needs helps in rebuilding #flyingitforward,USER even NUMBER year earthquake haiti still need help rebuilding flyingitforward,0,Neutral,-0.30887744575738907,0.3720535933971405,0.5647702217102051,0.06317614763975143
569191124373520384,2015-02-21 17:45:13+00:00,2015-02-21,17,Saturday,Delta,"@JetBlue the first place but I really didn't need the extra stress at this already terrible time. Oh by the way, I made the flight with 30",USER first place really need extra stress already terrible time oh way made flight NUMBER,0,Negative,-0.6741104871034622,0.7212582230567932,0.231594055891037,0.047147735953330994
569191270654070784,2015-02-21 17:45:48+00:00,2015-02-21,17,Saturday,US Airways,@USAirways i've been on hold for an hour trying to change my flight!!! COME ON,USER hold hour trying change flight come,0,Negative,-0.7285808082669973,0.7568796277046204,0.21482154726982117,0.028298819437623024
569192350607671297,2015-02-21 17:50:06+00:00,2015-02-21,17,Saturday,US Airways,@USAirways chose you for a flight with very time sensitive arrival And you drop the ball. What gives? CLT #667 good way to lose my business,USER chose flight time sensitive arrival drop ball give clt NUMBER good way lose business,0,Negative,-0.9417570624500513,0.9471801519393921,0.04739682376384735,0.005423089489340782
569197910895812608,2015-02-21 18:12:11+00:00,2015-02-21,18,Saturday,Southwest,@SouthwestAir any official word whether flight 3403 from BWI to Manchester is Cancelled Flightled? I've got an 8hr drive in snow if it is 😢,USER official word whether flight NUMBER bwi manchester cancelled flightled got drive snow,0,Negative,-0.7737425025552511,0.7828274965286255,0.2080874741077423,0.009084993973374367
569200606595952640,2015-02-21 18:22:54+00:00,2015-02-21,18,Saturday,Virgin America,@VirginAmerica What is the reason for the delay of the departure of VX 413 from JFK this afternoon?,USER reason delay departure vx NUMBER jfk afternoon,0,Neutral,-0.3457072675228119,0.3551579415798187,0.6353914141654968,0.009450674057006836
569201464658173952,2015-02-21 18:26:19+00:00,2015-02-21,18,Saturday,Southwest,@SouthwestAir you guys need better communication to your customers. This is rude and unprofessional.,USER guy need better communication customer rude unprofessional,0,Negative,-0.9316688529215753,0.9370036721229553,0.057661592960357666,0.005334819201380014
569201516881448960,2015-02-21 18:26:31+00:00,2015-02-21,18,Saturday,United,"Meanwhile, they fucked my flight. @united: The festivities are already in full swing at the United Fairway Club, overlooking the 17th hole..",meanwhile fucked flight USER festivity already full swing united fairway club overlooking hole,0,Negative,-0.8433088436722755,0.85548996925354,0.13232892751693726,0.012181125581264496
569208480793567233,2015-02-21 18:54:11+00:00,2015-02-21,18,Saturday,Virgin America,"Awesome! RT @VirginAmerica: Watch nominated films at 35,000 feet. #MeetTheFleet #Oscars http://t.co/DnStITRzWy",awesome rt USER watch nominated film NUMBER NUMBER foot meetthefleet oscar URL,0,Positive,0.96663212205749,0.0014182982267811894,0.03053128533065319,0.9680504202842712
569217440250331136,2015-02-21 19:29:47+00:00,2015-02-21,19,Saturday,United,@united Worst customer non-service for sure!,USER worst customer sure,0,Negative,-0.9369458868168294,0.9442902207374573,0.048365481197834015,0.007344333920627832
569221156504530944,2015-02-21 19:44:33+00:00,2015-02-21,19,Saturday,Virgin America,@VirginAmerica how are you gonna have a deal from Dallas to DC but no deal from DC to Dallas? #sad,USER gon na deal dallas dc deal dc dallas sad,0,Negative,-0.7475471338257194,0.7573143243789673,0.23291851580142975,0.009767190553247929
569223536507809792,2015-02-21 19:54:01+00:00,2015-02-21,19,Saturday,US Airways,@USAirways in don't have it on me at the time as I am taking Amtrak home. How do we call for partial refunds?,USER time taking amtrak home call partial refund,0,Neutral,-0.4509790185838938,0.4627728760242462,0.5254333019256592,0.01179385744035244
569225412540174336,2015-02-21 20:01:28+00:00,2015-02-21,20,Saturday,Southwest,@SouthwestAir microsecond too Late Flight so very very sad 😂😂😂😂😂😭😭😭😭😢😢😢😢,USER microsecond late flight sad,0,Negative,-0.9135034624487162,0.920286238193512,0.07293103635311127,0.006782775744795799
569226313220947969,2015-02-21 20:05:03+00:00,2015-02-21,20,Saturday,United,@united terrible travel experience. Traveled 8000 miles roundtrip but two Cancelled Flightlations of short hops cost me two days,USER terrible travel experience traveled NUMBER mile roundtrip two cancelled flightlations short hop cost two day,0,Negative,-0.9215214885771275,0.9277170896530151,0.06608729809522629,0.00619560107588768
569228870177591298,2015-02-21 20:15:13+00:00,2015-02-21,20,Saturday,Southwest,"@SouthwestAir Sure was, with @Delta looks like I'll make my birthday celebration after all.",USER sure USER look like make birthday celebration,0,Positive,0.9741704439511523,0.0018053079256787896,0.022218983620405197,0.975975751876831
569229104286986240,2015-02-21 20:16:08+00:00,2015-02-21,20,Saturday,Delta,@JetBlue yesterday's deal?,USER yesterday deal,0,Neutral,0.0248105525970459,0.011810068041086197,0.9515693187713623,0.036620620638132095
569230515833856000,2015-02-21 20:21:45+00:00,2015-02-21,20,Saturday,Delta,@JetBlue thanks for update http://t.co/K7uBOTMr1r,USER thanks update URL,0,Positive,0.9134203535504639,0.004474307876080275,0.07763102650642395,0.9178946614265442
569232650965102592,2015-02-21 20:30:14+00:00,2015-02-21,20,Saturday,United,@united 4 of us are stranded And flying from New Orleans to Huston tonight and we will be stuck there for two days. Rather fly than wait.,USER NUMBER u stranded flying new orleans huston tonight stuck two day rather fly wait,0,Negative,-0.8057821225374937,0.8171524405479431,0.1714772880077362,0.01137031801044941
569233335915925505,2015-02-21 20:32:57+00:00,2015-02-21,20,Saturday,United,@united thank you for your reply. My frustration is that spending a upgrade just puts you on a wait list.,USER thank reply frustration spending upgrade put wait list,0,Negative,-0.5953299030661583,0.6434010863304138,0.30852773785591125,0.048071183264255524
569236645180018689,2015-02-21 20:46:06+00:00,2015-02-21,20,Saturday,Delta,@JetBlue you guys need live chat.,USER guy need live chat,0,Neutral,0.028488140553236008,0.032970305532217026,0.9055712223052979,0.06145844608545303
569238439373234176,2015-02-21 20:53:14+00:00,2015-02-21,20,Saturday,Delta,@JetBlue actually flight 1089 not 1098,USER actually flight NUMBER NUMBER,0,Neutral,-0.029602527618408203,0.07075700163841248,0.8880885243415833,0.04115447402000427
569238877178716161,2015-02-21 20:54:58+00:00,2015-02-21,20,Saturday,Virgin America,@VirginAmerica You guys charged me $100 to reschedule a flight that was then Cancelled Flighted and are now refusing to refund it. What's the deal?,USER guy charged NUMBER reschedule flight cancelled flighted refusing refund deal,0,Negative,-0.9020017562434077,0.906494140625,0.08901350200176239,0.004492384381592274
569242046621491200,2015-02-21 21:07:34+00:00,2015-02-21,21,Saturday,US Airways,@USAirways big thank you to your ticketing agent Ute V at Dulles-Washington for OUTSTANDING guest service to get me rebooked,USER big thank ticketing agent ute v outstanding guest service get rebooked,0,Positive,0.9699594846460968,0.003481937339529395,0.02307664044201374,0.9734414219856262
569242798953594880,2015-02-21 21:10:33+00:00,2015-02-21,21,Saturday,Southwest,@SouthwestAir Hi I just got a message that part of my flights is Cancelled Flightled. I can't rebook online and nobody answers my phone call. Help me,USER hi got message part flight cancelled flightled ca rebook online nobody answer phone call help,0,Negative,-0.8755853637121618,0.8808906674385071,0.11380404978990555,0.005305303726345301
569243676594941953,2015-02-21 21:14:03+00:00,2015-02-21,21,Saturday,United,@united No wonder the cabin is filthy. #badservice,USER wonder cabin filthy badservice,0,Negative,-0.9234371315687895,0.9287518858909607,0.06593329459428787,0.005314754322171211
569250469178175488,2015-02-21 21:41:02+00:00,2015-02-21,21,Saturday,Virgin America,@VirginAmerica Thanks for a great flight from LA to Boston! Pilots did a great job landing in the snow. Can we go back to LA now? #seriously,USER thanks great flight la boston pilot great job landing snow go back la seriously,0,Positive,0.9613339360803366,0.0049551669508218765,0.028755757957696915,0.9662891030311584
569251768770502656,2015-02-21 21:46:12+00:00,2015-02-21,21,Saturday,Southwest,@SouthwestAir not letting me DM. # is FSZ4YO,USER letting dm,0,Negative,-0.6493659745901823,0.6621986031532288,0.32496878504753113,0.012832628563046455
569254020457635840,2015-02-21 21:55:09+00:00,2015-02-21,21,Saturday,Southwest,@SouthwestAir not at all. Rerouted to snowy BWI been trying to figure out how to get out of here. Now dealing with more baggage troubles.,USER rerouted snowy bwi trying figure get dealing baggage trouble,0,Negative,-0.604284830391407,0.6268070340156555,0.35067078471183777,0.022522203624248505
569255493610442752,2015-02-21 22:01:00+00:00,2015-02-21,22,Saturday,Southwest,@SouthwestAir can you please DM me who I can speak with regarding my receipts and who I can email a presidential level complaint,USER please dm speak regarding receipt email presidential level complaint,0,Neutral,-0.019457131624221802,0.06342721730470657,0.8926027417182922,0.04397008568048477
569258100324048900,2015-02-21 22:11:22+00:00,2015-02-21,22,Saturday,United,@united call wait times are over 20 minutes and airport wait times are longer,USER call wait time NUMBER minute airport wait time longer,0,Negative,-0.705587986856699,0.7205271124839783,0.26453375816345215,0.014939125627279282
569258544714911746,2015-02-21 22:13:08+00:00,2015-02-21,22,Saturday,US Airways,"@USAirways thank you! It's # 1875 from BWI, keep seeing different stats, from delayed to awaiting take off to delayed...",USER thank NUMBER bwi keep seeing different stats delayed awaiting take delayed,0,Neutral,-0.022003009915351868,0.11012756824493408,0.8017477989196777,0.08812455832958221
569258934864781312,2015-02-21 22:14:41+00:00,2015-02-21,22,Saturday,US Airways,@USAirways Okee doke,USER okee doke,0,Neutral,0.1251978799700737,0.028494112193584442,0.8178139328956604,0.15369199216365814
569259575800569857,2015-02-21 22:17:13+00:00,2015-02-21,22,Saturday,United,"@united no bag tagging, led to many people backing up the aisle to front with bags",USER bag tagging led many people backing aisle front bag,0,Neutral,-0.07991433888673782,0.1494218409061432,0.7810706496238708,0.06950750201940536
569259858882662401,2015-02-21 22:18:21+00:00,2015-02-21,22,Saturday,Southwest,@SouthwestAir you Cancelled Flightled my flight to EWR. Flt 3076. U also Cancelled Flightled flights to LGA. Yet @united is flying on time to both. WTH??,USER cancelled flightled flight ewr flt NUMBER u also cancelled flightled flight lga yet USER flying time wth,0,Negative,-0.8743492183275521,0.879836916923523,0.11467539519071579,0.005487698595970869
569261068050141184,2015-02-21 22:23:09+00:00,2015-02-21,22,Saturday,Southwest,"@SouthwestAir - Hi. My flight confirmation # is fwwe7f. We are currently stuck in Norfolk, Va. Trying to get to LGA in NYC. Ant updates? Thx",USER hi flight confirmation currently stuck norfolk trying get lga nyc ant update thx,0,Neutral,-0.09438365884125233,0.120499387383461,0.853384792804718,0.02611572854220867
569262631258705920,2015-02-21 22:29:22+00:00,2015-02-21,22,Saturday,United,@united - it is possible to make a ticket change via Twitter? Traveling internationally and can't make calls... Thanks in advance!,USER possible make ticket change via twitter traveling internationally ca make call thanks advance,0,Neutral,0.1582511104643345,0.04462509974837303,0.7524986863136292,0.20287621021270752
569262680965402624,2015-02-21 22:29:34+00:00,2015-02-21,22,Saturday,United,"@United appreciate the early arrival of UA1002, but any chance ORD will ever bring the bags out?",USER appreciate early arrival chance ord ever bring bag,0,Neutral,0.3688496723771095,0.015955321490764618,0.5992396473884583,0.38480499386787415
569264118219214848,2015-02-21 22:35:16+00:00,2015-02-21,22,Saturday,Southwest,@SouthwestAir okay I understand a delay one way. But both ways? C'mon #annoyed #flights,USER okay understand delay one way way annoyed flight,0,Negative,-0.8124382784590125,0.8234702348709106,0.1654978096485138,0.011031956411898136
569266679903080448,2015-02-21 22:45:27+00:00,2015-02-21,22,Saturday,Delta,@JetBlue You guys need pillows on these rockers to really knock it out of the park ... just sayin ...,USER guy need pillow rocker really knock park sayin,0,Neutral,0.11236439645290375,0.14437730610370636,0.5988809466362,0.2567417025566101
569269761240010752,2015-02-21 22:57:42+00:00,2015-02-21,22,Saturday,Southwest,"@SouthwestAir is now recruiting for Fall 15, Spring 16 Internships. 2/23/15, 5- 6pm @JindalCMC Davidson Auditorium(1.118) #JSOM #UTDallas",USER recruiting fall NUMBER spring NUMBER internship NUMBER NUMBER NUMBER NUMBER USER davidson auditorium NUMBER jsom utdallas,0,Neutral,0.057779709342867136,0.003533808048814535,0.9351527094841003,0.06131351739168167
569271020395241472,2015-02-21 23:02:42+00:00,2015-02-21,23,Saturday,Delta,@JetBlue your website is seriously horrible and so is your call center!! Almost makes it tempting to fly someone else!! #sodone,USER website seriously horrible call center almost make tempting fly someone else sodone,0,Negative,-0.9578665075823665,0.962919294834137,0.032027896493673325,0.005052787251770496
569274600196075520,2015-02-21 23:16:55+00:00,2015-02-21,23,Saturday,Southwest,@SouthwestAir breaking my heart at BWI 9 hrs @business,USER breaking heart bwi NUMBER hr USER,0,Negative,-0.8980489880777895,0.9054283499717712,0.08719232678413391,0.007379361893981695
569275476642013186,2015-02-21 23:20:24+00:00,2015-02-21,23,Saturday,United,@united says @USAirways is the final carrier . Us air doesnt have it. I want my bag!!! Not a claim not an im sorry. I want my clothes!!,USER say USER final carrier u air doesnt want bag claim im sorry want clothes,0,Negative,-0.7857059501111507,0.8005051016807556,0.184695765376091,0.014799151569604874
569277733416513536,2015-02-21 23:29:22+00:00,2015-02-21,23,Saturday,United,"@united After an hour+ wait, my issue is resolved. I did contact customer service to comment on the wait time. Thanks for contacting me.",USER wait issue resolved contact customer service comment wait time thanks contacting,0,Positive,0.6336883045732975,0.019161071628332138,0.3279895484447479,0.6528493762016296
569278041165324290,2015-02-21 23:30:36+00:00,2015-02-21,23,Saturday,US Airways,@USAirways I did. They told me it was a 40 min wait &amp; they'd call back. It's already been 45 min. Horrible,USER told NUMBER min wait amp call back already NUMBER min horrible,0,Negative,-0.9058978976681828,0.914470374584198,0.0769570842385292,0.008572476916015148
569278644943757312,2015-02-21 23:33:00+00:00,2015-02-21,23,Saturday,Delta,@JetBlue thanks for your prompt response. I know you put safety first. Unfortunately will hit freezing rain/sleet on ride home.,USER thanks prompt response know put safety first unfortunately hit freezing ride home,0,Neutral,-0.05739004909992218,0.28908541798591614,0.4792192876338959,0.23169536888599396
569279106086522880,2015-02-21 23:34:50+00:00,2015-02-21,23,Saturday,US Airways,@USAirways will you fly me to somewhere warm? I'm tired of this snow! :(,USER fly somewhere warm tired snow,0,Negative,-0.9100455874577165,0.9192136526107788,0.07161825895309448,0.009168065153062344
569282312203997185,2015-02-21 23:47:34+00:00,2015-02-21,23,Saturday,United,@united thanks ... not sure arranged move to the earlier flight but I'm at the gate with a seat assignment. Super nice agent at gate C4 ORD,USER thanks sure arranged move earlier flight gate seat assignment super nice agent gate ord,0,Positive,0.9451487381011248,0.0046831052750349045,0.04548509046435356,0.9498318433761597
569283532167757826,2015-02-21 23:52:25+00:00,2015-02-21,23,Saturday,Delta,@JetBlue what crew? No one here is helping.,USER crew one helping,0,Negative,-0.9237732449546456,0.9284971952438354,0.06677889823913574,0.0047239502891898155
569287489883500545,2015-02-22 00:08:09+00:00,2015-02-22,0,Sunday,Delta,@JetBlue Boston gate C12,USER boston gate,0,Neutral,0.03754615597426891,0.020688211545348167,0.9210773706436157,0.05823436751961708
569288530419175424,2015-02-22 00:12:17+00:00,2015-02-22,0,Sunday,Southwest,@SouthwestAir wifi on my plane but I gotta pay for it? Help your broke homegirl out✈️📱,USER wifi plane got ta pay help broke homegirl,0,Negative,-0.6359652206301689,0.665088951587677,0.3057872951030731,0.029123730957508087
569291447377137664,2015-02-22 00:23:52+00:00,2015-02-22,0,Sunday,United,@united who do I need to contact regrading a complaint and to get a voucher funds for future travel on United?,USER need contact regrading complaint get voucher fund future travel united,0,Neutral,-0.061255717650055885,0.08491040766239166,0.8914349675178528,0.023654690012335777
569292823805042688,2015-02-22 00:29:20+00:00,2015-02-22,0,Sunday,United,@united tonight you made this Fred Flintstone happy with an upgrade to 1st class. http://t.co/gKgKZLAwpR,USER tonight made fred flintstone happy upgrade class URL,0,Positive,0.9744221330620348,0.002428495790809393,0.020720841363072395,0.9768506288528442
569294326259253248,2015-02-22 00:35:19+00:00,2015-02-22,0,Sunday,United,Reply to @united - Doesn't do any good to check outlets preflight when moved to different equipment after boarding due to malfunction.,reply USER good check outlet preflight moved different equipment boarding due malfunction,0,Negative,-0.8590106288902462,0.8646996021270752,0.12961141765117645,0.0056889732368290424
569294599614803968,2015-02-22 00:36:24+00:00,2015-02-22,0,Sunday,US Airways,@USAirways hell is terrible gate agents. And a three hour wait at the gate.,USER hell terrible gate agent three hour wait gate,0,Negative,-0.9453672096133232,0.9504658579826355,0.044435515999794006,0.005098648369312286
569296792426295297,2015-02-22 00:45:06+00:00,2015-02-22,0,Sunday,Southwest,@SouthwestAir now our pilots timed out...#getmeoutofhere,USER pilot timed getmeoutofhere,0,Negative,-0.8697000094689429,0.876133918762207,0.11743216961622238,0.006433909293264151
569297324285022209,2015-02-22 00:47:13+00:00,2015-02-22,0,Sunday,US Airways,@USAirways I'm flying with you this Summer. Will I be able to leave Miami Airport during my 12 hour stopover there?,USER flying summer able leave miami airport NUMBER hour stopover,0,Neutral,0.11880669044330716,0.005071840714663267,0.8710496425628662,0.12387853115797043
569300264349364224,2015-02-22 00:58:54+00:00,2015-02-22,0,Sunday,Delta,@JetBlue he just went above and beyond to be helpful,USER went beyond helpful,0,Positive,0.9275478590279818,0.009820116683840752,0.05281192064285278,0.9373679757118225
569302490421833729,2015-02-22 01:07:45+00:00,2015-02-22,1,Sunday,United,@united Nope! I'm on UA 174 that was supposed to leave at 6:47 but are still at the gate. Apparently we are about to pull back and de-ice.,USER nope ua NUMBER supposed leave NUMBER NUMBER still gate apparently pull back,1,Negative,-0.5684486432000995,0.5810314416885376,0.40638577938079834,0.01258279848843813
569302780013355008,2015-02-22 01:08:54+00:00,2015-02-22,1,Sunday,Southwest,@SouthwestAir @PoteetTJ had to fly @Delta MCO-&gt;CMH for $400 b/c we cldnt reach SWA to reroute SWA 3104 Cancelled Flightlation. Voucher wld help.,USER USER fly USER gt cmh NUMBER cldnt reach swa reroute swa NUMBER cancelled flightlation voucher wld help,0,Negative,-0.5680909398943186,0.585216760635376,0.3976574242115021,0.017125820741057396
569310253315174400,2015-02-22 01:38:36+00:00,2015-02-22,1,Sunday,United,"@united I have requested upgrade for EWR BOM flight, end of May. Miles + copay. When will i know if I am upgraded?",USER requested upgrade ewr bom flight end may mile copay know upgraded,0,Neutral,0.025147853419184685,0.028313828632235527,0.9182245135307312,0.05346168205142021
569310913079214080,2015-02-22 01:41:13+00:00,2015-02-22,1,Sunday,US Airways,@USAirways Looks like I'm already delayed and will miss my connecting flight in Philadelphia. Do you un-delay your flights?,USER look like already delayed miss connecting flight philadelphia flight,0,Negative,-0.8125391397625208,0.8191518187522888,0.1742354780435562,0.006612678989768028
569313126342123520,2015-02-22 01:50:01+00:00,2015-02-22,1,Sunday,US Airways,@USAirways Sitting in a cesspool of germs on the ground in #PHL for 2 hours now.,USER sitting cesspool germ ground phl NUMBER hour,0,Negative,-0.8622225746512413,0.8701578378677368,0.12190679460763931,0.007935263216495514
569313760864632832,2015-02-22 01:52:32+00:00,2015-02-22,1,Sunday,Southwest,@SouthwestAir How do I retroactively add previous flights/miles/points to current rapid rewards balance?,USER retroactively add previous current rapid reward balance,0,Neutral,0.011511936783790588,0.022920120507478714,0.9426478147506714,0.0344320572912693
569318043702177793,2015-02-22 02:09:33+00:00,2015-02-22,2,Sunday,Southwest,@SouthwestAir crazy how every airline flew out to the northeast tonight except you,USER crazy every airline flew northeast tonight except,0,Neutral,-0.28329572081565857,0.33155784010887146,0.6201800107955933,0.04826211929321289
569318432648273920,2015-02-22 02:11:06+00:00,2015-02-22,2,Sunday,United,@united trying to get a customer service agent. Just landed in SFO. Can't fly with 3 layovers with 3 kids!!,USER trying get customer service agent landed sfo ca fly NUMBER layover NUMBER kid,0,Negative,-0.7983225109055638,0.810202419757843,0.1779177337884903,0.011879908852279186
569319928815202304,2015-02-22 02:17:03+00:00,2015-02-22,2,Sunday,United,@united you're terrible.,USER terrible,0,Negative,-0.9302567215636373,0.9382234215736389,0.05380980297923088,0.00796670001000166
569320520728113152,2015-02-22 02:19:24+00:00,2015-02-22,2,Sunday,Delta,@JetBlue thanks so much. Can't wait to fly with you guys :),USER thanks much ca wait fly guy,0,Positive,0.986868611886166,0.0018842300632968545,0.009362948127090931,0.9887528419494629
569320844503228416,2015-02-22 02:20:41+00:00,2015-02-22,2,Sunday,Southwest,@SouthwestAir finally boarded. Looks like I'll make it to my final destination but my baggage won't # baggagefail #bagsflyfreebutnotwithme,USER finally boarded look like make final destination baggage wo baggagefail bagsflyfreebutnotwithme,0,Neutral,0.04624536633491516,0.2479882836341858,0.45777806639671326,0.29423364996910095
569322657822285824,2015-02-22 02:27:53+00:00,2015-02-22,2,Sunday,United,@united why do you hire POS pilots? Thanks for ruining my trip and not allowing me to see my buddy as he turns 30. #unitedsucksdick,USER hire po pilot thanks ruining trip allowing see buddy turn NUMBER unitedsucksdick,1,Negative,-0.9587444695644081,0.9630452990531921,0.03265390545129776,0.004300829488784075
569324295635247104,2015-02-22 02:34:24+00:00,2015-02-22,2,Sunday,United,@united U blow,USER u blow,0,Neutral,0.04773014783859253,0.1688111424446106,0.6146475672721863,0.21654129028320312
569324647906480128,2015-02-22 02:35:48+00:00,2015-02-22,2,Sunday,US Airways,@USAirways Your app and website are trash AF.,USER app website trash af,0,Negative,-0.9476926727220416,0.9545992612838745,0.03849411383271217,0.006906588561832905
569328931905642496,2015-02-22 02:52:49+00:00,2015-02-22,2,Sunday,US Airways,@USAirways you can send my luggage to my house👋,USER send luggage,0,Neutral,0.04300472512841225,0.023487892001867294,0.9100195169448853,0.06649261713027954
569330782537437184,2015-02-22 03:00:10+00:00,2015-02-22,3,Sunday,Delta,@JetBlue thanks for bringing my son home to me.,USER thanks bringing son home,0,Positive,0.9560833962168545,0.0023546426091343164,0.039207302033901215,0.9584380388259888
569332471193595904,2015-02-22 03:06:53+00:00,2015-02-22,3,Sunday,Southwest,@SouthwestAir no such thing as a free flight. Gonna be spending $100 on board rental bc #swa couldn't get my baggage to greenville w me.,USER thing free flight gon na spending NUMBER board rental bc swa could get baggage greenville w,0,Negative,-0.8470277898013592,0.8554307222366333,0.1361662596464157,0.008402932435274124
569336246474022912,2015-02-22 03:21:53+00:00,2015-02-22,3,Sunday,Southwest,@SouthwestAir I'm ready for #MayweatherPacquiao in Vegas May 2nd! http://t.co/8dQZlrJo9p,USER ready mayweatherpacquiao vega may URL,0,Positive,0.8280398044735193,0.0022282209247350693,0.1675037145614624,0.8302680253982544
569338341306572800,2015-02-22 03:30:13+00:00,2015-02-22,3,Sunday,United,@united yes. On a nonstop to Memphis tomorrow morning. With the snow coming in I got my fingers crossed it will go.,USER yes nonstop memphis tomorrow morning snow coming got finger crossed go,0,Positive,0.5859345234930515,0.018683668226003647,0.3766981065273285,0.6046181917190552
569338724787593216,2015-02-22 03:31:44+00:00,2015-02-22,3,Sunday,United,@united we've been seating for 5hrs inside flight UA936 at #IAD delayed. We've only been offered water &amp; cookies in business class. #failed,USER seating inside flight iad delayed offered water amp cooky business class failed,0,Negative,-0.8925142306834459,0.898329496383667,0.095855213701725,0.005815265700221062
569340402786025472,2015-02-22 03:38:24+00:00,2015-02-22,3,Sunday,US Airways,"@USAirways he waited over two hours on the phone, had to book and get to MI, family member very ill, time of the essence",USER waited two hour phone book get mi family member ill time essence,0,Negative,-0.7915554167702794,0.8019900918006897,0.18757523596286774,0.01043467503041029
569343186046332928,2015-02-22 03:49:28+00:00,2015-02-22,3,Sunday,United,@United Can you increase the legroom? : How airlines compare http://t.co/diUfep8n2q via @CNNMoney,USER increase legroom airline compare URL via USER,0,Neutral,0.03910330589860678,0.012267240323126316,0.9363622069358826,0.05137054622173309
569344334761316354,2015-02-22 03:54:01+00:00,2015-02-22,3,Sunday,Delta,@JetBlue you are doing a horrible job at JFK...you need to rethink how you put these routes together. Unprofessional,USER horrible job jfk need rethink put route together unprofessional,0,Negative,-0.9475930505432189,0.9522092938423157,0.04317445307970047,0.004616243299096823
569345132866220032,2015-02-22 03:57:12+00:00,2015-02-22,3,Sunday,US Airways,"@USAirways help! Flight Cancelled Flighted, can't call because my phone doesn't work in Europe. Please help? Says I'm booked want to confirm.",USER help flight cancelled flighted ca call phone work europe please help say booked want confirm,0,Negative,-0.8018166581168771,0.8130462765693665,0.1757241189479828,0.011229618452489376
569348775631675392,2015-02-22 04:11:40+00:00,2015-02-22,4,Sunday,Virgin America,@VirginAmerica shame on VA for making people spend money in stranded cities when other airlines are landing at JFK! Who will reimburse me?,USER shame va making people spend money stranded city airline landing jfk reimburse,0,Negative,-0.9319231202825904,0.9366773366928101,0.05856847018003464,0.004754216410219669
569350289729458177,2015-02-22 04:17:41+00:00,2015-02-22,4,Sunday,US Airways,@USAirways pullin some sh** delaying flights again... Smh @OBJ_3 http://t.co/Av2rfFHMcV,USER pullin sh delaying flight smh USER URL,0,Negative,-0.927769472124055,0.9315431118011475,0.06468328833580017,0.003773639677092433
569351220097216512,2015-02-22 04:21:23+00:00,2015-02-22,4,Sunday,Virgin America,@VirginAmerica - too many apologies! You r the worse airlines! Don't even respond to your cudtomers,USER many apology r worse airline even respond cudtomers,0,Negative,-0.9448452359065413,0.9507266283035278,0.04339190572500229,0.0058813923969864845
569357079716229121,2015-02-22 04:44:40+00:00,2015-02-22,4,Sunday,US Airways,@USAirways I have been I hold for 40 min. My 5:50 flight just got Cancelled Flightled and rescheduled for Monday. This is unacceptable!,USER hold NUMBER min NUMBER NUMBER flight got cancelled flightled rescheduled monday unacceptable,0,Negative,-0.9257330731488764,0.9316681027412415,0.06239689141511917,0.0059350295923650265
569364328857640961,2015-02-22 05:13:28+00:00,2015-02-22,5,Sunday,Southwest,@SouthwestAir now on hold for 2.5 hours waiting to speak to someone about my Cancelled Flightled flight from Philly to ORL,USER hold NUMBER hour waiting speak someone cancelled flightled flight philly orl,0,Negative,-0.7736189030110836,0.7816856503486633,0.21024762094020844,0.008066747337579727
569368286128771072,2015-02-22 05:29:12+00:00,2015-02-22,5,Sunday,United,"@United - routing a person from Houston to Newark, NJ and then to SFO is not acceptable.",USER routing person houston newark nj sfo acceptable,0,Negative,-0.8241663766093552,0.8310989141464233,0.16196851432323456,0.006932537537068129
569372333267394560,2015-02-22 05:45:17+00:00,2015-02-22,5,Sunday,Southwest,@SouthwestAir flight Cancelled Flightled out of BWI to PBI. Can't get out until Monday. What are the chances the seats open up for a flight on 2/22?,USER flight cancelled flightled bwi pbi ca get monday chance seat open flight NUMBER NUMBER,0,Negative,-0.6782486387528479,0.6858334541320801,0.3065817058086395,0.007584815379232168
569377149045444608,2015-02-22 06:04:25+00:00,2015-02-22,6,Sunday,US Airways,@USAirways thank you for leaving my 74 y/o grandma stranded because connecting flt could not wait 10 minutes. I will never fly you again,USER thank leaving NUMBER grandma stranded connecting flt could wait NUMBER minute never fly,0,Negative,-0.9526023748330772,0.9569807648658752,0.038640882819890976,0.004378390032798052
569377633894445056,2015-02-22 06:06:21+00:00,2015-02-22,6,Sunday,US Airways,@USAirways Charlotte Staff needs prayer....disappointed in response to mishaps ......lotttttttt of pissed off people here!!!!,USER charlotte staff need prayer disappointed response mishap lotttttttt pissed people,0,Negative,-0.9392216657288373,0.9440803527832031,0.051060888916254044,0.004858687054365873
569379367077355520,2015-02-22 06:13:14+00:00,2015-02-22,6,Sunday,United,@united Missing flight attendant = Delayed Flight. Prime example how 1 person impacts 100's of people. HNL -&gt; IAH (UA252) #wastedtime,USER missing flight attendant delayed flight prime example NUMBER person impact NUMBER people hnl gt iah wastedtime,0,Negative,-0.869303363841027,0.8759909868240356,0.11732134222984314,0.006687622983008623
569379726562869248,2015-02-22 06:14:40+00:00,2015-02-22,6,Sunday,United,@united somehow I knew that you'd wait until I was airborne to respond. #hacks #jokers #neveragain.,USER somehow knew wait airborne respond hack joker neveragain,0,Negative,-0.8984097531065345,0.9065492749214172,0.08531119674444199,0.008139521814882755
569383892542738432,2015-02-22 06:31:13+00:00,2015-02-22,6,Sunday,United,@united Just sent a DM. Thank you for the acknowledgment.,USER sent dm thank acknowledgment,0,Positive,0.784870583564043,0.00783870741724968,0.19945207238197327,0.7927092909812927
569386397683073024,2015-02-22 06:41:10+00:00,2015-02-22,6,Sunday,US Airways,@USAirways Are you guys awake? Need help with delayed flight to get protected on Late Flightr flight from PHL.,USER guy awake need help delayed flight get protected late flightr flight phl,0,Neutral,-0.1464117094874382,0.188129261136055,0.7701532244682312,0.04171755164861679
569395278731747329,2015-02-22 07:16:27+00:00,2015-02-22,7,Sunday,US Airways,@USAirways Seriously. You can't tweet and let people know that you've got customers that have been on hold for 5 HOURS??!!,USER seriously ca tweet let people know got customer hold NUMBER hour,0,Negative,-0.9041446098126471,0.9096068143844604,0.08493094891309738,0.005462204571813345
569395649310883840,2015-02-22 07:17:56+00:00,2015-02-22,7,Sunday,United,@united why don't you allow families with small children to board first anymore? Our next flight will be on another airline...,USER allow family small child board first anymore next flight another airline,0,Negative,-0.8135004206560552,0.8204843401908875,0.17253181338310242,0.006983919534832239
569406451980091392,2015-02-22 08:00:51+00:00,2015-02-22,8,Sunday,US Airways,@USAirways I think it's ok.,USER think ok,0,Positive,0.6185131035745144,0.01722032204270363,0.34704625606536865,0.635733425617218
569408185125052416,2015-02-22 08:07:45+00:00,2015-02-22,8,Sunday,Southwest,@SouthwestAir want to pick up a customer from @SpiritAirlines sign me up 🙌😏,USER want pick customer USER sign,0,Positive,0.810417469125241,0.004018608946353197,0.18154530227184296,0.8144360780715942
569413676337274880,2015-02-22 08:29:34+00:00,2015-02-22,8,Sunday,Delta,@JetBlue just lost very loyal customers who use them 4-10 times a year.,USER lost loyal customer use NUMBER NUMBER time year,0,Negative,-0.826233689673245,0.8400307893753052,0.14617210626602173,0.013797099702060223
569414739694104576,2015-02-22 08:33:47+00:00,2015-02-22,8,Sunday,US Airways,@usairways we've been on hold for 2 hours trying to reschedule our Cancelled Flightled flight. Can anyone out there please help us?,USER hold NUMBER hour trying reschedule cancelled flightled flight anyone please help u,0,Negative,-0.7010823925957084,0.7123254537582397,0.27643150091171265,0.011243061162531376
569416670340636672,2015-02-22 08:41:28+00:00,2015-02-22,8,Sunday,US Airways,@USAirways we appreciate auto rescheduling our Cancelled Flightled flight-- but you have nothing sooner than Tuesday? can fly into alternate loc?,USER appreciate auto rescheduling cancelled flightled flight nothing sooner tuesday fly alternate loc,0,Neutral,0.055866025388240814,0.0605243518948555,0.8230852484703064,0.11639037728309631
569420073707773952,2015-02-22 08:54:59+00:00,2015-02-22,8,Sunday,Delta,@JetBlue no. Not boarding order. Someone boarded with. Service Animal which a member of my party was allergic to and because the flight was,USER boarding order someone boarded service animal member party allergic flight,0,Negative,-0.6387504618614912,0.652931272983551,0.3328878879547119,0.014180811122059822
569420890003410944,2015-02-22 08:58:14+00:00,2015-02-22,8,Sunday,United,@united absolutely disgusting the way you treat your customers. Isn't there anyone actively monitoring your Cust serve? This is unreal!!,USER absolutely disgusting way treat customer anyone actively monitoring cust serve unreal,0,Negative,-0.9396992842666805,0.9452260732650757,0.049247145652770996,0.0055267889983952045
569421367243878400,2015-02-22 09:00:07+00:00,2015-02-22,9,Sunday,US Airways,"@USAirways Why is my ""first available"" flight for me now Tuesday but a flight today that is ""booked ""#flt 755 available to buy online?",USER first available flight tuesday flight today booked flt NUMBER available buy online,0,Neutral,-0.24280991591513157,0.27198851108551025,0.6988329291343689,0.029178595170378685
569429411646156800,2015-02-22 09:32:05+00:00,2015-02-22,9,Sunday,Virgin America,@VirginAmerica to begin Dallas-Austin #flights in April - 88.9 KETR http://t.co/SSUVWwkyHH,USER begin flight april NUMBER ketr URL,0,Neutral,0.03328326437622309,0.005759320221841335,0.9551981091499329,0.03904258459806442
569433059168260096,2015-02-22 09:46:35+00:00,2015-02-22,9,Sunday,United,@united you've got to be kidding me. I still haven't talked to a human and your robotweeting me?! And asking for a follow????,USER got kidding still talked human robotweeting asking follow,0,Negative,-0.9078986165113747,0.914648175239563,0.07860226184129715,0.006749558728188276
569438763115536384,2015-02-22 10:09:15+00:00,2015-02-22,10,Sunday,United,@united it's disgusting and unconscionable the treatment I've received tonight.,USER disgusting unconscionable treatment received tonight,0,Negative,-0.9470721720717847,0.9521273970603943,0.042817432433366776,0.005055224988609552
569439706339024896,2015-02-22 10:13:00+00:00,2015-02-22,10,Sunday,United,@united you hung up on me again.,USER hung,0,Negative,-0.5223411675542593,0.5404059290885925,0.4415293335914612,0.01806476153433323
569453233044885504,2015-02-22 11:06:45+00:00,2015-02-22,11,Sunday,Southwest,@SouthwestAir #flight #Cancelled Flightled...tried to get refund but on hold. Can I get it after my flight would have departed?,USER flight cancelled flightled tried get refund hold get flight would departed,0,Negative,-0.814037250354886,0.8194862604141235,0.17506477236747742,0.00544901005923748
569454437288140800,2015-02-22 11:11:32+00:00,2015-02-22,11,Sunday,United,@united This has been the WORST flight experience I've ever had. Thank you for ending my vacation on such a bad note.,USER worst flight experience ever thank ending vacation bad note,0,Negative,-0.953896221704781,0.9594970345497131,0.0349021814763546,0.005600812844932079
569454891644674049,2015-02-22 11:13:20+00:00,2015-02-22,11,Sunday,US Airways,"@USAirways @AmericanAir I was meant to fly on Sat, you just made it Tues, I can't afford to stay in a hotel for another TWO nights!",USER USER meant fly sat made tues ca afford stay hotel another two night,0,Negative,-0.7769581032916903,0.7900945544242859,0.19676896929740906,0.013136451132595539
569457108355289088,2015-02-22 11:22:09+00:00,2015-02-22,11,Sunday,US Airways,@USAirways worst experience ever!!!!,USER worst experience ever,0,Negative,-0.9375459747388959,0.9445237517356873,0.048498500138521194,0.006977776996791363
569459269394956288,2015-02-22 11:30:44+00:00,2015-02-22,11,Sunday,US Airways,"@USAirways worst experience with you. Cancelled Flightled flight, no voucher and no luggage because ""ramp was broken."" No other ramps in Charlotte??",USER worst experience cancelled flightled flight voucher luggage ramp broken ramp charlotte,0,Negative,-0.9403490116819739,0.944625198841095,0.05109865218400955,0.0042761871591210365
569480220203474944,2015-02-22 12:53:59+00:00,2015-02-22,12,Sunday,United,"@united I tried. We were hung up on, twice. After speaking with someone, then put on hold for 45 minutes. No resolution.",USER tried hung twice speaking someone put hold NUMBER minute resolution,0,Negative,-0.8889838866889477,0.8946301937103271,0.09972359985113144,0.005646307021379471
569484638219071488,2015-02-22 13:11:32+00:00,2015-02-22,13,Sunday,US Airways,@USAirways @AmericanAir is there anyone answering phones today??? Listening to same damn messages for 1:10 minutes,USER USER anyone answering phone today listening damn message NUMBER NUMBER minute,0,Negative,-0.9345965050160885,0.9406445622444153,0.05330745875835419,0.0060480572283267975
569484671672651776,2015-02-22 13:11:40+00:00,2015-02-22,13,Sunday,United,"@united A day Late Flightr, one delayed &amp; one Cancelled Flightled flight, I'm at a gate with no seat assign. Lots of standby ppl also waiting.",USER day late flightr one delayed amp one cancelled flightled flight gate seat assign lot standby ppl also waiting,0,Negative,-0.8239126810804009,0.8310129642486572,0.1618867963552475,0.007100283168256283
569484788404322304,2015-02-22 13:12:08+00:00,2015-02-22,13,Sunday,United,@united lost bag on next flight. Didn't have time to load during the 5 hour delay?Consequence from platinum to gold,USER lost bag next flight time load NUMBER hour delay consequence platinum gold,0,Negative,-0.8361891037784517,0.8428347706794739,0.15051963925361633,0.006645666901022196
569487757741051904,2015-02-22 13:23:56+00:00,2015-02-22,13,Sunday,US Airways,@USAirways This was a real life exercise in crisis management which @USAirways failed miserably. Some compensation would go a long way.,USER real life exercise crisis management USER failed miserably compensation would go long way,1,Negative,-0.9156098957173526,0.921761155128479,0.07208767533302307,0.006151259411126375
569488962324172801,2015-02-22 13:28:43+00:00,2015-02-22,13,Sunday,US Airways,@USAirways on hold with 800-428-4322. Flight from DSM to DCA was Cancelled Flighted (4473). Know when it will fly?,USER hold NUMBER NUMBER NUMBER flight dsm dca cancelled flighted NUMBER know fly,0,Negative,-0.7138486732728779,0.7199897170066833,0.2738693058490753,0.006141043733805418
569491590105980929,2015-02-22 13:39:10+00:00,2015-02-22,13,Sunday,US Airways,@USAirways Many thanks for your reply! http://t.co/6CGFv02gzb,USER many thanks reply URL,0,Positive,0.9786140948999673,0.0032458871137350798,0.01489415392279625,0.9818599820137024
569496828376322048,2015-02-22 13:59:59+00:00,2015-02-22,13,Sunday,United,"@united I would understand if weather was the issue, but bc of airline maintenance I had to sleep on an airport floor and lose an entire day",USER would understand weather issue bc airline maintenance sleep airport floor lose entire day,0,Negative,-0.8400302678346634,0.8481987118721008,0.14363284409046173,0.008168444037437439
569502909093646336,2015-02-22 14:24:09+00:00,2015-02-22,14,Sunday,United,@united I am still in the airport waiting for my flight.,USER still airport waiting flight,0,Neutral,0.0011794604361057281,0.052947450429201126,0.8929256796836853,0.054126910865306854
569504330551861248,2015-02-22 14:29:47+00:00,2015-02-22,14,Sunday,United,@united If United loses your baggage they will get it to the airport in the country your in and then it disappears!,USER united loses baggage get airport country disappears,0,Neutral,-0.45184512063860893,0.47521376609802246,0.5014176368713379,0.02336864545941353
569504946120298496,2015-02-22 14:32:14+00:00,2015-02-22,14,Sunday,Delta,What can I say other than when it comes to my #BrandLoveAffair w/ @jetblue ur my #soulandinspiration https://t.co/IGkoGyWksr #umosaicmecrazy,say come brandloveaffair USER ur soulandinspiration URL umosaicmecrazy,0,Positive,0.698129104450345,0.00978870503604412,0.28229349851608276,0.7079178094863892
569508282995486720,2015-02-22 14:45:30+00:00,2015-02-22,14,Sunday,United,@united fuck you for not caring 😢,USER fuck caring,0,Negative,-0.9369407240301371,0.9422486424446106,0.0524434857070446,0.005307918414473534
569508469088387072,2015-02-22 14:46:14+00:00,2015-02-22,14,Sunday,United,@united why don't you de-ice while the plane sits there with no one in it for 2 hours ?? Or we could just delay :/,USER plane sits one NUMBER hour could delay,0,Negative,-0.72985546477139,0.7378647923469543,0.2541258931159973,0.008009327575564384
569508595181731841,2015-02-22 14:46:44+00:00,2015-02-22,14,Sunday,Southwest,@SouthwestAir What is the best credit card to use/open to get miles with y'all?,USER best credit card get mile,0,Neutral,0.18591875582933426,0.010959438979625702,0.7921623587608337,0.19687819480895996
569512714961362944,2015-02-22 15:03:06+00:00,2015-02-22,15,Sunday,United,"@united : flight delayed by 24 hours, lost my wallet, have no money to eat or sleep yet your representatives will not help.#unitedsucks",USER flight delayed NUMBER hour lost wallet money eat sleep yet representative unitedsucks,0,Negative,-0.9494548602961004,0.953565239906311,0.04232437163591385,0.004110379610210657
569514031695962112,2015-02-22 15:08:20+00:00,2015-02-22,15,Sunday,US Airways,@USAirways no one is coming to line. On hold for 4 hours. Can u help here if I provide conf code?,USER one coming line hold NUMBER hour u help provide conf code,0,Negative,-0.8427612213417888,0.8487938046455383,0.145173579454422,0.006032583303749561
569514063019053056,2015-02-22 15:08:28+00:00,2015-02-22,15,Sunday,United,"@united, more lies... http://t.co/BEqoTLNugc",USER lie URL,0,Negative,-0.8037568423897028,0.8156349658966064,0.17248685657978058,0.011878123506903648
569514750842789888,2015-02-22 15:11:12+00:00,2015-02-22,15,Sunday,United,@united the long wait was the icing on the cake. Why don't you fix your reservation system so the confirm # doesn't get changed mid-travel,USER long wait icing cake fix reservation system confirm get changed,0,Negative,-0.8798522762954235,0.8876661062240601,0.10452008247375488,0.007813829928636551
569516566380875778,2015-02-22 15:18:25+00:00,2015-02-22,15,Sunday,United,@united I would like your baggage damage number as well! Another great thing from your 'trained' staff! Whats the number please.. Claim time,USER would like baggage damage number well another great thing staff whats number please claim time,0,Positive,0.9296116968616843,0.006405756808817387,0.05757684260606766,0.9360174536705017
569517721764786176,2015-02-22 15:23:00+00:00,2015-02-22,15,Sunday,Southwest,@SouthwestAir flying flight 3130 tonight at 7:20 from PBI- I have boarding position C-42. Is flight overbooked? Have funeral to attend!,USER flying flight NUMBER tonight NUMBER NUMBER boarding position NUMBER flight overbooked funeral attend,0,Negative,-0.5834047198295593,0.6001760959625244,0.3830525279045105,0.016771376132965088
569520477351383040,2015-02-22 15:33:57+00:00,2015-02-22,15,Sunday,Delta,@JetBlue isn't this something YOU should do?! Why should I tell your crew how to do their job?,USER something tell crew job,0,Negative,-0.842654247302562,0.8503041863441467,0.14204588532447815,0.00764993904158473
569521573268480002,2015-02-22 15:38:18+00:00,2015-02-22,15,Sunday,US Airways,@USAirways my in-laws flight Cancelled Flighted 4 tonight. U auto rebooked 4 flight on Tuesday that doesn't work. Can you help reFlight Booking Problems them?,USER flight cancelled flighted NUMBER tonight u auto rebooked NUMBER flight tuesday work help reflight booking problem,0,Negative,-0.798871723935008,0.8058195114135742,0.18723267316818237,0.00694778747856617
569524310186061824,2015-02-22 15:49:11+00:00,2015-02-22,15,Sunday,Delta,@JetBlue seriously? System down? No IT?,USER seriously system,0,Negative,-0.8682790556922555,0.8743364810943604,0.11960617452859879,0.006057425402104855
569525270907981825,2015-02-22 15:53:00+00:00,2015-02-22,15,Sunday,Delta,@JetBlue Appreciate the heads up at 10:45 that my 11am flight was delayed bc the crew is stuck in Boston #communicationFAIL #dobetterJetBlue,USER appreciate head NUMBER NUMBER flight delayed bc crew stuck boston communicationfail dobetterjetblue,0,Negative,-0.9054149650037289,0.912951648235321,0.07951167970895767,0.007536683231592178
569525641759993856,2015-02-22 15:54:28+00:00,2015-02-22,15,Sunday,Delta,@JetBlue whatever your lil #mint heart desires! http://t.co/WmX12F33ZC,USER whatever lil mint heart desire URL,0,Positive,0.5708462642505765,0.01369988452643156,0.4017539918422699,0.5845461487770081
569525690615205888,2015-02-22 15:54:40+00:00,2015-02-22,15,Sunday,US Airways,@USAirways i want an Icecream baby...,USER want icecream baby,0,Neutral,0.28549543768167496,0.06736841052770615,0.5797677040100098,0.3528638482093811
569526493023498240,2015-02-22 15:57:51+00:00,2015-02-22,15,Sunday,Delta,@JetBlue I knew there was a reason u were my favorite airline. Just read you answer on twitter in globe this morning. Great job,USER knew reason u favorite airline read answer twitter globe morning great job,0,Positive,0.9756414946168661,0.004149073734879494,0.016060343012213707,0.9797905683517456
569526559012495361,2015-02-22 15:58:07+00:00,2015-02-22,15,Sunday,Delta,@JetBlue #489. Flight #589 is departing before we even board,USER NUMBER flight NUMBER departing even board,0,Neutral,-0.16918831877410412,0.18857264518737793,0.7920430302619934,0.01938432641327381
569526800767983616,2015-02-22 15:59:05+00:00,2015-02-22,15,Sunday,United,@united you really need a better system for handling Cancelled Flightled flights http://t.co/3uBCoAsyws,USER really need better system handling cancelled flightled flight URL,0,Negative,-0.7548948107287288,0.7679377794265747,0.21901921927928925,0.013042968697845936
569527586960711681,2015-02-22 16:02:12+00:00,2015-02-22,16,Sunday,Delta,"@JetBlue then this agent demanded I remove my old luggage tag, every other airport the JB agent politely handles it",USER agent demanded remove old luggage tag every airport jb agent politely handle,0,Neutral,-0.20673678442835808,0.26908308267593384,0.6685706377029419,0.06234629824757576
569528351364292608,2015-02-22 16:05:14+00:00,2015-02-22,16,Sunday,Delta,"@JetBlue after applying my new tag, she left my bag on the ground rather than loading on the conveyer belt..I had to walk back 50 yards",USER applying new tag left bag ground rather loading conveyer belt walk back NUMBER yard,0,Negative,-0.6592760290950537,0.6715142130851746,0.3162476122379303,0.012238183990120888
569528523418775552,2015-02-22 16:05:55+00:00,2015-02-22,16,Sunday,Southwest,@SouthwestAir no I wasn't. After over an hour was too frustrated and had to hang up.,USER hour frustrated hang,0,Negative,-0.7926896791905165,0.803158700466156,0.18637223541736603,0.010469021275639534
569529412196167682,2015-02-22 16:09:27+00:00,2015-02-22,16,Sunday,US Airways,@USAirways Thanks for Cancelled Flighting my flight tomorrow and not reFlight Booking Problems me on another one. #usairwaysfail,USER thanks cancelled flighting flight tomorrow reflight booking problem another one usairwaysfail,1,Negative,-0.9141076933592558,0.9203298687934875,0.07344795763492584,0.006222175434231758
569529608862875648,2015-02-22 16:10:14+00:00,2015-02-22,16,Sunday,United,@united can you put Russell Daiber (on same ticket) as well into premium Eco? Appreciated!,USER put russell daiber ticket well premium eco appreciated,0,Positive,0.7983438128139824,0.003772044787183404,0.1941121369600296,0.8021158576011658
569530483022962688,2015-02-22 16:13:43+00:00,2015-02-22,16,Sunday,United,@united this customer service experience will be tweeted for quality assurance.,USER customer service experience tweeted quality assurance,0,Neutral,0.05060837045311928,0.054438602179288864,0.8405144214630127,0.10504697263240814
569531768321269760,2015-02-22 16:18:49+00:00,2015-02-22,16,Sunday,US Airways,@USAirways 2 hours?! And just got disconnected.,USER NUMBER hour got disconnected,0,Negative,-0.7863353695720434,0.7970550060272217,0.19222530722618103,0.01071963645517826
569533328396832768,2015-02-22 16:25:01+00:00,2015-02-22,16,Sunday,Delta,@JetBlue it's sunny and gorgeous in ny actually. What's the real reason?,USER sunny gorgeous ny actually real reason,0,Positive,0.9228558205068111,0.0054456926882267,0.06625282019376755,0.9283015131950378
569534268130660352,2015-02-22 16:28:45+00:00,2015-02-22,16,Sunday,United,@united you can't say the flight is pulled in and departs in 2 mins if boarding hasn't even started! http://t.co/2IKbP8gxWi,USER ca say flight pulled departs NUMBER min boarding even started URL,0,Negative,-0.5775696951895952,0.5917350649833679,0.394099622964859,0.014165369793772697
569538127016144896,2015-02-22 16:44:05+00:00,2015-02-22,16,Sunday,Delta,@JetBlue Flight 1533 JFK to Cartagena all at this airport bar singing the opposite of your praises! We're making a pact to never fly u again,USER flight NUMBER jfk cartagena airport bar singing opposite praise making pact never fly u,0,Negative,-0.9053385956212878,0.9144039154052734,0.07653074711561203,0.009065319783985615
569538524321419265,2015-02-22 16:45:40+00:00,2015-02-22,16,Sunday,Southwest,@SouthwestAir last week I flew from DAL to LAX. You got us in almost an hour early. Thank You.,USER last week flew dal lax got u almost hour early thank,0,Positive,0.9262053677812219,0.004102676175534725,0.06558931618928909,0.9303080439567566
569538770808266754,2015-02-22 16:46:39+00:00,2015-02-22,16,Sunday,United,@united so? Found anything or just showing off? You do realise that the morning flight that you Cancelled Flightled was more pricey than the evening?,USER found anything showing realise morning flight cancelled flightled pricey evening,0,Negative,-0.6343854377046227,0.6471272110939026,0.34013092517852783,0.012741773389279842
569541848877957120,2015-02-22 16:58:53+00:00,2015-02-22,16,Sunday,United,@united thanks for the effort. I can get the earliest. Though I will make a complaint for a refund as I am losing one business day tomorrow,USER thanks effort get earliest though make complaint refund losing one business day tomorrow,0,Positive,0.40096384286880493,0.08614444732666016,0.42674723267555237,0.4871082901954651
569543955622338560,2015-02-22 17:07:15+00:00,2015-02-22,17,Sunday,Southwest,@SouthwestAir I have never had such awful customer service and conflicting service. Outrageous.,USER never awful customer service conflicting service outrageous,0,Negative,-0.9377901302650571,0.9447851181030273,0.048219915479421616,0.006994987837970257
569544742595391489,2015-02-22 17:10:22+00:00,2015-02-22,17,Sunday,United,"@united ah, that would explain why crew didn't seem particularly distressed when we pointed it out. It was a little startling at first.",USER ah would explain crew seem particularly distressed pointed little startling first,0,Neutral,-0.2523763030767441,0.29828086495399475,0.6558145880699158,0.04590456187725067
569546412121202689,2015-02-22 17:17:00+00:00,2015-02-22,17,Sunday,United,"@united once again you guys didn't let me down, a four hour delay to Honolulu from Houston, thanks for the train wreck of issues now coming",USER guy let four hour delay honolulu houston thanks train wreck issue coming,1,Positive,0.0633578896522522,0.3133523762226105,0.30993741750717163,0.37671026587486267
569547374454050816,2015-02-22 17:20:50+00:00,2015-02-22,17,Sunday,Delta,"@JetBlue if someone had bothered to inform us that the airport closed, that would have helped.",USER someone bothered inform u airport closed would helped,0,Neutral,-0.27839482203125954,0.3304274380207062,0.6175400018692017,0.05203261598944664
569547458520469505,2015-02-22 17:21:10+00:00,2015-02-22,17,Sunday,Delta,@JetBlue no excuse though for 3 gate changes though.,USER excuse though NUMBER gate change though,0,Neutral,-0.36981975473463535,0.39025285840034485,0.5893139839172363,0.020433103665709496
569549922569224192,2015-02-22 17:30:57+00:00,2015-02-22,17,Sunday,Delta,"@JetBlue, your hold music sucks.",USER hold music suck,0,Negative,-0.9474752764217556,0.9537453651428223,0.039984576404094696,0.006270088721066713
569550230376423424,2015-02-22 17:32:11+00:00,2015-02-22,17,Sunday,Delta,@JetBlue Promo Watch Phone $33 at Amazon check http://t.co/leNaOwFyvU,USER promo watch phone NUMBER amazon check URL,0,Neutral,0.11683417437598109,0.00606567831709981,0.871034562587738,0.1228998526930809
569550676784578562,2015-02-22 17:33:57+00:00,2015-02-22,17,Sunday,United,"@united broken light, 35 mins to get bridge to gate, airplane parked wrong , bathroom not emptied last night....your airline in last 3 hrs",USER broken light NUMBER min get bridge gate airplane parked wrong bathroom emptied last night airline last NUMBER hr,0,Negative,-0.8980787666514516,0.9032260179519653,0.09162662923336029,0.005147251300513744
569554065606074368,2015-02-22 17:47:25+00:00,2015-02-22,17,Sunday,Southwest,"@SouthwestAir check the head of the plane, there has been dynamite placed onto it",USER check head plane dynamite placed onto,0,Neutral,-0.1311364620923996,0.17234960198402405,0.7864372134208679,0.04121313989162445
569554916064284672,2015-02-22 17:50:48+00:00,2015-02-22,17,Sunday,United,@united amazing hospitality and helpfulness from Anthony Lastella. Great staff 👏👏👏✈️ def flying #united again.,USER amazing hospitality helpfulness anthony lastella great staff def flying united,0,Positive,0.9810134011786431,0.0035098951775580645,0.011966818012297153,0.9845232963562012
569555199062224897,2015-02-22 17:51:55+00:00,2015-02-22,17,Sunday,Southwest,"@SouthwestAir Totally ruined my birthday weekend by Cancelled Flighting my flights for no reason and offer no points, drink, transport. #nolove #cali",USER totally ruined birthday weekend cancelled flighting flight reason offer point drink transport nolove cali,0,Negative,-0.9356446615420282,0.9414599537849426,0.052724748849868774,0.005815292242914438
569556215375613952,2015-02-22 17:55:58+00:00,2015-02-22,17,Sunday,Southwest,"@SouthwestAir As a frequent traveler, I've never been treated so coldly &amp; had an airline offer nothing when my flight was Cancelled Flightled. #nolove",USER frequent traveler never treated coldly amp airline offer nothing flight cancelled flightled nolove,0,Negative,-0.8128308728337288,0.8305933475494385,0.15164420008659363,0.017762474715709686
569556697603280897,2015-02-22 17:57:53+00:00,2015-02-22,17,Sunday,US Airways,@USAirways No thank you. @AmericanAir was responsive &amp; I found alternate travel home.,USER thank USER responsive amp found alternate travel home,0,Neutral,0.2316857874393463,0.06270208954811096,0.6429100036621094,0.2943878769874573
569564853460807680,2015-02-22 18:30:17+00:00,2015-02-22,18,Sunday,Virgin America,"@VirginAmerica got a flight (we were told) for 4:50 today..,checked my email and its for 4;50 TOMORROW. This is unacceptable.",USER got flight told NUMBER NUMBER today checked email NUMBER NUMBER tomorrow unacceptable,0,Negative,-0.8685814682394266,0.8781636357307434,0.11225420236587524,0.009582167491316795
569568357030232066,2015-02-22 18:44:13+00:00,2015-02-22,18,Sunday,Delta,@JetBlue #1691 out of JFK. no one has info &amp; no answers as to why we boarded the plane. the team is in an awkward spot &amp; everyone is cranky,USER NUMBER jfk one info amp answer boarded plane team awkward spot amp everyone cranky,0,Negative,-0.9101112955249846,0.9152185916900635,0.07967410236597061,0.005107296165078878
569568612215865344,2015-02-22 18:45:13+00:00,2015-02-22,18,Sunday,US Airways,@USAirways churn rate increasing by the second,USER churn rate increasing second,0,Negative,-0.5208101123571396,0.5410912036895752,0.4386277198791504,0.020281091332435608
569568878977794048,2015-02-22 18:46:17+00:00,2015-02-22,18,Sunday,Delta,@JetBlue also not have food available even for purchase is quite shocking since this is a 5 hour international flight.,USER also food available even purchase quite shocking since NUMBER hour international flight,0,Negative,-0.9033604641444981,0.9097208976745605,0.08391867578029633,0.006360433530062437
569571437389881344,2015-02-22 18:56:27+00:00,2015-02-22,18,Sunday,Southwest,@SouthwestAir here's a first..both pilot and first officer in galley during flight...,USER first pilot first officer galley flight,0,Neutral,0.06825483590364456,0.013925567269325256,0.9038940072059631,0.08218040317296982
569571448412438528,2015-02-22 18:56:30+00:00,2015-02-22,18,Sunday,Southwest,@SouthwestAir Way to go flying out of Denver today! Must be the only airline not Cancelled Flighting/delaying flights! #FlySWA #denverairport,USER way go flying denver today must airline cancelled flight flyswa denverairport,0,Positive,0.896728883497417,0.010153462179005146,0.08296418190002441,0.9068823456764221
569576214047760385,2015-02-22 19:15:26+00:00,2015-02-22,19,Sunday,Delta,"@JetBlue come on! Already delayed 2+ hrs on flight 1415 as we waited for the pilot to come from Boston, now you reassign him?! Endless trip.",USER come already delayed NUMBER hr flight NUMBER waited pilot come boston reassign endless trip,0,Negative,-0.9024308784864843,0.9093918800354004,0.08364709466695786,0.0069610015489161015
569579153604743171,2015-02-22 19:27:07+00:00,2015-02-22,19,Sunday,Delta,@JetBlue no baggage crew update! Your staff is incompetent with no answers after 2 hours....,USER baggage crew update staff incompetent answer NUMBER hour,0,Negative,-0.9471149872988462,0.9517467021942139,0.043621525168418884,0.004631714895367622
569579962786689024,2015-02-22 19:30:20+00:00,2015-02-22,19,Sunday,United,@United rescheduled my return flight from #Japan? Uh why? Trying to call #UnitedAirlines #customerservice - 45 min wait. #fun,USER rescheduled return flight japan uh trying call unitedairlines customerservice NUMBER min wait fun,0,Negative,-0.7519281096756458,0.7691072225570679,0.2137136161327362,0.017179112881422043
569581828258078721,2015-02-22 19:37:44+00:00,2015-02-22,19,Sunday,US Airways,@USAirways spent 1.5 hours in line trying to get on a flight home tonight only for it to be Cancelled Flightled an hour Late Flightr. Not even snowing at DCA,USER spent NUMBER hour line trying get flight home tonight cancelled flightled hour late flightr even snowing dca,0,Negative,-0.8814365100115538,0.8881309032440186,0.10517468303442001,0.00669439323246479
569584057270575105,2015-02-22 19:46:36+00:00,2015-02-22,19,Sunday,US Airways,@USAirways with this livery back in the day. http://t.co/EEqWVAMmiy,USER livery back day URL,28,Neutral,0.11322978464886546,0.007423099596053362,0.871924102306366,0.12065288424491882
569584207011434497,2015-02-22 19:47:11+00:00,2015-02-22,19,Sunday,US Airways,@USAirways why have me board a plane knowing there is a maint issue? US5235.,USER board plane knowing maint issue,0,Negative,-0.8608641331084073,0.8663830757141113,0.12809798121452332,0.005518942605704069
569584885108748290,2015-02-22 19:49:53+00:00,2015-02-22,19,Sunday,US Airways,@USAirways Flight 4210 been sitting @Bradley_Airport gate 27 for 10 min w door open since we arrived. Still no jet bridge. Can someone help?,USER flight NUMBER sitting USER gate NUMBER NUMBER min w door open since arrived still jet bridge someone help,0,Negative,-0.7100071171298623,0.7195738554000854,0.27085933089256287,0.00956673827022314
569587048811761664,2015-02-22 19:58:29+00:00,2015-02-22,19,Sunday,Delta,@JetBlue now we dont have enough money for parking in your garage this is your fault and im not paying for what should be 10mins into 3hrs,USER dont enough money parking garage fault im paying,0,Negative,-0.928422640543431,0.9334232807159424,0.06157615780830383,0.005000640172511339
569587371693355008,2015-02-22 19:59:46+00:00,2015-02-22,19,Sunday,American,@AmericanAir leaving over 20 minutes Late Flight. No warnings or communication until we were 15 minutes Late Flight. That's called shitty customer svc,USER leaving NUMBER minute late flight warning communication NUMBER minute late flight called shitty customer svc,0,Negative,-0.9127972526475787,0.918346643447876,0.07610391825437546,0.00554939080029726
569587705937600512,2015-02-22 20:01:06+00:00,2015-02-22,20,Sunday,American,"@AmericanAir my flight was Cancelled Flightled, leaving tomorrow morning. Auto rebooked for a Tuesday night flight but need to arrive Monday.",USER flight cancelled flightled leaving tomorrow morning auto rebooked tuesday night flight need arrive monday,0,Negative,-0.7514442265965044,0.7591215372085571,0.23320117592811584,0.007677310612052679
569587844693536768,2015-02-22 20:01:39+00:00,2015-02-22,20,Sunday,US Airways,@USAirways you Cancelled Flighted &amp; rescheduled my flight &amp; still getting updates &amp; can't find my current flight on my account http://t.co/8Je1h3666w,USER cancelled flighted amp rescheduled flight amp still getting update amp ca find current flight account URL,0,Negative,-0.8668622649274766,0.8719854950904846,0.12289123237133026,0.005123230163007975
569591136534319105,2015-02-22 20:14:44+00:00,2015-02-22,20,Sunday,American,@AmericanAir 3078 is overweight so you pull 2 dozen passengers off? Why not luggage? Seriously?,USER NUMBER overweight pull NUMBER dozen passenger luggage seriously,0,Negative,-0.8322567921131849,0.8394571542739868,0.1533425748348236,0.0072003621608018875
569592148338876416,2015-02-22 20:18:45+00:00,2015-02-22,20,Sunday,American,"@AmericanAir &amp; if that wasn't enough, your staff have been so rude &amp; ignored passengers,don't think that should be accepted whatever reason",USER amp enough staff rude amp ignored passenger think accepted whatever reason,0,Negative,-0.9138934020884335,0.9194790720939636,0.07493530213832855,0.005585670005530119
569592270866878464,2015-02-22 20:19:14+00:00,2015-02-22,20,Sunday,American,@AmericanAir i need someone to help me out,USER need someone help,0,Neutral,0.02856443077325821,0.06774628907442093,0.8359429240226746,0.09631071984767914
569592368518660096,2015-02-22 20:19:37+00:00,2015-02-22,20,Sunday,US Airways,"@USAirways @AmericanAir as a Gold Dividends member, why can't I get anyone on phone to handle my Cancelled Flighted American flight tonight 😡",USER USER gold dividend member ca get anyone phone handle cancelled flighted american flight tonight,1,Negative,-0.9046926419250667,0.910629391670227,0.08343381434679031,0.005936749745160341
569595745126494208,2015-02-22 20:33:02+00:00,2015-02-22,20,Sunday,US Airways,@USAirways is absolute crap this week!!,USER absolute crap week,0,Negative,-0.9321229821071029,0.9409441351890564,0.05023476108908653,0.008821153081953526
569596097540132864,2015-02-22 20:34:26+00:00,2015-02-22,20,Sunday,Virgin America,.@VirginAmerica I don't understand why you need a DM to give me an answer on if you have a damaged luggage policy.,USER understand need dm give answer damaged luggage policy,0,Negative,-0.8580387136898935,0.8629445433616638,0.1321496069431305,0.004905829671770334
569596156927303681,2015-02-22 20:34:41+00:00,2015-02-22,20,Sunday,American,"@AmericanAir 30 minutes flight from OKC and then make us wait, 30 minutes cause the gate isn't empty. #epicfail #poorplanning",USER NUMBER minute flight okc make u wait NUMBER minute cause gate empty epicfail poorplanning,0,Negative,-0.9055769513361156,0.9115980267524719,0.08238095790147781,0.006021075416356325
569596783011217408,2015-02-22 20:37:10+00:00,2015-02-22,20,Sunday,US Airways,@USAirways 2nd plane forced to get off due to mech and wait for 3rd need housing and meals in STT need help b4 we arrive at STT please,USER plane forced get due mech wait need housing meal stt need help arrive stt please,0,Negative,-0.6845001503825188,0.7016082406044006,0.2812836468219757,0.017108090221881866
569597220871282690,2015-02-22 20:38:54+00:00,2015-02-22,20,Sunday,American,@AmericanAir You didn't respond to my DM. You tweeted the same canned tweet you're telling everyone else.,USER respond dm tweeted canned tweet telling everyone else,0,Negative,-0.8537682606838644,0.8598634600639343,0.13404130935668945,0.006095199380069971
569598171082596352,2015-02-22 20:42:41+00:00,2015-02-22,20,Sunday,United,@united my last call your customer service agent called me back... As he was stuck on hold to air Canada.. Just hope he's booked me a flight,USER last call customer service agent called back stuck hold air canada hope booked flight,0,Neutral,-0.09018386900424957,0.20860622823238373,0.6729714274406433,0.11842235922813416
569598852912668672,2015-02-22 20:45:23+00:00,2015-02-22,20,Sunday,US Airways,@USAirways you should update your passbook passes with any gate changes.,USER update passbook pass gate change,0,Neutral,-0.018586058169603348,0.049226708710193634,0.9201326370239258,0.030640650540590286
569599379893575680,2015-02-22 20:47:29+00:00,2015-02-22,20,Sunday,American,"@AmericanAir @brewcrewfan8 Is this real life, AA? Like, 2015 real life? You should be emailing/calling/DMing people you've inconvenienced.",USER USER real life aa like NUMBER real life people inconvenienced,0,Negative,-0.8769076154567301,0.8821765780448914,0.11255443841218948,0.00526896258816123
569599867716132864,2015-02-22 20:49:25+00:00,2015-02-22,20,Sunday,Virgin America,Always have it together!!! You're welcome! RT @VirginAmerica: @jessicajaymes You're so welcome.,always together welcome rt USER USER welcome,2,Positive,0.9833209197968245,0.0023096520453691483,0.012059797532856464,0.9856305718421936
569600291290656768,2015-02-22 20:51:06+00:00,2015-02-22,20,Sunday,American,@AmericanAir fix the engine of flight AA3031so I don't spend all night in your airport so I can fly home tomorrow,USER fix engine flight spend night airport fly home tomorrow,0,Negative,-0.45562827587127686,0.5183426737785339,0.418942928314209,0.06271439790725708
569600599588630529,2015-02-22 20:52:20+00:00,2015-02-22,20,Sunday,American,@AmericanAir please help us get home tomorrow!!!!!,USER please help u get home tomorrow,0,Positive,0.6145494151860476,0.028996629640460014,0.3274573087692261,0.6435460448265076
569600989055086592,2015-02-22 20:53:53+00:00,2015-02-22,20,Sunday,US Airways,@USAirways AA Gate Supervisor emplid 600117 allowed flight AA67 to leave JFK to SJ on 20feb15 w/o 8 customers that made final boarding call.,USER aa gate supervisor emplid NUMBER allowed flight leave jfk sj NUMBER customer made final boarding call,0,Neutral,-0.15225402731448412,0.16680952906608582,0.8186350464820862,0.014555501751601696
569601275672829952,2015-02-22 20:55:01+00:00,2015-02-22,20,Sunday,US Airways,"@USAirways thanks to you, you have now incurred us approximately 2000 dollars in fees due to a staff members screw up. #neveragain",USER thanks incurred u approximately NUMBER dollar fee due staff member screw neveragain,0,Negative,-0.9377596410922706,0.9437987804412842,0.050162073224782944,0.006039139349013567
569603991551782913,2015-02-22 21:05:48+00:00,2015-02-22,21,Sunday,American,@AmericanAir Mad love http://t.co/4ojrSDWPkK NYC-,USER mad love URL,0,Positive,0.9145032381638885,0.006857314147055149,0.0717822015285492,0.9213605523109436
569604083507556353,2015-02-22 21:06:10+00:00,2015-02-22,21,Sunday,American,@AmericanAir is this how you let your employees treat your loyal customers? #attackingbabymomma #crazinessintherockies,USER let employee treat loyal customer attackingbabymomma crazinessintherockies,0,Negative,-0.8446985282935202,0.8520863056182861,0.14052599668502808,0.007387777324765921
569604655166009345,2015-02-22 21:08:27+00:00,2015-02-22,21,Sunday,United,@United You were doing so well until the PHL-SFO flight yesterday. Major miss. Unfriendly Premier cabin crew. Baggage cluster at SFO.,USER well flight yesterday major miss unfriendly premier cabin crew baggage cluster sfo,1,Negative,-0.8648776011541486,0.8775908946990967,0.10969585180282593,0.012713293544948101
569604805116563457,2015-02-22 21:09:02+00:00,2015-02-22,21,Sunday,United,@united there is a sector whereby it says $0 in both bags...no bag allowance at all in international flight?,USER sector whereby say NUMBER bag bag allowance international flight,0,Neutral,-0.44715568982064724,0.4653583765029907,0.5164389610290527,0.018202686682343483
569607509167595520,2015-02-22 21:19:47+00:00,2015-02-22,21,Sunday,American,"@AmericanAir The point of the pic: If your reps struggle with the merger this much, imagine how it is for the public! http://t.co/hQdB5IRuVg",USER point pic rep struggle merger much imagine public URL,0,Neutral,-0.3601221814751625,0.42720237374305725,0.5057174563407898,0.06708019226789474
569609163824713729,2015-02-22 21:26:22+00:00,2015-02-22,21,Sunday,American,@AmericanAir when is next lax JFK flight today,USER next lax jfk flight today,0,Neutral,0.028957771137356758,0.02246241085231304,0.9261173605918884,0.0514201819896698
569609396461936640,2015-02-22 21:27:17+00:00,2015-02-22,21,Sunday,American,@AmericanAir Nicest people ever flight to Chicago.Thanks David Deane &amp; Norma Sedholm for making me feel comfortable ✈️✈️✈️✈️✈️✈️✈️,USER nicest people ever flight david deane amp norma sedholm making feel comfortable,0,Positive,0.974723817082122,0.003162263659760356,0.018951712176203728,0.9778860807418823
569609621834301440,2015-02-22 21:28:11+00:00,2015-02-22,21,Sunday,US Airways,@USAirways and after six hours even the gate agent got fed up and left us all on line in front of an empty desk. Stay classy US Air.,USER six hour even gate agent got fed left u line front empty desk stay classy u air,0,Negative,-0.8583548907190561,0.8688721656799316,0.12061052024364471,0.010517274960875511
569609828831780865,2015-02-22 21:29:00+00:00,2015-02-22,21,Sunday,US Airways,@USAirways Do you have Bereavement discount on airfare as my grandfather just passed and need to attend his funeral this week.,USER bereavement discount airfare grandfather passed need attend funeral week,0,Neutral,-0.07098283246159554,0.12893231213092804,0.8131182193756104,0.057949479669332504
569610759795314688,2015-02-22 21:32:42+00:00,2015-02-22,21,Sunday,US Airways,@USAirways thanks for the worst customer service on the face of the earth. I loved the 5+ hrs on hold along w 2 Cancelled Flightled flights,USER thanks worst customer service face earth loved NUMBER hr hold along w NUMBER cancelled flightled flight,0,Negative,-0.9325254429131746,0.9421536326408386,0.04821813851594925,0.009628189727663994
569610806196768768,2015-02-22 21:32:53+00:00,2015-02-22,21,Sunday,Southwest,@SouthwestAir done,USER done,0,Neutral,0.20966535806655884,0.03989161550998688,0.7105514407157898,0.24955697357654572
569612804350717953,2015-02-22 21:40:50+00:00,2015-02-22,21,Sunday,US Airways,"@USAirways despite mechanical issues and many delays followed by a Cancelled Flightlation, still getting to Vegas thanks to great gate agents!",USER despite mechanical issue many delay followed cancelled flightlation still getting vega thanks great gate agent,0,Positive,0.879649693146348,0.017694061622023582,0.08496224135160446,0.8973437547683716
569613284455948289,2015-02-22 21:42:44+00:00,2015-02-22,21,Sunday,Southwest,@SouthwestAir I will be calling someone on Monday in customer relations. Very disappointed in how I was treated by customer service!,USER calling someone monday customer relation disappointed treated customer service,0,Negative,-0.925688099116087,0.932395339012146,0.060897402465343475,0.006707239896059036
569613601918492672,2015-02-22 21:44:00+00:00,2015-02-22,21,Sunday,American,@AmericanAir hey guys. DMed you a question about when 500-mile upgrades post after earning. Hope to use tomorrow,USER hey guy dmed question NUMBER upgrade post earning hope use tomorrow,0,Positive,0.6285800575278699,0.005223667714744806,0.3609725534915924,0.6338037252426147
569615410720432128,2015-02-22 21:51:11+00:00,2015-02-22,21,Sunday,American,"@americanair hi, you Cancelled Flightled our flight back to the US and now won't take our call. What are we supposed to do?",USER hi cancelled flightled flight back u wo take call supposed,0,Negative,-0.860229286365211,0.8648757338523865,0.13047781586647034,0.004646447487175465
569615514928074752,2015-02-22 21:51:36+00:00,2015-02-22,21,Sunday,American,@AmericanAir cannot talk to any agents keep getting hung up on crazy,USER talk agent keep getting hung crazy,0,Negative,-0.8564263163134456,0.8641090989112854,0.12820810079574585,0.007682782597839832
569616576481267712,2015-02-22 21:55:49+00:00,2015-02-22,21,Sunday,Delta,@JetBlue What confirmation number?,USER confirmation number,0,Neutral,0.01292252354323864,0.029483409598469734,0.9281105995178223,0.042405933141708374
569617259548708864,2015-02-22 21:58:32+00:00,2015-02-22,21,Sunday,Delta,"@JetBlue @amybruni No wifi on this flight so we can't tweet you our Oscar party pics at 37,000ft. #bluecarpet :-( SEA✈️BOS",USER USER wifi flight ca tweet oscar party pic NUMBER bluecarpet,0,Negative,-0.839673069305718,0.8483797311782837,0.1429136097431183,0.008706661872565746
569618371148443649,2015-02-22 22:02:57+00:00,2015-02-22,22,Sunday,American,"@AmericanAir 245. I'm about to take off but one of your reps at a different gate was rude when I asked for assistance. Thanks, though.",USER NUMBER take one rep different gate rude asked assistance thanks though,0,Negative,-0.7639360949397087,0.7802121043205261,0.20351184904575348,0.016276009380817413
569618440396398592,2015-02-22 22:03:13+00:00,2015-02-22,22,Sunday,United,@united if I miss the #Oscars I'll never fly united again,USER miss oscar never fly united,0,Negative,-0.837591758929193,0.8512482643127441,0.1350952386856079,0.01365650538355112
569618538924789760,2015-02-22 22:03:37+00:00,2015-02-22,22,Sunday,US Airways,@USAirways Everyone on Flight 669 from LAX to RDU enjoyed waiting an hour &amp; a half in baggage claim for their bags just now,USER everyone flight NUMBER lax rdu enjoyed waiting hour amp half baggage claim bag,0,Positive,0.8801336698234081,0.006951291114091873,0.10596378892660141,0.8870849609375
569618659917893632,2015-02-22 22:04:06+00:00,2015-02-22,22,Sunday,American,"@AmericanAir two hours Late Flightr and still waiting for a callback. Need to reschedule flight 1027, hopefully to the Late Flightr one tomo not Cancelled Flighted",USER two hour late flightr still waiting callback need reschedule flight NUMBER hopefully late flightr one tomo cancelled flighted,0,Negative,-0.5668489523231983,0.5934176445007324,0.3800136148929596,0.026568692177534103
569618838767181825,2015-02-22 22:04:48+00:00,2015-02-22,22,Sunday,US Airways,@USAirways Y'all need to get it together,USER need get together,2,Negative,-0.7103089038282633,0.728230357170105,0.25384822487831116,0.017921453341841698
569619569372823552,2015-02-22 22:07:43+00:00,2015-02-22,22,Sunday,Virgin America,@VirginAmerica why can't we book seats on your flights when we buy them or even during check in? Creates so much anxiety! #frustrated,USER ca book seat flight buy even check creates much anxiety frustrated,0,Negative,-0.9075437220744789,0.9136475324630737,0.0802486464381218,0.006103810388594866
569620098467569664,2015-02-22 22:09:49+00:00,2015-02-22,22,Sunday,United,@united the bag is in a state that I didn't travel to and the airports don't fly to each other. Looks like it'll never show,USER bag state travel airport fly look like never show,0,Negative,-0.832994069904089,0.8409043550491333,0.1511853039264679,0.007910285145044327
569620102389350401,2015-02-22 22:09:50+00:00,2015-02-22,22,Sunday,Virgin America,@VirginAmerica always!!! Xoxo,USER always xoxo,0,Positive,0.9659306788817048,0.002504548989236355,0.029060302302241325,0.9684352278709412
569620202045841408,2015-02-22 22:10:13+00:00,2015-02-22,22,Sunday,American,@AmericanAir @tcunningham10 please call us back to rebook. 7403607771 we can't through!!!!! We need to get to columbus!!!!,USER USER please call u back rebook NUMBER ca need get columbus,0,Negative,-0.7341027986258268,0.7598773241043091,0.2143481820821762,0.025774525478482246
569620355783925760,2015-02-22 22:10:50+00:00,2015-02-22,22,Sunday,US Airways,@USAirways made it to the Bahamas for work but my luggage didn't. I know #travel happens but is there anyway I can get more help/info?,USER made bahamas work luggage know travel happens anyway get,0,Neutral,-0.428962592035532,0.45103225111961365,0.5268981456756592,0.02206965908408165
569621744295682048,2015-02-22 22:16:21+00:00,2015-02-22,22,Sunday,Delta,"@JetBlue from San Diego with a 4 hour delay to JFK!Even you have a Amex JetBlue, even having over 50.000 travel miles, you're still nothing",USER san diego NUMBER hour delay jfk even amex jetblue even NUMBER travel mile still nothing,0,Negative,-0.8453700430691242,0.856216311454773,0.1329374611377716,0.010846268385648727
569621840844464128,2015-02-22 22:16:44+00:00,2015-02-22,22,Sunday,Delta,@JetBlue never had an airline refuse to help sit parents with tiny kids. But this guy is willing to do it. #JetBlue http://t.co/MzZfGqfHu2,USER never airline refuse help sit parent tiny kid guy willing jetblue URL,0,Positive,0.384551540017128,0.08204473555088043,0.4513589143753052,0.4665962755680084
569623415767871489,2015-02-22 22:23:00+00:00,2015-02-22,22,Sunday,US Airways,@USAirways he is 8 months old and is suffering from a rare form of cancer. Your customer service agents had no compassion and I am disgusted,USER NUMBER month old suffering rare form cancer customer service agent compassion disgusted,0,Negative,-0.9415466915816069,0.9469119906425476,0.04772267863154411,0.0053652990609407425
569623961224351744,2015-02-22 22:25:10+00:00,2015-02-22,22,Sunday,American,@AmericanAir your message was delayed I just responded,USER message delayed responded,0,Neutral,-0.4677500454708934,0.48238518834114075,0.5029796957969666,0.014635142870247364
569624009354170369,2015-02-22 22:25:21+00:00,2015-02-22,22,Sunday,US Airways,"@USAirways his name is Rett Cavan, he has a gofundme page, and is going to take his last breath tonight. This airline only cares about money",USER name rett cavan gofundme page going take last breath tonight airline care money,0,Negative,-0.8570593679323792,0.8656070232391357,0.12584537267684937,0.008547655306756496
569625053916061696,2015-02-22 22:29:30+00:00,2015-02-22,22,Sunday,US Airways,@USAirways provided the best service for me today! Thank you so much :),USER provided best service today thank much,1,Positive,0.9847456705756485,0.00399507163092494,0.007264171727001667,0.9887407422065735
569625456816709633,2015-02-22 22:31:06+00:00,2015-02-22,22,Sunday,American,"@AmericanAir that's unacceptable. They should allow me to wait on hold, or take my number and call me themselves.",USER unacceptable allow wait hold take number call,0,Negative,-0.9008659338578582,0.9058572053909302,0.08915159851312637,0.004991271533071995
569625848334000128,2015-02-22 22:32:40+00:00,2015-02-22,22,Sunday,US Airways,@USAirways on plane from BOS to CLT for 60 mins. Still at gate. Crew says system-wide computers preventing paperwork. Any info you can give?,USER plane bos clt NUMBER min still gate crew say computer preventing paperwork info give,0,Negative,-0.7782127959653735,0.7846328616142273,0.2089470475912094,0.006420065648853779
569628922431873025,2015-02-22 22:44:52+00:00,2015-02-22,22,Sunday,Delta,"@JetBlue Seriously, what is your solution? Who exactly will help my 5 year old if there's a problem with the plane? http://t.co/vPDRPLXj5a",USER seriously solution exactly help NUMBER year old problem plane URL,0,Negative,-0.8837531637400389,0.8896731734275818,0.10440687835216522,0.005920009687542915
569629819559747585,2015-02-22 22:48:26+00:00,2015-02-22,22,Sunday,United,@united why are your agents working so slowly to rebook people who are on #UA1481. We have all wasted an entire day at STT.,USER agent working slowly rebook people wasted entire day stt,0,Negative,-0.9178505893796682,0.9228749871253967,0.07210059463977814,0.005024397745728493
569630240512876546,2015-02-22 22:50:07+00:00,2015-02-22,22,Sunday,Delta,@JetBlue cool! Are there stairs at JFK? I can walk short distances but not stairs.,USER cool stair jfk walk short distance stair,0,Positive,0.7311556236818433,0.00858307909220457,0.2516782581806183,0.7397387027740479
569630885450002432,2015-02-22 22:52:40+00:00,2015-02-22,22,Sunday,American,@AmericanAir TY Can you confirm or deny if AA953 left JFK? I want to figure out if more delays are in store. Internet giving different info.,USER ty confirm deny left jfk want figure delay store internet giving different info,0,Neutral,-0.24571085162460804,0.2606482207775116,0.7244144678115845,0.014937369152903557
569631041356320768,2015-02-22 22:53:18+00:00,2015-02-22,22,Sunday,United,@united I trust you enough to put my coat in my checked bag!,USER trust enough put coat checked bag,0,Positive,0.6911138836294413,0.012787407264113426,0.28331130743026733,0.7039012908935547
569631350304731136,2015-02-22 22:54:31+00:00,2015-02-22,22,Sunday,United,@united 4 open seats in 1st class on UA 2065. Way to honor your upgrade policy for freq flyers and/or honor an employee with an upgrade.,USER NUMBER open seat class ua NUMBER way honor upgrade policy freq flyer honor employee upgrade,0,Positive,0.7641507564112544,0.009347599931061268,0.21715404093265533,0.7734983563423157
569631508379664384,2015-02-22 22:55:09+00:00,2015-02-22,22,Sunday,United,@united it was such a lovely part of this long day - attendants on UA5168 (most) /UA795 were beyond exceptional today. #GiveThoseLadiesRaise,USER lovely part long day attendant beyond exceptional today givethoseladiesraise,0,Positive,0.9847290592733771,0.003102473681792617,0.009066049009561539,0.9878315329551697
569632200913604608,2015-02-22 22:57:54+00:00,2015-02-22,22,Sunday,United,"@United​ has Cancelled Flighted 1 arrival into SHV tonight &amp; the 1st departure flight on Mon, Feb 23rd. Check with your airline for flight status.",USER cancelled flighted NUMBER arrival shv tonight amp departure flight mon feb check airline flight status,0,Neutral,-0.4059892473742366,0.4169265031814575,0.5721362233161926,0.010937255807220936
569633257689518081,2015-02-22 23:02:06+00:00,2015-02-22,23,Sunday,Delta,@Jetblue I will keep on tweeting until your CEO answers and personally apologizes to my wife and the passengers of flight 136. Just Wrong!!,USER keep tweeting ceo answer personally apologizes wife passenger flight NUMBER wrong,0,Negative,-0.9051876948215067,0.9120606780052185,0.08106629550457001,0.006872983183711767
569636003473793024,2015-02-22 23:13:01+00:00,2015-02-22,23,Sunday,American,"@AmericanAir fair enough. But they could have at least told us. Once again it's the lack of communication. Delays happen, just tell me",USER fair enough could least told u lack communication delay happen tell,0,Negative,-0.7621892224997282,0.7738322615623474,0.21452465653419495,0.01164303906261921
569636980612427776,2015-02-22 23:16:54+00:00,2015-02-22,23,Sunday,Delta,"@JetBlue I hope your customer service reps are as reliable/friendly as they usually are, so far you are not living up to your + rep/exper.",USER hope customer service rep usually far living,0,Negative,-0.7913109790533781,0.8088091015815735,0.1736927181482315,0.01749812252819538
569638419384528897,2015-02-22 23:22:37+00:00,2015-02-22,23,Sunday,United,"@united that's what you have said for years, you are losing customers!!!!!!",USER said year losing customer,1,Negative,-0.9283697917126119,0.9348592758178711,0.058651234954595566,0.00648948410525918
569640038302134273,2015-02-22 23:29:03+00:00,2015-02-22,23,Sunday,American,"As am I, @AmericanAir - but thankfully there was a @united lounge next door. Really not impressed by oneworld partnerships :(",USER thankfully USER lounge next door really impressed oneworld partnership,0,Negative,-0.7731814049184322,0.802970290184021,0.16724076867103577,0.02978888526558876
569640733466103808,2015-02-22 23:31:48+00:00,2015-02-22,23,Sunday,US Airways,@USAirways What is happening at Reagan Airport DCA? Long lines and four people working checkIn! #unhappy #DCA,USER happening reagan airport dca long line four people working checkin unhappy dca,0,Negative,-0.911486180499196,0.9190919995307922,0.07330215722322464,0.007605819031596184
569641247075213312,2015-02-22 23:33:51+00:00,2015-02-22,23,Sunday,American,@AmericanAir flight 1081 from IAD to LAX sat for more than 3hrs because ground crew couldn't drive in snow #badmgmt #AmericanAirlines,USER flight NUMBER iad lax sat ground crew could drive snow badmgmt americanairlines,0,Negative,-0.9142038454301655,0.9200407862663269,0.07412227988243103,0.005836940836161375
569641676244791296,2015-02-22 23:35:33+00:00,2015-02-22,23,Sunday,American,@AmericanAir why don't you have driver service to get employees to work in bad weather like hospitals etc #badmgmt #AmericanAirlines,USER driver service get employee work bad weather like hospital etc badmgmt americanairlines,0,Negative,-0.8892481694929302,0.8953831791877747,0.09848177433013916,0.006135009694844484
569642200595898368,2015-02-22 23:37:38+00:00,2015-02-22,23,Sunday,American,"@AmericanAir Stuck on a plane at JFK: food was not on the plane now we need to wait crew to push back the plane. Good job, AA!",USER stuck plane jfk food plane need wait crew push back plane good job aa,0,Neutral,-0.009418278932571411,0.31286242604255676,0.3836934566497803,0.30344414710998535
569642569203904512,2015-02-22 23:39:06+00:00,2015-02-22,23,Sunday,Delta,"@JetBlue yes, please get me the seats we paid for.",USER yes please get seat paid,0,Neutral,0.4341431073844433,0.04376019909977913,0.4783364236354828,0.4779033064842224
569643262459269120,2015-02-22 23:41:51+00:00,2015-02-22,23,Sunday,Virgin America,@VirginAmerica is flight 882 Cancelled Flightled and what do I do if it is?,USER flight NUMBER cancelled flightled,0,Negative,-0.5631605414673686,0.5711109042167664,0.4209387004375458,0.007950362749397755
569644634386911232,2015-02-22 23:47:18+00:00,2015-02-22,23,Sunday,Delta,@JetBlue WELL...my paid tickets have NO assigned seats at all. So essentially I won't be on this flight unless I pay more.,USER well paid ticket assigned seat essentially wo flight unless pay,0,Negative,-0.878054856788367,0.8850907683372498,0.1078733578324318,0.007035911548882723
569645505950695424,2015-02-22 23:50:46+00:00,2015-02-22,23,Sunday,Delta,@JetBlue thanks for the update. 'Preciate it. Hope it gets here. Been delayed 2 days getting back,USER thanks update hope get delayed NUMBER day getting back,0,Positive,0.8784953085705638,0.01078739482909441,0.09992992877960205,0.8892827033996582
569646005315973120,2015-02-22 23:52:45+00:00,2015-02-22,23,Sunday,United,"@united Good evening, UA. Can you assist with an issue via DM?",USER good evening ua assist issue via dm,0,Neutral,0.1611435618251562,0.025150040164589882,0.7885563969612122,0.1862936019897461
569646347705561088,2015-02-22 23:54:07+00:00,2015-02-22,23,Sunday,American,@AmericanAir @dfwairport listening to all the flights taking off over my house and kicking myself for Flight Booking Problems an AM flight tomorrow. Iceday?,USER USER listening flight taking house kicking flight booking problem flight tomorrow iceday,0,Negative,-0.7986852806061506,0.8151574730873108,0.16837027668952942,0.016472192481160164
569647146712113152,2015-02-22 23:57:17+00:00,2015-02-22,23,Sunday,American,@AmericanAir Now your site is not working! WTF,USER site working wtf,0,Negative,-0.9204137702472508,0.9262793660163879,0.06785506010055542,0.005865595769137144
569649277888106496,2015-02-23 00:05:46+00:00,2015-02-23,0,Monday,Southwest,@SouthwestAir got it. Next time I will know about paying extra to make the A Line.,USER got next time know paying extra make line,0,Neutral,-0.09724652022123337,0.2001393437385559,0.6969678401947021,0.10289282351732254
569651085348110336,2015-02-23 00:12:57+00:00,2015-02-23,0,Monday,US Airways,@USAirways it's flt 4827 to ELM - still no gate and still have to make it thru customs,USER flt NUMBER elm still gate still make thru custom,0,Neutral,-0.3586560692638159,0.37505054473876953,0.608555018901825,0.01639447547495365
569652497947734017,2015-02-23 00:18:33+00:00,2015-02-23,0,Monday,Virgin America,@VirginAmerica completely awesome experience last month BOS-LAS nonstop. Thanks for such an awesome flight and depart time. #VAbeatsJblue,USER completely awesome experience last month nonstop thanks awesome flight depart time vabeatsjblue,0,Positive,0.9853509578388184,0.0031794991809874773,0.008290115743875504,0.9885304570198059
569652510950100992,2015-02-23 00:18:36+00:00,2015-02-23,0,Monday,American,"@AmericanAir Kid upset, my staff upset (one accused of stealing fruit!!!!!) mistreatment due to airline policy of an Austic child.",USER kid upset staff upset one accused stealing fruit mistreatment due airline policy austic child,0,Negative,-0.8981204396113753,0.9034121036529541,0.09129618108272552,0.00529166404157877
569653219229630464,2015-02-23 00:21:25+00:00,2015-02-23,0,Monday,US Airways,"@USAirways - why can't the gate agent on flight #759 provide an update? Seriously, this is ridiculous how long people have been waiting",USER ca gate agent flight NUMBER provide update seriously ridiculous long people waiting,0,Negative,-0.9140486088581383,0.92020183801651,0.07364491373300552,0.006153229158371687
569654393898864640,2015-02-23 00:26:05+00:00,2015-02-23,0,Monday,American,@AmericanAir It just hangs up and your agents on the ground are useless. How don't I have a seat on a first class ticket booked weeks ago?,USER hang agent ground useless seat first class ticket booked week ago,0,Negative,-0.9251792863942683,0.929846465587616,0.06548640131950378,0.0046671791933476925
569654946179579904,2015-02-23 00:28:17+00:00,2015-02-23,0,Monday,United,@united UA1565 IAH -&gt; SJO is delayed by like 1.5 hours. Crazy!,USER iah gt sjo delayed like NUMBER hour crazy,0,Negative,-0.8073968840762973,0.8229485154151917,0.16149990260601044,0.015551631338894367
569655113477988352,2015-02-23 00:28:57+00:00,2015-02-23,0,Monday,American,@AmericanAir - Can you please give me a travel agent support phone number? I cant find it on your website. Thanks.,USER please give travel agent support phone number cant find website thanks,0,Neutral,-0.1251227855682373,0.181650310754776,0.7618222236633301,0.056527525186538696
569655302871580673,2015-02-23 00:29:42+00:00,2015-02-23,0,Monday,US Airways,@USAirways please have your people hold flight 599 from Phoenix to San Jose. We pulling up to the gate! Scheduled to depart at 5:40,USER please people hold flight NUMBER phoenix san jose pulling gate scheduled depart NUMBER NUMBER,0,Neutral,0.1319980351254344,0.011623633094131947,0.8447547554969788,0.14362166821956635
569655339135725568,2015-02-23 00:29:51+00:00,2015-02-23,0,Monday,American,"@AmericanAir Hey, so... I think I left my wallet on you. Can I have it back, please?",USER hey think left wallet back please,0,Neutral,-0.09895903989672661,0.13963335752487183,0.8196923136711121,0.04067431762814522
569655861297049600,2015-02-23 00:31:55+00:00,2015-02-23,0,Monday,American,@AmericanAir pleaseeee find my suitcase. I want deoderant and a clean shirt for work tomorrow :(,USER pleaseeee find suitcase want deoderant clean shirt work tomorrow,0,Negative,-0.6068820618093014,0.6605597138404846,0.2857625484466553,0.05367765203118324
569656088817233921,2015-02-23 00:32:49+00:00,2015-02-23,0,Monday,US Airways,@USAirways You suck in Philadelphia. Let us off this plane! #phl,USER suck philadelphia let u plane phl,1,Negative,-0.9534825766459107,0.9595981240272522,0.03428629785776138,0.006115547381341457
569656873315487746,2015-02-23 00:35:56+00:00,2015-02-23,0,Monday,American,@AmericanAir flight 3056 DFW still has all passengers sitting on the plane waiting for luggage to be loaded,USER flight NUMBER dfw still passenger sitting plane waiting luggage loaded,0,Neutral,-0.04957894794642925,0.07879209518432617,0.8919947743415833,0.02921314723789692
569657389722550272,2015-02-23 00:38:00+00:00,2015-02-23,0,Monday,Southwest,@SouthwestAir couldn't be bothered to help with my lost my luggage. Not a single helpful employee owner to be found in BWI.,USER could bothered help lost luggage single helpful employee owner found bwi,0,Negative,-0.9267645939253271,0.932106614112854,0.06255139410495758,0.005342020187526941
569657504273027073,2015-02-23 00:38:27+00:00,2015-02-23,0,Monday,American,@AmericanAir Flight AA1691 LAX to LAS closes too early and gate agents give us hassles #PatheticCX,USER flight lax la close early gate agent give u hassle patheticcx,0,Negative,-0.9316224660724401,0.9364479184150696,0.058726634830236435,0.004825452342629433
569659162281377794,2015-02-23 00:45:02+00:00,2015-02-23,0,Monday,American,@AmericanAir pathetic to have your gate agents lie to my face when you are at fault,USER pathetic gate agent lie face fault,0,Negative,-0.9303458649665117,0.9357106685638428,0.05892457813024521,0.005364803597331047
569660029093203968,2015-02-23 00:48:29+00:00,2015-02-23,0,Monday,American,"@AmericanAir I made my flight but then still had no update emails when I landed, no info ever sent on that or second flight. Losing my biz.",USER made flight still update email landed info ever sent second flight losing biz,0,Negative,-0.8842035746201873,0.8913576006889343,0.10148834437131882,0.007154026068747044
569660166959865856,2015-02-23 00:49:02+00:00,2015-02-23,0,Monday,American,@AmericanAir Why does your iPhone app not have any sort of notifications option?,USER iphone app sort notification option,0,Negative,-0.6295478995889425,0.6403607130050659,0.34882646799087524,0.01081281341612339
569661901468270592,2015-02-23 00:55:55+00:00,2015-02-23,0,Monday,American,@AmericanAir yeah that's not helping. Having my bag shipped to the correct city the first time probably would have helped.,USER yeah helping bag shipped correct city first time probably would helped,0,Negative,-0.8033635811880231,0.8122553825378418,0.17885278165340424,0.008891801349818707
569662418898579456,2015-02-23 00:57:59+00:00,2015-02-23,0,Monday,American,@AmericanAir I’ve been on the line waiting for 40 minutes again.,USER line waiting NUMBER minute,0,Neutral,-0.2262611910700798,0.2925877869129181,0.6410856246948242,0.06632659584283829
569662513111023616,2015-02-23 00:58:21+00:00,2015-02-23,0,Monday,Delta,@JetBlue you quite possibly ruined my entire first day in South Florida bc of your disorganization. #GetItTogether,USER quite possibly ruined entire first day south florida bc disorganization getittogether,0,Negative,-0.9403589651919901,0.9462312459945679,0.04789649322628975,0.005872280802577734
569662934520999936,2015-02-23 01:00:02+00:00,2015-02-23,1,Monday,United,@united might possibly have the worst service on the planet.,USER might possibly worst service planet,1,Negative,-0.9442810378968716,0.950713574886322,0.042853958904743195,0.006432536989450455
569663325383979008,2015-02-23 01:01:35+00:00,2015-02-23,1,Monday,American,@AmericanAir it was 1265 coming and next catching 2396 home to DCA. Let's get another great leg too tonight!,USER NUMBER coming next catching NUMBER home dca let get another great leg tonight,0,Positive,0.961804733844474,0.0015069979708641768,0.03518124297261238,0.9633117318153381
569664077049384961,2015-02-23 01:04:34+00:00,2015-02-23,1,Monday,American,@AmericanAir flight 3056 still sitting at DFW waiting for baggage to be loaded,USER flight NUMBER still sitting dfw waiting baggage loaded,0,Neutral,-0.08753947913646698,0.12070756405591965,0.8461244106292725,0.03316808491945267
569665019899572226,2015-02-23 01:08:19+00:00,2015-02-23,1,Monday,Southwest,@SouthwestAir Can I get any help with Cancelled Flighting my flight reservation?,USER get help cancelled flighting flight reservation,0,Neutral,-0.3694343948736787,0.38233551383018494,0.604763388633728,0.012901118956506252
569665766628286464,2015-02-23 01:11:17+00:00,2015-02-23,1,Monday,Delta,@JetBlue flight 98 DEN to JFK already 2hrs delayed. Any idea how that might change again due to weather forecast etc?,USER flight NUMBER den jfk already delayed idea might change due weather forecast etc,0,Negative,-0.6763683301396668,0.6837711334228516,0.3088260591030121,0.007402803283184767
569666771717890048,2015-02-23 01:15:16+00:00,2015-02-23,1,Monday,United,@united strikes again! Why board anyone if there's something wrong with the plane? Common sense.,USER strike board anyone something wrong plane common sense,0,Negative,-0.8354369937442243,0.8421728014945984,0.15109135210514069,0.006735807750374079
569667082499035137,2015-02-23 01:16:31+00:00,2015-02-23,1,Monday,United,@united customer service sucks! They hang up after waiting an hour and talking for 5 minutes.,USER customer service suck hang waiting hour talking NUMBER minute,0,Negative,-0.9520167359150946,0.9570568203926086,0.037903156131505966,0.0050400844775140285
569667246026416130,2015-02-23 01:17:10+00:00,2015-02-23,1,Monday,Southwest,@SouthwestAir got mine! Just in time for the wife and my 15th anniversary!,USER got mine time wife anniversary,0,Positive,0.958362351753749,0.00150905956979841,0.03861949220299721,0.9598714113235474
569668144198848514,2015-02-23 01:20:44+00:00,2015-02-23,1,Monday,Delta,@JetBlue id appreciate that. Would also you mind contacting the pilot of my flight and request that I be allowed to announce over intercom?,USER id appreciate would also mind contacting pilot flight request allowed announce intercom,3,Neutral,0.3749305121600628,0.007717270404100418,0.6096348762512207,0.3826477825641632
569668198389436416,2015-02-23 01:20:57+00:00,2015-02-23,1,Monday,Southwest,@SouthwestAir I would love a great deal from bwi to las Memorial Day weekend aka my bday weekend 😬,USER would love great deal bwi la memorial day weekend aka bday weekend,0,Positive,0.952701608883217,0.0035948946606367826,0.04010862484574318,0.9562965035438538
569668455202484224,2015-02-23 01:21:58+00:00,2015-02-23,1,Monday,American,@AmericanAir AA919 flight attendant freaks out and leaves aircraft as passengers react to a 24h delay and cattle treatment. Surreal!,USER flight attendant freak leaf aircraft passenger react delay cattle treatment surreal,0,Negative,-0.8295840173959732,0.8406293988227844,0.14832530915737152,0.011045381426811218
569668853849919488,2015-02-23 01:23:33+00:00,2015-02-23,1,Monday,Southwest,@SouthwestAir yes please!,USER yes please,0,Positive,0.8379126889631152,0.01143502164632082,0.1392173022031784,0.849347710609436
569669629951549440,2015-02-23 01:26:38+00:00,2015-02-23,1,Monday,Southwest,@SouthwestAir flights still going to DAL?,USER flight still going dal,0,Neutral,0.008746743202209473,0.016424890607595444,0.9584035277366638,0.025171633809804916
569670155132907520,2015-02-23 01:28:43+00:00,2015-02-23,1,Monday,American,"@AmericanAir @kconti44 This looks like JFK - had a great pic of the OneWorld jets lined up on the opposite side #Air Berlin, LAN and AA.",USER USER look like jfk great pic oneworld jet lined opposite side air berlin lan aa,0,Positive,0.8096470320597291,0.010478309355676174,0.16939635574817657,0.8201253414154053
569670708818780161,2015-02-23 01:30:55+00:00,2015-02-23,1,Monday,US Airways,@USAirways do you know what flight the pilots for 1581 are coming in on? Thanks.,USER know flight pilot NUMBER coming thanks,0,Neutral,0.09046908747404814,0.013656546361744404,0.8822178244590759,0.10412563383579254
569670904852172800,2015-02-23 01:31:42+00:00,2015-02-23,1,Monday,Southwest,@SouthwestAir. 50th Anniversary on April 10th. Still. Sweethearts. Companions. Lifetime. Sons. Families. Love.,USER anniversary april still sweetheart companion lifetime son family love,0,Positive,0.9394343444146216,0.0033031157217919827,0.053959403187036514,0.9427374601364136
569670962825846785,2015-02-23 01:31:56+00:00,2015-02-23,1,Monday,Southwest,@SouthwestAir lol I already am ! I am a card member as well too lol i enjoy flying with you Guys,USER lol already card member well lol enjoy flying guy,0,Positive,0.976421526633203,0.002159365452826023,0.01925971359014511,0.978580892086029
569671200978436096,2015-02-23 01:32:52+00:00,2015-02-23,1,Monday,Southwest,@SouthwestAir staff was overall awful through multiple airports would have switched airlines if another flight was available,USER staff overall awful multiple airport would switched airline another flight available,0,Negative,-0.93333172891289,0.9388728141784668,0.05558617413043976,0.0055410852655768394
569671617674022912,2015-02-23 01:34:32+00:00,2015-02-23,1,Monday,United,"@united I need to get from Albuquerque, NM, USA, to Cebu, Philippines. I'm providing educational help for 800 kids. Can you help me?",USER need get albuquerque nm usa cebu philippine providing educational help NUMBER kid help,0,Neutral,0.1957486355677247,0.012691072188317776,0.7788691520690918,0.20843970775604248
569672202037170177,2015-02-23 01:36:51+00:00,2015-02-23,1,Monday,US Airways,"@USAirways great, thank you!",USER great thank,0,Positive,0.9768412136472762,0.004948077257722616,0.013262651860713959,0.9817892909049988
569672477967835136,2015-02-23 01:37:57+00:00,2015-02-23,1,Monday,Delta,@JetBlue Thanks. So the delay was the result of scheduling issues more than weather reLate Flightd problems?,USER thanks delay result scheduling issue weather relate flightd problem,0,Neutral,-0.13483278825879097,0.16730357706546783,0.8002256751060486,0.032470788806676865
569673431224074240,2015-02-23 01:41:44+00:00,2015-02-23,1,Monday,United,@united 3 hour 45 min delay so far..... Would love to round to 4 hours to just go to bed!,USER NUMBER hour NUMBER min delay far would love round NUMBER hour go bed,0,Negative,-0.27702881395816803,0.4545815587043762,0.36786574125289917,0.1775527447462082
569674565074481152,2015-02-23 01:46:15+00:00,2015-02-23,1,Monday,American,@AmericanAir the bags arent even loaded on the plane??? #Flight293,USER bag arent even loaded plane,0,Negative,-0.7557609733194113,0.7629742622375488,0.22981250286102295,0.00721328891813755
569674812781694976,2015-02-23 01:47:14+00:00,2015-02-23,1,Monday,American,@AmericanAir I spent $600 on my flight. Could have gone on @united for $382 but their mileage program sucks.,USER spent NUMBER flight could gone USER NUMBER mileage program suck,0,Negative,-0.9359215162694454,0.9419752359390259,0.05197106674313545,0.00605371966958046
569675498873159680,2015-02-23 01:49:57+00:00,2015-02-23,1,Monday,Delta,"@JetBlue the amount of money I spent on hotels for a WEEK bc of flight Cancelled Flightlation, another flight doesn't make up for the money lost.",USER amount money spent hotel week bc flight cancelled flightlation another flight make money lost,0,Negative,-0.891476265154779,0.8985486030578613,0.09437910467386246,0.007072337903082371
569675668524441600,2015-02-23 01:50:38+00:00,2015-02-23,1,Monday,Southwest,@SouthwestAir want go from New Orleans houston see my dad at md anderson can you help me out,USER want go new orleans houston see dad md anderson help,0,Neutral,0.12236840091645718,0.023657778277993202,0.8303161263465881,0.14602617919445038
569677591055106048,2015-02-23 01:58:16+00:00,2015-02-23,1,Monday,American,@AmericanAir is profiting in the billions and throwing crap at the people who put them there. American is a hurting brand,USER profiting billion throwing crap people put american hurting brand,0,Negative,-0.9096786878071725,0.9158309102058411,0.07801681756973267,0.006152222398668528
569678975049588737,2015-02-23 02:03:46+00:00,2015-02-23,2,Monday,United,@united please tell CLT flight 4232 needs a gate. Waiting now for 15 mins.,USER please tell clt flight NUMBER need gate waiting NUMBER min,0,Neutral,-0.18815868347883224,0.21839509904384613,0.7513684630393982,0.030236415565013885
569679254495100928,2015-02-23 02:04:53+00:00,2015-02-23,2,Monday,American,@AmericanAir Unfortunately that is not true. A robot apologizes and hangs up. So how do I get help?,USER unfortunately true robot apologizes hang get help,0,Negative,-0.8904607561416924,0.895296037197113,0.09986870735883713,0.004835281055420637
569679976053805056,2015-02-23 02:07:45+00:00,2015-02-23,2,Monday,US Airways,"@USAirways @AmericanAir major issues getting out of Boston, but your crew has been exceptional. Let's see how things roll out in Philly.",USER USER major issue getting boston crew exceptional let see thing roll philly,0,Positive,0.6423291154205799,0.03995053097605705,0.2777698040008545,0.682279646396637
569681799984492544,2015-02-23 02:14:59+00:00,2015-02-23,2,Monday,United,@united so glad I've been waiting for 1 hour and 15 minutes and Ive been transferred 3 times without resolving anything. Worst service ever.,USER glad waiting NUMBER hour NUMBER minute ive transferred NUMBER time without resolving anything worst service ever,1,Negative,-0.897326891310513,0.9127830862998962,0.07176069915294647,0.01545619498938322
569682667362344960,2015-02-23 02:18:26+00:00,2015-02-23,2,Monday,American,@AmericanAir gotta be worse than @delta w/ on time departures. I rushed back to terminal C for 8:25 flight but they haven't strtd boarding.,USER got ta worse USER time departure rushed back terminal c NUMBER NUMBER flight strtd boarding,0,Negative,-0.9193203658796847,0.924175500869751,0.0709693655371666,0.00485513499006629
569683696422244352,2015-02-23 02:22:32+00:00,2015-02-23,2,Monday,Delta,"@JetBlue okay so anything using contactless EMV should work, just your internal testing and training is currently Apple Pay specific?",USER okay anything using contactless emv work internal testing training currently apple pay specific,0,Neutral,0.2653892422094941,0.010834029875695705,0.7129427194595337,0.2762232720851898
569683780593545218,2015-02-23 02:22:52+00:00,2015-02-23,2,Monday,Southwest,@SouthwestAir why does the customer service have rather inconsistent information,USER customer service rather inconsistent information,0,Negative,-0.8344692243263125,0.8402584791183472,0.15395233035087585,0.005789254792034626
569683804857745409,2015-02-23 02:22:57+00:00,2015-02-23,2,Monday,American,@AmericanAir hats off to Admiral Lounge attendant @ YYZ Terminal 3 who gave her banana to our toddler when none avail elsewhere.,USER hat admiral lounge attendant yyz terminal NUMBER gave banana toddler none avail elsewhere,0,Positive,0.883222390897572,0.007354567758738995,0.10206843912601471,0.890576958656311
569684101197910016,2015-02-23 02:24:08+00:00,2015-02-23,2,Monday,US Airways,@USAirways I've been on hold for 90 minutes. This is terrible customer service. You messed up my reservation! http://t.co/oyLgeao7Y8,USER hold NUMBER minute terrible customer service messed reservation URL,0,Negative,-0.9545987015590072,0.9594285488128662,0.03574157878756523,0.004829847253859043
569686145275072512,2015-02-23 02:32:15+00:00,2015-02-23,2,Monday,American,@AmericanAir - where are my bags? Baggage claim C25 or C26 (flt# 959)?? I can see the plane from here? Why does it take 25 min???,USER bag baggage claim flt NUMBER see plane take NUMBER min,0,Negative,-0.6686277743428946,0.6790418028831482,0.3105441629886627,0.01041402854025364
569686478046887937,2015-02-23 02:33:35+00:00,2015-02-23,2,Monday,American,"@AmericanAir my wife's flight is Cancelled Flightled, told to call. No one answers. How do we book a flight? Help us please",USER wife flight cancelled flightled told call one answer book flight help u please,0,Negative,-0.838139746338129,0.8445009589195251,0.14913782477378845,0.006361212581396103
569687163136315392,2015-02-23 02:36:18+00:00,2015-02-23,2,Monday,American,@AmericanAir yes. He's in the next flight,USER yes next flight,0,Neutral,0.13931499980390072,0.004947105422616005,0.8507908582687378,0.14426210522651672
569692835907129345,2015-02-23 02:58:51+00:00,2015-02-23,2,Monday,US Airways,"@USAirways What is with your lost &amp; found. My wife lost her phone in Philly, &amp; followed your web instructions to call an 800#. No answer.",USER lost amp found wife lost phone philly amp followed web instruction call NUMBER answer,0,Negative,-0.7874877853319049,0.7988857626914978,0.18971623480319977,0.011397977359592915
569692982955237377,2015-02-23 02:59:26+00:00,2015-02-23,2,Monday,American,"@AmericanAir I have been trying to speak with an agent the whole day about my Cancelled Flightled flight, what I can do?",USER trying speak agent whole day cancelled flightled flight,0,Neutral,-0.28346121683716774,0.3089926242828369,0.6654760241508484,0.025531407445669174
569693808914522113,2015-02-23 03:02:43+00:00,2015-02-23,3,Monday,American,@AmericanAir my understanding is they were able and did for many other flights but chose not to for this one.,USER understanding able many flight chose one,0,Neutral,-0.21127978526055813,0.23205983638763428,0.7471601963043213,0.02078005112707615
569695412740714496,2015-02-23 03:09:05+00:00,2015-02-23,3,Monday,US Airways,"@USAirways delayed 2.5 hours @longbeachairport trying to get to @PHXSkyHarbor; give us an update, please???",USER delayed NUMBER hour USER trying get USER give u update please,0,Negative,-0.8761629955843091,0.881748616695404,0.11266575753688812,0.005585621111094952
569696039914971136,2015-02-23 03:11:35+00:00,2015-02-23,3,Monday,American,@AmericanAir Great - thank you.,USER great thank,0,Positive,0.9761212840676308,0.004875801503658295,0.014127125032246113,0.9809970855712891
569696313824161792,2015-02-23 03:12:40+00:00,2015-02-23,3,Monday,United,@united wanted to point out that not one United crew has been sympathetic. Questions unanswered. MileagePlus is starting to look like a joke,USER wanted point one united crew sympathetic question unanswered mileageplus starting look like joke,0,Negative,-0.8620392307639122,0.868483304977417,0.1250726729631424,0.006444074213504791
569696521425281024,2015-02-23 03:13:29+00:00,2015-02-23,3,Monday,US Airways,@USAirways Missed flight. Rude CSR. No flight till Tuesday. No answer on twitter. Help me out with a RT @pattonoswalt you're my only hope.,USER missed flight rude csr flight till tuesday answer twitter help rt USER hope,0,Negative,-0.9052254324778914,0.9117605090141296,0.08170431852340698,0.0065350765362381935
569697809017864193,2015-02-23 03:18:36+00:00,2015-02-23,3,Monday,American,"@AmericanAir seriously, I do not want to wait 24 hours for a flight when I have to prepare for a family funeral.",USER seriously want wait NUMBER hour flight prepare family funeral,0,Negative,-0.8800420928746462,0.8876644372940063,0.10471320897340775,0.007622344419360161
569699471954587648,2015-02-23 03:25:13+00:00,2015-02-23,3,Monday,United,@United #1758 now going in 40 min waiting for other plane to vacate gate. #findanothergate,USER NUMBER going NUMBER min waiting plane vacate gate findanothergate,0,Neutral,-0.33768460154533386,0.36495745182037354,0.6077696681022644,0.027272850275039673
569700071484338177,2015-02-23 03:27:36+00:00,2015-02-23,3,Monday,American,"@AmericanAir this is pathetic customer service. Why have bag tags, barcodes and computers if your response is, ""not yet located""?",USER pathetic customer service bag tag barcodes computer response yet located,0,Negative,-0.9284826149232686,0.9332922697067261,0.06189814209938049,0.004809654783457518
569700397884928000,2015-02-23 03:28:54+00:00,2015-02-23,3,Monday,American,@AmericanAir wow @AmericanAir still screw n stuff up,USER wow USER still screw n stuff,0,Negative,-0.9290497489273548,0.934640645980835,0.059768423438072205,0.005590897053480148
569700953164615681,2015-02-23 03:31:06+00:00,2015-02-23,3,Monday,American,@AmericanAir why are you still selling tickets when you haven't rebooked people to arrive at their destinations on time?,USER still selling ticket rebooked people arrive destination time,0,Negative,-0.7802768745459616,0.7878503203392029,0.20457617938518524,0.0075734457932412624
569702495926267905,2015-02-23 03:37:14+00:00,2015-02-23,3,Monday,US Airways,@USAirways nightmare trying to get to Costa Rica from PHL today. Stuck in Miami and no one answers at 800 number.,USER nightmare trying get costa rica phl today stuck miami one answer NUMBER number,0,Negative,-0.8873964636586607,0.8935204148292542,0.10035566985607147,0.0061239511705935
569704454376660992,2015-02-23 03:45:01+00:00,2015-02-23,3,Monday,Southwest,@SouthwestAir is not being responding to the @SpecialOlympics athletes. #notcool #Southwest,USER responding USER athlete notcool southwest,0,Negative,-0.8939643842168152,0.9008526802062988,0.09225896745920181,0.006888295989483595
569705212274995201,2015-02-23 03:48:01+00:00,2015-02-23,3,Monday,United,@united Otis in the baggage claim by Bay #8. not at all happy but not nearly as pissed.,USER otis baggage claim bay NUMBER happy nearly pissed,0,Negative,-0.8519400246441364,0.8621740937232971,0.12759187817573547,0.01023406907916069
569709552721141764,2015-02-23 04:05:16+00:00,2015-02-23,4,Monday,American,@AmericanAir - I am Platinum. I am flying USAir and they have stranded me in CLT. Not answering phones. Did not rebook me. Please help?,USER platinum flying usair stranded clt answering phone rebook please help,0,Negative,-0.8214650792069733,0.8275265097618103,0.16641198098659515,0.0060614305548369884
569714541178679296,2015-02-23 04:25:06+00:00,2015-02-23,4,Monday,United,@united I have 8 flights with you in the next two weeks :) let's make some good memories!,USER NUMBER flight next two week let make good memory,0,Positive,0.9780578494537622,0.0015937804710119963,0.018754584714770317,0.9796516299247742
569715860241129472,2015-02-23 04:30:20+00:00,2015-02-23,4,Monday,American,@AmericanAir that luggage you forgot...#mia.....he just won an oscar😄💝💝💝,USER luggage forgot mia,0,Positive,0.9301236136816442,0.004655315075069666,0.0605657584965229,0.9347789287567139
569715908664430593,2015-02-23 04:30:32+00:00,2015-02-23,4,Monday,American,@AmericanAir flights out of Dallas on Tuesday are not going to be Cancelled Flightled correct?,USER flight dallas tuesday going cancelled flightled correct,0,Neutral,-0.025660067796707153,0.05983419716358185,0.9059917330741882,0.034174129366874695
569716646165778432,2015-02-23 04:33:27+00:00,2015-02-23,4,Monday,US Airways,@USAirways attendants at the gate. Enjoyed watching the other flight to our destination take off before having a horrible attendant give us,USER attendant gate enjoyed watching flight destination take horrible attendant give u,0,Positive,0.4275359660387039,0.15307573974132538,0.26631253957748413,0.5806117057800293
569719449458094080,2015-02-23 04:44:36+00:00,2015-02-23,4,Monday,American,@AmericanAir I'm still on hold if you're wondering... 4 hours 37 minutes and counting. #ServiceFail #OnHoldForever #Suboptimal,USER still hold wondering NUMBER hour NUMBER minute counting servicefail onholdforever suboptimal,0,Negative,-0.9122061156667769,0.9190214276313782,0.07416322827339172,0.006815311964601278
569722020776116224,2015-02-23 04:54:49+00:00,2015-02-23,4,Monday,United,"@united yes I have and I was calling in regards to speaking to someone about it even further, but unfortunately i was just bounced around.",USER yes calling regard speaking someone even unfortunately bounced around,0,Negative,-0.6584675880149007,0.6735659837722778,0.31133565306663513,0.015098395757377148
569723086465069056,2015-02-23 04:59:03+00:00,2015-02-23,4,Monday,Delta,@JetBlue other jfk to Boston flights went off with some delay but not this. #epicfail,USER jfk boston flight went delay epicfail,0,Negative,-0.8617011155001819,0.868751585483551,0.12419796735048294,0.007050469983369112
569723864252424193,2015-02-23 05:02:08+00:00,2015-02-23,5,Monday,American,@AmericanAir Toby hates you lol,USER toby hate lol,0,Negative,-0.7266376651823521,0.7543879747390747,0.21786171197891235,0.02775030955672264
569723994468962304,2015-02-23 05:02:39+00:00,2015-02-23,5,Monday,United,@united it will be on a different airline.,USER different airline,1,Neutral,-0.04262368381023407,0.07076018303632736,0.9011033177375793,0.028136499226093292
569724056645140480,2015-02-23 05:02:54+00:00,2015-02-23,5,Monday,United,"@united tried a different flight IAH-MNL 4/1/15-4/17/15, 6 flights are advertised for $1038 but are not bookable (due to partner error).",USER tried different flight NUMBER NUMBER NUMBER NUMBER NUMBER NUMBER NUMBER flight advertised NUMBER bookable due partner error,0,Negative,-0.615696283057332,0.6270686388015747,0.3615589439868927,0.011372355744242668
569724119748636672,2015-02-23 05:03:09+00:00,2015-02-23,5,Monday,United,"@united love how you don't give a shit about people who tried to be loyal, but you screw them every way till Sunday. Glad I've stayed away",USER love give shit people tried loyal screw every way till sunday glad stayed away,0,Negative,-0.9155671829357743,0.9251509308815002,0.06526529788970947,0.009583747945725918
569724186173640705,2015-02-23 05:03:25+00:00,2015-02-23,5,Monday,United,@united was forced to book a flight on a different date than originally planned for a higher price $1130 felt like a bait and switch tactic,USER forced book flight different date originally planned higher price NUMBER felt like bait switch tactic,0,Negative,-0.7837417414411902,0.7923359274864197,0.19906984269618988,0.008594186045229435
569724918016839681,2015-02-23 05:06:20+00:00,2015-02-23,5,Monday,American,@AmericanAir Get a new crystal ball. Cancelled Flight flights before weather hits to rebook me on flight during? Looking like 2 nights hotel on me.,USER get new crystal ball cancelled flight flight weather hit rebook flight looking like NUMBER night hotel,0,Negative,-0.8145644539035857,0.821597158908844,0.17137008905410767,0.007032705005258322
569730123210948608,2015-02-23 05:27:01+00:00,2015-02-23,5,Monday,American,@AmericanAir I left something on my flight from ORD to SFO earlier today and believe it's on the plane back at ORD now. Please help.,USER left something flight ord sfo earlier today believe plane back ord please help,0,Neutral,-0.29159286245703697,0.3293394148349762,0.6329140067100525,0.037746552377939224
569730682949398528,2015-02-23 05:29:14+00:00,2015-02-23,5,Monday,United,@united you're my early frontrunner for best airline! #oscars2016,USER early frontrunner best airline,0,Positive,0.9676424106582999,0.004324690438807011,0.023708229884505272,0.9719671010971069
569734884396302338,2015-02-23 05:45:56+00:00,2015-02-23,5,Monday,US Airways,@USAirways #usairways lost a passenger today for not upholding their promise of excellent customer service!!!,USER usairways lost passenger today upholding promise excellent customer service,0,Negative,-0.9028353868052363,0.9126482009887695,0.07753892242908478,0.009812814183533192
569738779931623425,2015-02-23 06:01:25+00:00,2015-02-23,6,Monday,American,"@AmericanAir bag turned up, no thanks to your useless call-centre and useless website",USER bag turned thanks useless useless website,0,Negative,-0.9309914233162999,0.9381444454193115,0.05470253899693489,0.007153022103011608
569739521291452416,2015-02-23 06:04:21+00:00,2015-02-23,6,Monday,Delta,"@JetBlue Woo! Update! Flight 915 is now possibly delayed by more than 2hrs! Power of positive thinking, people.",USER woo update flight NUMBER possibly delayed power positive thinking people,0,Positive,0.6959779225289822,0.058055225759744644,0.18791170418262482,0.7540331482887268
569740152966238208,2015-02-23 06:06:52+00:00,2015-02-23,6,Monday,American,@AmericanAir I've been on hold ANOTHER hour and still nothing. My Cancelled Flighted flight was supposed to be six hours from now. #Stranded,USER hold another hour still nothing cancelled flighted flight supposed six hour stranded,0,Negative,-0.878503414336592,0.8850542306900024,0.10839493572711945,0.006550816353410482
569741306190172161,2015-02-23 06:11:27+00:00,2015-02-23,6,Monday,United,@united Ph the pat answers are BS. After I was denied boarding it sat at the gate until 9:05! Your employees totally suck.,USER ph pat answer b denied boarding sat gate NUMBER NUMBER employee totally suck,1,Negative,-0.9535180376842618,0.9580516219139099,0.0374147891998291,0.004533584229648113
569745686784315392,2015-02-23 06:28:51+00:00,2015-02-23,6,Monday,American,"@AmericanAir Worst airline. You Cancelled Flight flight, don't let me know, I wait on hold 30 mins, told to enter callback for middle of the night?!!",USER worst airline cancelled flight flight let know wait hold NUMBER min told enter callback middle night,0,Negative,-0.9423082657158375,0.9466293454170227,0.049049634486436844,0.0043210797011852264
569746288499138560,2015-02-23 06:31:15+00:00,2015-02-23,6,Monday,American,@AmericanAir - Hanging up on customers with no chance for a callback is a failure of customer service. 1:30am EST and no one can answer? 2/2,USER hanging customer chance callback failure customer service NUMBER est one answer NUMBER NUMBER,0,Negative,-0.9307414456270635,0.93549644947052,0.05974851921200752,0.004755003843456507
569747390758047745,2015-02-23 06:35:38+00:00,2015-02-23,6,Monday,US Airways,"@USAirways has to be the most lazy, inconsiderate, and unprofessional airline that I have ever traveled.",USER lazy inconsiderate unprofessional airline ever traveled,0,Negative,-0.9508849778212607,0.9567937850952148,0.037297479808330536,0.005908807273954153
569752691460706304,2015-02-23 06:56:41+00:00,2015-02-23,6,Monday,Southwest,@SouthwestAir show me some love and a companion flight~please and thank you!,USER show love companion thank,0,Positive,0.9556865997146815,0.0036787085700780153,0.03695598617196083,0.9593653082847595
569754550187352064,2015-02-23 07:04:04+00:00,2015-02-23,7,Monday,American,@AmericanAir my mom’s flight tomorrow Cancelled Flighted w/ no notice. Phone system said callback in 2 hours and it’s been 4. I need to go to bed!,USER mom flight tomorrow cancelled flighted notice phone system said callback NUMBER hour NUMBER need go bed,0,Negative,-0.9045768138021231,0.9102144241333008,0.08414792269468307,0.0056376103311777115
569758482989084674,2015-02-23 07:19:42+00:00,2015-02-23,7,Monday,US Airways,@USAirways you guys should be nice and just give your routes to jet blue and southwest. At least they treat their customers properly.,USER guy nice give route jet blue southwest least treat customer properly,0,Neutral,-0.22440305352210999,0.36700138449668884,0.4904002845287323,0.14259833097457886
569760267485122560,2015-02-23 07:26:48+00:00,2015-02-23,7,Monday,US Airways,@USAirways pls get me back to Tallahassee:( no one should ever have to be stranded in Gainesville for this long😒,USER pls get back tallahassee one ever stranded gainesville,0,Negative,-0.9183926717378199,0.924675703048706,0.06904131174087524,0.006283031310886145
569775795452792833,2015-02-23 08:28:30+00:00,2015-02-23,8,Monday,American,@AmericanAir can you use the aa credit platinum select world mastercard for Alaska flights? Or just american?,USER use aa credit platinum select world mastercard alaska flight american,0,Neutral,0.01898545864969492,0.015404789708554745,0.9502049684524536,0.034390248358249664
569811225770479616,2015-02-23 10:49:17+00:00,2015-02-23,10,Monday,American,@AmericanAir I understand you are busy but I have still gotten no answer. I need to get home and you guys have not helped at all,USER understand busy still gotten answer need get home guy helped,0,Negative,-0.8950265748426318,0.9019200801849365,0.09118649363517761,0.006893505342304707
569817051482726400,2015-02-23 11:12:26+00:00,2015-02-23,11,Monday,US Airways,"@USAirways so she has to take a Late Flightr flight booked by her corporate (Disney) travel dept, as your agent offered little help",USER take late flightr flight booked corporate disney travel dept agent offered little help,0,Negative,-0.6432839687913656,0.6536552309989929,0.3359735310077667,0.010371262207627296
569817817522044928,2015-02-23 11:15:29+00:00,2015-02-23,11,Monday,American,"@AmericanAir not only did you Cancelled Flight our flight from JFK and delay us by 29 hours, you've now lost 2 of our bags. Worst airline ever.",USER cancelled flight flight jfk delay u NUMBER hour lost NUMBER bag worst airline ever,1,Negative,-0.9474611752666533,0.951631486415863,0.04419824481010437,0.004170311149209738
569821947049218048,2015-02-23 11:31:53+00:00,2015-02-23,11,Monday,United,"@united Cancelled Flightled a flight cause the crew needed sleep.But it's totally okay to wake me up at 3am just to let me know it's Cancelled Flightled, again.",USER cancelled flightled flight cause crew needed totally okay wake let know cancelled flightled,0,Negative,-0.8813363709487021,0.8881365656852722,0.10506319999694824,0.00680019473657012
569823770308939776,2015-02-23 11:39:08+00:00,2015-02-23,11,Monday,American,"@AmericanAir i tried all day. Have been disconnected due to ""heavy call volume.""",USER tried day disconnected due heavy call volume,0,Negative,-0.8441194072365761,0.8512948751449585,0.14152958989143372,0.007175467908382416
569830069746712576,2015-02-23 12:04:10+00:00,2015-02-23,12,Monday,American,@AmericanAir thank you Mr Parker for screwing over chairman preferred when we fly AA. No #firstclass option and treated like crap by staff,USER thank mr parker screwing chairman preferred fly aa firstclass option treated like crap staff,0,Negative,-0.9367872998118401,0.9427118301391602,0.05136365443468094,0.005924530327320099
569830265364701184,2015-02-23 12:04:56+00:00,2015-02-23,12,Monday,United,@united very poor customer service. I WILL think again befor Flight Booking Problems another United flight.,USER poor customer service think befor flight booking problem another united flight,0,Negative,-0.9324387228116393,0.9379386305809021,0.056561507284641266,0.005499907769262791
569831129773027329,2015-02-23 12:08:22+00:00,2015-02-23,12,Monday,United,"@united why do I check in online if I still have to wait in line for an hour to ""check in"" at counter? #fuckinlame @naia_miaa",USER check online still wait line hour check counter fuckinlame USER,0,Negative,-0.921028018463403,0.9260026216506958,0.06902274489402771,0.004974603187292814
569831393682976768,2015-02-23 12:09:25+00:00,2015-02-23,12,Monday,American,@AmericanAir hi do you have a phone number to ring from uk regarding claim for our Late Flight flight departure claim amount agreed just had no,USER hi phone number ring uk regarding claim late flight flight departure claim amount agreed,0,Neutral,-0.21637551486492157,0.25045543909072876,0.7154646515846252,0.03407992422580719
569833680316829696,2015-02-23 12:18:31+00:00,2015-02-23,12,Monday,US Airways,@USAirways You guys are screwing up my trip. Thanks for nothing. #lazy,USER guy screwing trip thanks nothing lazy,0,Negative,-0.942896967753768,0.9490921497344971,0.044712670147418976,0.006195181980729103
569835633147056128,2015-02-23 12:26:16+00:00,2015-02-23,12,Monday,Delta,@JetBlue not an issue but I think training &amp; information would help. Great ppl but service needs to switch from individual to group better,USER issue think training amp information would help great ppl service need switch individual group better,0,Positive,0.6577251441776752,0.048597585409879684,0.2450796514749527,0.7063227295875549
569836433931808768,2015-02-23 12:29:27+00:00,2015-02-23,12,Monday,American,@AmericanAir spent hour+ trying to check after to use military ID for luggage then messed up boarding pass &amp; forced into line again.,USER spent trying check use military id luggage messed boarding pas amp forced line,0,Negative,-0.8657368365675211,0.8716859817504883,0.12236485630273819,0.005949145182967186
569838141273559040,2015-02-23 12:36:14+00:00,2015-02-23,12,Monday,American,"@AmericanAir you bet make this screw up right (for once). Things I need in bag for my job and you have ""grounded"" me today #painandsuffering",USER bet make screw right thing need bag job grounded today painandsuffering,0,Negative,-0.9209267571568489,0.9289395213127136,0.06304772198200226,0.008012764155864716
569838973490765824,2015-02-23 12:39:33+00:00,2015-02-23,12,Monday,United,@united Thanks. Got it straightend out last night.,USER thanks got straightend last night,0,Positive,0.6687086867168546,0.014752442948520184,0.3017863631248474,0.6834611296653748
569843082994315264,2015-02-23 12:55:52+00:00,2015-02-23,12,Monday,Southwest,@SouthwestAir Me on one of your planes!!! Thanks for taking me Arizona 184! http://t.co/Finq5Fh6ue,USER one plane thanks taking arizona NUMBER URL,0,Positive,0.9566931092413142,0.0017383134691044688,0.039830293506383896,0.9584314227104187
569845106888585216,2015-02-23 13:03:55+00:00,2015-02-23,13,Monday,Southwest,@SouthwestAir arrangements to reimburse me for the rental I had to get?,USER arrangement reimburse rental get,0,Neutral,-0.20265273936092854,0.2201956957578659,0.7622613906860352,0.01754295639693737
569846882291159040,2015-02-23 13:10:58+00:00,2015-02-23,13,Monday,American,@AmericanAir Not necessary. I am confident the excellent in-flight staff will make the appropriate report.,USER necessary confident excellent staff make appropriate report,0,Positive,0.6803721468895674,0.022173436358571053,0.27528098225593567,0.7025455832481384
569855477854691328,2015-02-23 13:45:07+00:00,2015-02-23,13,Monday,Delta,@JetBlue 653. Just for update that gate got moved to complete opposite end of the terminal. Airline is a disaster.,USER NUMBER update gate got moved complete opposite end terminal airline disaster,0,Negative,-0.9090013410896063,0.9164400100708008,0.07612133771181107,0.007438668981194496
569856492477657088,2015-02-23 13:49:09+00:00,2015-02-23,13,Monday,United,@United how is it that I book a flight with a reserved seat and then go to check in and find out I have no seat? WTF.,USER book flight reserved seat go check find seat wtf,0,Negative,-0.8508119718171656,0.8574466705322266,0.13591863214969635,0.006634698715060949
569859985208770562,2015-02-23 14:03:02+00:00,2015-02-23,14,Monday,United,@united as a freq flyer it makes me sad to see cust needing assistance treated so poorly. #ServiceFail,USER freq flyer make sad see cust needing assistance treated poorly servicefail,0,Negative,-0.932853733189404,0.9379866719245911,0.05688037350773811,0.005132938735187054
569860371626004480,2015-02-23 14:04:34+00:00,2015-02-23,14,Monday,United,@United I'd like to thank and recognize Terri P at Dulles for going out of her way to get me back on my Raleigh flight,USER like thank recognize terri p dulles going way get back raleigh flight,0,Positive,0.7744144760072231,0.009467188268899918,0.20665106177330017,0.783881664276123
569863765451255809,2015-02-23 14:18:03+00:00,2015-02-23,14,Monday,United,@united I have been told twice my issue has been resolved and twice it has not been. And when I write an email it bounces?! #worstservice,USER told twice issue resolved twice write email bounce worstservice,0,Negative,-0.9109352962113917,0.9171010851860046,0.07673311233520508,0.006165788974612951
569864108134301697,2015-02-23 14:19:25+00:00,2015-02-23,14,Monday,United,"@united Currently on UA862, 20 minutes of the worst turbulence I've ever experienced, and ZERO communication from the flight deck.",USER currently NUMBER minute worst turbulence ever experienced zero communication flight deck,0,Negative,-0.9439587839879096,0.9493799209594727,0.045198842883110046,0.005421136971563101
569864290578108419,2015-02-23 14:20:09+00:00,2015-02-23,14,Monday,United,"@united You can't control turbulence, but you can control customer experience, lot of scared people up here.",USER ca control turbulence control customer experience lot scared people,0,Negative,-0.6029443889856339,0.6346851587295532,0.3335741460323334,0.03174076974391937
569865540098871298,2015-02-23 14:25:07+00:00,2015-02-23,14,Monday,United,@united We were supposed to board at 605. They just brought the plane from the hanger! WTF did they not know there was a flight?1153 Lax-EWR,USER supposed board NUMBER brought plane hanger wtf know flight NUMBER,0,Negative,-0.744976207613945,0.7563884258270264,0.23219940066337585,0.01141221821308136
569866081164111873,2015-02-23 14:27:16+00:00,2015-02-23,14,Monday,US Airways,@USAirways will all flights out of DFW be Cancelled Flightled today?,USER flight dfw cancelled flightled today,0,Negative,-0.5496890028007329,0.5570307374000549,0.4356274902820587,0.007341734599322081
569868055502696449,2015-02-23 14:35:06+00:00,2015-02-23,14,Monday,United,@united Thanks for looking into this and for getting back to me via DM. Glad to hear my bag is finally being delivered to me. Thanks again!,USER thanks looking getting back via dm glad hear bag finally delivered thanks,0,Positive,0.9564174371771514,0.0045232814736664295,0.03453594073653221,0.9609407186508179
569870819582586880,2015-02-23 14:46:05+00:00,2015-02-23,14,Monday,United,@united love the new 1st class breakfast!,USER love new class breakfast,0,Positive,0.9818450901657343,0.0020690467208623886,0.014016770757734776,0.9839141368865967
569870924410970112,2015-02-23 14:46:30+00:00,2015-02-23,14,Monday,US Airways,@USAirways I will NEVER fly us airways or american again and I will share this nightmare of a story to all the many others we know who fly,USER never fly u airway american share nightmare story many others know fly,0,Negative,-0.9070350546389818,0.9153550267219543,0.07632504403591156,0.008319972082972527
569872756302422017,2015-02-23 14:53:47+00:00,2015-02-23,14,Monday,American,@AmericanAir are you anticipating weather-reLate Flightd Cancelled Flightations for afternoon departures out of AUS today?,USER anticipating flightd cancelled flightations afternoon departure au today,0,Neutral,-0.25053028203547,0.26142072677612305,0.7276888489723206,0.010890444740653038
569873065464573952,2015-02-23 14:55:01+00:00,2015-02-23,14,Monday,Delta,@JetBlue I wish you all the best of luck :-) I'm enjoying the luxurious free!! amount of leg space rn. Thanks,USER wish best luck enjoying luxurious free amount leg space rn thanks,0,Positive,0.9841494096908718,0.002424822887405753,0.011000941507518291,0.9865742325782776
569873968175259650,2015-02-23 14:58:36+00:00,2015-02-23,14,Monday,US Airways,@USAirways already spent 60 mins today handling this for my minor child. Shame on you for treating a 15 year old girl like this.,USER already spent NUMBER min today handling minor child shame treating NUMBER year old girl like,0,Negative,-0.9450169634073973,0.949205756187439,0.046605437994003296,0.004188792780041695
569875024045314048,2015-02-23 15:02:48+00:00,2015-02-23,15,Monday,American,@AmericanAir BRING MY FIANCÉ @meerikangas BACK TO ME!,USER bring fiancé USER back,1,Positive,0.6559269838035107,0.020471174269914627,0.3031306564807892,0.6763981580734253
569875203473297408,2015-02-23 15:03:30+00:00,2015-02-23,15,Monday,United,"@united UA1130 Flight was a nightmare!! From poor customer service,having my confirmed seat given away.... +more issues",USER flight nightmare poor customer service confirmed seat given away issue,0,Negative,-0.9386649490334094,0.9435950517654419,0.05147486552596092,0.0049301027320325375
569875456415170560,2015-02-23 15:04:31+00:00,2015-02-23,15,Monday,United,@united Hi! what is the phone number for reservations in Venezuela? Thanks,USER hi phone number reservation venezuela thanks,0,Neutral,0.11387449875473976,0.017587225884199142,0.8509509563446045,0.1314617246389389
569875532600385536,2015-02-23 15:04:49+00:00,2015-02-23,15,Monday,Southwest,@SouthwestAir bag in possession but no clothes in bag??,USER bag possession clothes bag,0,Neutral,-0.18804128281772137,0.20385083556175232,0.7803395986557007,0.015809552744030952
569877449389051906,2015-02-23 15:12:26+00:00,2015-02-23,15,Monday,United,@united at the gate! IAD to RDU,USER gate iad rdu,0,Neutral,0.11661691032350063,0.011215860024094582,0.8609513640403748,0.12783277034759521
569877540698894336,2015-02-23 15:12:48+00:00,2015-02-23,15,Monday,American,@AmericanAir the one at 11:30am? My app still shows it as on time!,USER one NUMBER app still show time,0,Neutral,0.33670450327917933,0.005653936881572008,0.651987612247467,0.34235844016075134
569877658286186496,2015-02-23 15:13:16+00:00,2015-02-23,15,Monday,Southwest,@SouthwestAir didn't realize no clothes until at hotel - suggestions?,USER realize clothes hotel suggestion,0,Neutral,-0.38152617774903774,0.3976987302303314,0.5861286520957947,0.01617255248129368
569878537999503360,2015-02-23 15:16:45+00:00,2015-02-23,15,Monday,American,@AmericanAir at gate c11. Your gate agents are turning paying customers away in favor of non revs,USER gate gate agent turning paying customer away favor non rev,0,Negative,-0.874588156118989,0.8807145357131958,0.11315912753343582,0.00612637959420681
569878584967344128,2015-02-23 15:16:57+00:00,2015-02-23,15,Monday,American,"@AmericanAir Supervisor M.Robinson just served a lot of attitude, Cancelled Flighted my flight out of spite, then put me back on on #crazybitch",USER supervisor served lot attitude cancelled flighted flight spite put back crazybitch,0,Negative,-0.9267150890082121,0.932208240032196,0.06229863688349724,0.005493151023983955
569879100971753472,2015-02-23 15:19:00+00:00,2015-02-23,15,Monday,US Airways,"@USAirways @AmericanAir me after arriving at 8:41am for a flight scheduled to depart at 8:57am. doors closed, no agents",USER USER arriving NUMBER flight scheduled depart NUMBER door closed agent,0,Neutral,-0.4689473621547222,0.4806446135044098,0.5076581239700317,0.011697251349687576
569879623317659648,2015-02-23 15:21:04+00:00,2015-02-23,15,Monday,United,@united passengers should have been rerouted to match the intended arrival time (even if you have to incur cost to put us in other airlines),USER passenger rerouted match intended arrival time even incur cost put u airline,0,Neutral,-0.3032213971018791,0.33082714676856995,0.6415671110153198,0.027605749666690826
569880207911460864,2015-02-23 15:23:24+00:00,2015-02-23,15,Monday,US Airways,@USAirways 4914 from PHL to BGM. I cannot believe this has happened 2x in under two weeks!,USER NUMBER phl bgm believe happened two week,0,Negative,-0.8474917346611619,0.8610683679580688,0.12535497546195984,0.013576633296906948
569881062169567232,2015-02-23 15:26:47+00:00,2015-02-23,15,Monday,US Airways,@USAirways no my flight plans have been delayed until tuesday due to your computer crash,USER flight plan delayed tuesday due computer crash,0,Negative,-0.8752661757171154,0.8801944851875305,0.11487722396850586,0.004928309470415115
569884033775063040,2015-02-23 15:38:36+00:00,2015-02-23,15,Monday,American,@AmericanAir Please follow me.,USER please follow,0,Neutral,0.35047078132629395,0.011775821447372437,0.6259775161743164,0.3622466027736664
569885759513034752,2015-02-23 15:45:27+00:00,2015-02-23,15,Monday,Southwest,@SouthwestAir on hold for 15+ min...no estimated answer time. Any help here?,USER hold NUMBER min estimated answer time help,0,Negative,-0.8013036604970694,0.80882728099823,0.18364915251731873,0.007523620501160622
569886516505407488,2015-02-23 15:48:28+00:00,2015-02-23,15,Monday,American,@AmericanAir =UNAmerican Airlines just lies and poor customer services...,USER airline lie poor customer service,0,Negative,-0.9126756424084306,0.9177785515785217,0.07711860537528992,0.005102909170091152
569887773953527808,2015-02-23 15:53:27+00:00,2015-02-23,15,Monday,American,@AmericanAir I tried that &amp; they have been disrespectful not professional &amp; my 2nd flight been Cancelled Flighted I have to get home for a surgeryHELP,USER tried amp disrespectful professional amp flight cancelled flighted get home surgeryhelp,0,Negative,-0.9247914487496018,0.9295650720596313,0.06566133350133896,0.004773623310029507
569888183409893377,2015-02-23 15:55:05+00:00,2015-02-23,15,Monday,Delta,"@JetBlue I know there's no actual 'mile high' club, but surely there's something I can join ;-)",USER know actual high club surely something join,0,Positive,0.5032654721289873,0.02189144305884838,0.4529516398906708,0.5251569151878357
569889964445470721,2015-02-23 16:02:10+00:00,2015-02-23,16,Monday,American,@AmericanAir You are having phone issues. Please fix it!!!!,USER phone issue please fix,0,Negative,-0.8410570472478867,0.8536323308944702,0.13379241526126862,0.012575283646583557
569890213570457600,2015-02-23 16:03:09+00:00,2015-02-23,16,Monday,American,@AmericanAir finally called! Can't get met Seattle so refund will be processed. Thanks,USER finally called ca get met seattle refund processed thanks,0,Positive,0.5293604098260403,0.03208315744996071,0.406473308801651,0.561443567276001
569890695902662657,2015-02-23 16:05:04+00:00,2015-02-23,16,Monday,American,"@AmericanAir I understand that. But 14 hours Late Flightr, I still haven't heard a word! How can you plan your week with no zero information!",USER understand NUMBER hour late flightr still heard word plan week zero information,0,Negative,-0.8826909903436899,0.8912579417228699,0.10017505288124084,0.008566951379179955
569891440135794688,2015-02-23 16:08:02+00:00,2015-02-23,16,Monday,American,@AmericanAir Thank You! CC: @packermama1,USER thank cc USER,0,Positive,0.956961969146505,0.0034568512346595526,0.03612437844276428,0.9604188203811646
569892024708689920,2015-02-23 16:10:21+00:00,2015-02-23,16,Monday,American,@AmericanAir could you guys follow me so I can dm yall please,USER could guy follow dm yall please,0,Neutral,0.22044935263693333,0.008076375350356102,0.7633979320526123,0.22852572798728943
569893516609847297,2015-02-23 16:16:17+00:00,2015-02-23,16,Monday,American,"@AmericanAir as of now, will do my best to never fly w/ #AmericanAirlines ever again. Y'all have made this a day to remember.",USER best never fly americanairlines ever made day remember,0,Negative,-0.9197888225317001,0.9278011918067932,0.06418640166521072,0.008012369275093079
569897573294743552,2015-02-23 16:32:24+00:00,2015-02-23,16,Monday,US Airways,@USAirways FYI your customer service rep Carol is an absolute delight. So pleasant to with with and rebooked me in lightning speed! Thanks!,USER fyi customer service rep carol absolute delight pleasant rebooked lightning speed thanks,0,Positive,0.9822923946194351,0.004357416648417711,0.008992809802293777,0.9866498112678528
569897798692286465,2015-02-23 16:33:18+00:00,2015-02-23,16,Monday,US Airways,@USAirways thanks for a subpar travel experience and it's not even over yet #stepitup,USER thanks subpar travel experience even yet stepitup,0,Negative,-0.936165212187916,0.9426987767219543,0.05076763406395912,0.006533564534038305
569899102198206464,2015-02-23 16:38:28+00:00,2015-02-23,16,Monday,US Airways,@USAirways : Premier provider of missed connections! #usairwaysfail,USER premier provider missed connection usairwaysfail,0,Negative,-0.9357015760615468,0.9408170580863953,0.05406743660569191,0.005115482024848461
569900147343265792,2015-02-23 16:42:38+00:00,2015-02-23,16,Monday,Southwest,"@SouthwestAir open seating is like an open marriage, there's so much love for strangers!",USER open seating like open marriage much love stranger,0,Positive,0.9593408834189177,0.004768775776028633,0.031121615320444107,0.9641096591949463
569903366647586818,2015-02-23 16:55:25+00:00,2015-02-23,16,Monday,United,@united already done that. the answer i got was... oops we can give you miles and we're very sorry. but who pays for my discomfort for 9 h?,USER already done answer got oops give mile sorry pay discomfort NUMBER h,1,Negative,-0.7853097058832645,0.7948778867721558,0.19555392861366272,0.00956818088889122
569906117100351493,2015-02-23 17:06:21+00:00,2015-02-23,17,Monday,American,"@AmericanAir So much for Status, EP and 1.5 million miles. Revenue First class ticket and Im sitting in Coach thanks your rude CS staff",USER much status ep NUMBER million mile revenue first class ticket im sitting coach thanks rude c staff,0,Negative,-0.8198531456291676,0.8365453481674194,0.1467624455690384,0.016692202538251877
569907773309214721,2015-02-23 17:12:56+00:00,2015-02-23,17,Monday,United,@united 3 hours to rebook but 8 hours l8r the same problem again. Arrive at gate stopped cause now infant is sitting in 4 yr old lap,USER NUMBER hour rebook NUMBER hour problem arrive gate stopped cause infant sitting NUMBER yr old lap,0,Negative,-0.782971010543406,0.793251633644104,0.19646777212619781,0.010280623100697994
569910528279228416,2015-02-23 17:23:53+00:00,2015-02-23,17,Monday,American,@AmericanAir Trying to Cancelled Flight fligt 2321 O'Hare to Dallas 12:17pm. High call volume no one answer. Online no confirmation. #thankU,USER trying cancelled flight fligt NUMBER dallas NUMBER high call volume one answer online confirmation thanku,0,Negative,-0.8260049186646938,0.8329484462738037,0.1601080447435379,0.0069435276091098785
569910774556004352,2015-02-23 17:24:51+00:00,2015-02-23,17,Monday,American,@AmericanAir I need HELP! I'm trying to Cancelled Flight a flight before it takes off but I can't get a hold of ANYONE because all lines are busy.,USER need help trying cancelled flight flight take ca get hold anyone line busy,0,Negative,-0.9066179250366986,0.9128988981246948,0.08082006871700287,0.006280973087996244
569910996824780801,2015-02-23 17:25:44+00:00,2015-02-23,17,Monday,United,"@united After speaking to a United customer service rep the night before a flight, confirming that everything is ok with your reservation..",USER speaking united customer service rep night flight confirming everything ok reservation,0,Neutral,0.39478223118931055,0.00882087554782629,0.5875760316848755,0.40360310673713684
569911218942517248,2015-02-23 17:26:37+00:00,2015-02-23,17,Monday,Virgin America,@VirginAmerica why is flight 345 redirected?,USER flight NUMBER redirected,0,Neutral,-0.4091482711955905,0.4179101884365082,0.573327898979187,0.008761917240917683
569912776199704578,2015-02-23 17:32:48+00:00,2015-02-23,17,Monday,United,"@united Cancelled Flights flt from EWR. ""No crew"".Tells wife &amp; 4 yr old to ""get to NY to catch @AirCanada"" to YYZ! Good #customerservice is dead.",USER cancelled flight flt ewr crew wife amp NUMBER yr old get ny catch USER yyz good customerservice dead,1,Negative,-0.8947367719374597,0.9020007848739624,0.09073526412248611,0.007264012936502695
569912963273879552,2015-02-23 17:33:33+00:00,2015-02-23,17,Monday,US Airways,@USAirways called 3x &amp; it says high call volumes call back. At $1 a minute for international calls is there any way someone can contact me?,USER called amp say high call volume call back NUMBER minute international call way someone contact,0,Negative,-0.5388831812888384,0.5582900047302246,0.422303169965744,0.019406823441386223
569913667476549632,2015-02-23 17:36:21+00:00,2015-02-23,17,Monday,Delta,"@JetBlue For one way, not letting me select TO city....strange...and now some fairs look ""normal"" ????",USER one way letting select city strange fair look normal,0,Negative,-0.8151268782094121,0.8227691054344177,0.16958868503570557,0.007642227225005627
569914076496850945,2015-02-23 17:37:58+00:00,2015-02-23,17,Monday,US Airways,"@USAirways / @AmericanAir was the worst experience I've ever had flying. Rude, delays, Cancelled Flightlations, lack of updates, and wasting our time",USER USER worst experience ever flying rude delay cancelled flightlations lack update wasting time,0,Negative,-0.9462676965631545,0.951519787311554,0.04322819784283638,0.005252090748399496
569914894868328448,2015-02-23 17:41:14+00:00,2015-02-23,17,Monday,American,@AmericanAir research buddy. Read my previous tweets and get some context.,USER research buddy read previous tweet get context,0,Neutral,-0.11923468485474586,0.15964211523532867,0.7999504208564758,0.04040743038058281
569916323725217793,2015-02-23 17:46:54+00:00,2015-02-23,17,Monday,American,"@AmericanAir Well if you won't let me handle my reservation/change online, &amp; your Reservation call # hangs up on me wtf do I do?? Bullshit.",USER well wo let handle online amp reservation call hang wtf bullshit,0,Negative,-0.9311427865177393,0.9352669715881348,0.06060875207185745,0.00412418507039547
569916555154169856,2015-02-23 17:47:49+00:00,2015-02-23,17,Monday,United,"@united Awesome flight crew on UA1589, re the plane, the Jurassic period called and they want their dinosaur/plane back!",USER awesome flight crew plane jurassic period called want back,0,Positive,0.9635538496077061,0.005197402089834213,0.026051290333271027,0.9687512516975403
569917363891499008,2015-02-23 17:51:02+00:00,2015-02-23,17,Monday,United,"@united, and now while waiting for new pilot the door on plane BROKE. why am I global services status on an airline that's unsafe? STUNNING",USER waiting new pilot door plane broke global service status airline unsafe stunning,1,Negative,-0.9401987842284143,0.9457844495773315,0.048629797995090485,0.005585665348917246
569918484726964224,2015-02-23 17:55:29+00:00,2015-02-23,17,Monday,Southwest,"@SouthwestAir My bags are on the way to Chicago, without me! Help! I was confirmed for 2 flights and told there isn't room and I'm screwed.",USER bag way chicago without help confirmed NUMBER flight told room screwed,0,Negative,-0.9218346737325191,0.9273890852928162,0.06705649197101593,0.005554411560297012
569919625640615936,2015-02-23 18:00:02+00:00,2015-02-23,18,Monday,American,@AmericanAir you can tweet but not call! You're like a bad boyfriend!,USER tweet call like bad boyfriend,0,Negative,-0.9064169209450483,0.9140061140060425,0.07840476930141449,0.007589193060994148
569920618843521024,2015-02-23 18:03:58+00:00,2015-02-23,18,Monday,American,@AmericanAir How clueless is AA. Been waiting to hear for 2.5 weeks about a refund from a Cancelled Flightled flight &amp; been on hold now for 1hr 49min,USER clueless aa waiting hear NUMBER week refund cancelled flightled flight amp hold,0,Negative,-0.897946790792048,0.9056013822555542,0.08674401044845581,0.007654591463506222
569920661642088448,2015-02-23 18:04:09+00:00,2015-02-23,18,Monday,United,@united you're the reason this whole travel experience has been a nightmare,USER reason whole travel experience nightmare,1,Negative,-0.9247734360396862,0.931506872177124,0.06175968796014786,0.0067334361374378204
569921309439709184,2015-02-23 18:06:43+00:00,2015-02-23,18,Monday,United,@united - SERIOUSLY it's 2015?!?! NO WiFi on a 5hr flight from CLE-SFO #1589. You're the ONLY airline w/out WiFi...and pls no 'unwind' BS.,USER seriously NUMBER wifi flight NUMBER airline wifi pls b,0,Negative,-0.8861312875524163,0.8964875340461731,0.09315627813339233,0.010356246493756771
569921913667104768,2015-02-23 18:09:07+00:00,2015-02-23,18,Monday,Delta,@JetBlue what else on this plane is duct-taped?? #ohboy #shouldigetoutandpush #airplane #flying… http://t.co/R9ZsVzuRLw,USER else plane ohboy shouldigetoutandpush airplane URL,0,Negative,-0.47029729932546616,0.5022134780883789,0.46587035059928894,0.03191617876291275
569922145264009216,2015-02-23 18:10:02+00:00,2015-02-23,18,Monday,United,@united there are a lot of unhappy cold people on the bridge in freezing temps for an hour. Not given any info.,USER lot unhappy cold people bridge freezing temp hour given info,0,Negative,-0.8714293837547302,0.8769335746765137,0.11756224930286407,0.005504190921783447
569922730008518656,2015-02-23 18:12:22+00:00,2015-02-23,18,Monday,Southwest,@SouthwestAir Awesome. Thanks! You guys rock!,USER awesome thanks guy rock,0,Positive,0.983948910376057,0.003654694417491555,0.008741771802306175,0.9876036047935486
569923163259318274,2015-02-23 18:14:05+00:00,2015-02-23,18,Monday,US Airways,"@USAirways Aye, and nothing to do with an automated system which doesn't work properly. Anyway, got through to somebody...",USER aye nothing automated system work properly anyway got somebody,0,Negative,-0.635227344930172,0.670344352722168,0.294538676738739,0.035117007791996
569925291331735552,2015-02-23 18:22:32+00:00,2015-02-23,18,Monday,American,@AmericanAir you said this last time. It doesn't take 6 weeks to reply to an email.,USER said last time take NUMBER week reply email,0,Neutral,-0.05129730701446533,0.14271143078804016,0.765874445438385,0.09141412377357483
569925551475056640,2015-02-23 18:23:34+00:00,2015-02-23,18,Monday,Delta,@JetBlue I have a little more time then that..lol. Well actually a lot more. 36 days more. But I'm just excited!!,USER little time lol well actually lot NUMBER day excited,0,Positive,0.979122853372246,0.002289199735969305,0.01629870943725109,0.9814120531082153
569925645204987904,2015-02-23 18:23:57+00:00,2015-02-23,18,Monday,Southwest,"@SouthwestAir Thanks, Lindsey. Any idea when I'll get there?! Stuck in Denver and told to ""listen to the intercom better"".",USER thanks lindsey idea get stuck denver told listen intercom better,0,Neutral,0.15531301498413086,0.10141080617904663,0.6418653130531311,0.2567238211631775
569926031542345728,2015-02-23 18:25:29+00:00,2015-02-23,18,Monday,US Airways,"@USAirways booked flight 1mnth ago, seat CONFIRMED, small plane arrived and was not allowed to board bcs no seat, horrible service",USER booked flight ago seat confirmed small plane arrived allowed board bcs seat horrible service,0,Negative,-0.921529701910913,0.9271813035011292,0.06716711074113846,0.00565160159021616
569930630059974656,2015-02-23 18:43:45+00:00,2015-02-23,18,Monday,United,@united thank you. Literally called for preboarding as I ran up.,USER thank literally called preboarding ran,0,Positive,0.8306520315818489,0.007132199127227068,0.1550835222005844,0.8377842307090759
569931363505315840,2015-02-23 18:46:40+00:00,2015-02-23,18,Monday,American,@AmericanAir am on hold for the 2nd time today. Need help with confirming the new flights you arranged for me. Can you expedite this?,USER hold time today need help confirming new flight arranged expedite,0,Neutral,-0.36767714470624924,0.4019336700439453,0.5638098120689392,0.034256525337696075
569931469990154242,2015-02-23 18:47:05+00:00,2015-02-23,18,Monday,Delta,❤️❤️❤️“@JetBlue: Our fleet's on fleek. http://t.co/UHUmAskLdv”,USER fleet fleek URL,0,Positive,0.9617667136481032,0.0014250936219468713,0.03538310155272484,0.96319180727005
569931716049154051,2015-02-23 18:48:04+00:00,2015-02-23,18,Monday,United,@united counter agents at RDU deserve a medal. #thankyou,USER counter agent rdu deserve medal thankyou,0,Positive,0.8751144800335169,0.019540568813681602,0.08580433577299118,0.8946550488471985
569932363641298944,2015-02-23 18:50:38+00:00,2015-02-23,18,Monday,American,@AmericanAir why have I been on hold for almost 3 hours? This is ridiculous,USER hold almost NUMBER hour ridiculous,0,Negative,-0.9333907435648143,0.939873218536377,0.05364428833127022,0.006482474971562624
569934170819948544,2015-02-23 18:57:49+00:00,2015-02-23,18,Monday,American,@AmericanAir you keep returning my call and hanging up when I answer? Help reFlight Booking Problems a flight!,USER keep returning call hanging answer help reflight booking problem flight,0,Negative,-0.8726215795613825,0.8795977830886841,0.11342602223157883,0.00697620352730155
569934354241212417,2015-02-23 18:58:33+00:00,2015-02-23,18,Monday,American,@AmericanAir There was no one from #AA at the #woase2015 event @HelsinkiAirport Lots of info available of #winterops,USER one aa event USER lot info available winterops,1,Neutral,-0.22273601591587067,0.251059353351593,0.7206172943115234,0.02832333743572235
569934395865493504,2015-02-23 18:58:43+00:00,2015-02-23,18,Monday,Virgin America,@VirginAmerica what happened to Doom?!,USER happened doom,0,Neutral,-0.356285871937871,0.37813159823417664,0.6000226140022278,0.021845726296305656
569934457215410176,2015-02-23 18:58:58+00:00,2015-02-23,18,Monday,American,"@AmericanAir Hahaha.... ""Meanwhile in Russia....""",USER hahaha meanwhile russia,0,Neutral,0.1689574010670185,0.05306319519877434,0.7249162197113037,0.22202059626579285
569935639539425280,2015-02-23 19:03:40+00:00,2015-02-23,19,Monday,US Airways,@USAirways site shows on-time but FlightAware site shows delayed. Trying to decide if I get out in this ice to catch FLT 456 to PHX.,USER site show flightaware site show delayed trying decide get ice catch flt NUMBER phx,0,Negative,-0.5511607518419623,0.5626564025878906,0.42584800720214844,0.011495650745928288
569937408013176832,2015-02-23 19:10:41+00:00,2015-02-23,19,Monday,Delta,“@JetBlue: Our fleet's on fleek. http://t.co/5xGnyHGAFz” this is what I hate,USER fleet fleek URL hate,0,Negative,-0.9298079847358167,0.9363083839416504,0.05719110742211342,0.0065003992058336735
569938796986433537,2015-02-23 19:16:12+00:00,2015-02-23,19,Monday,Delta,@JetBlue I'm sick of y'all.,USER sick,0,Negative,-0.9313084008172154,0.9386649131774902,0.053978558629751205,0.007356512360274792
569938864028012544,2015-02-23 19:16:28+00:00,2015-02-23,19,Monday,American,@AmericanAir thanks!,USER thanks,0,Positive,0.886598554905504,0.007627757731825113,0.09814592450857162,0.8942263126373291
569939301301153792,2015-02-23 19:18:13+00:00,2015-02-23,19,Monday,US Airways,"@usairways really need help asap, so please make it quick. Thx.",USER really need help asap please make quick thx,0,Neutral,0.178924560546875,0.180547833442688,0.459979772567749,0.359472393989563
569940075120873472,2015-02-23 19:21:17+00:00,2015-02-23,19,Monday,American,@AmericanAir umm unexpected?? Unexpected meaning you guys didn't know you had a major staff shortage ??,USER umm unexpected unexpected meaning guy know major staff shortage,0,Negative,-0.5117667866870761,0.5267778038978577,0.4582112431526184,0.015011017210781574
569940430365847554,2015-02-23 19:22:42+00:00,2015-02-23,19,Monday,Southwest,@SouthwestAir yeah they're somewhere. Hopefully getting them back today. Just frustrated tweeting.,USER yeah somewhere hopefully getting back today frustrated tweeting,0,Neutral,0.10041934251785278,0.14265666902065277,0.6142672896385193,0.24307601153850555
569940980809342976,2015-02-23 19:24:53+00:00,2015-02-23,19,Monday,American,"@AmericanAir On hold since 5am. When no one can get to the airport, Cancelled Flight flight, don't make us pay huge fee to change flight.",USER hold since one get airport cancelled flight flight make u pay huge fee change flight,0,Negative,-0.9094052533619106,0.914400041103363,0.0806051641702652,0.0049947877414524555
569941344053018625,2015-02-23 19:26:20+00:00,2015-02-23,19,Monday,Delta,@JetBlue You respond to complaints about cultural appropriation with more of it!? You're now below Spirit Airlines on my fly list.,USER respond complaint cultural appropriation spirit airline fly list,0,Negative,-0.9222100633196533,0.9279994964599609,0.0662110298871994,0.005789433140307665
569942226224050176,2015-02-23 19:29:50+00:00,2015-02-23,19,Monday,American,@AmericanAir are flights leaving Dallas right now? In Maui trying to figure out how delayed flight 7 is going to be,USER flight leaving dallas right maui trying figure delayed flight NUMBER going,0,Neutral,-0.22559719998389482,0.23897570371627808,0.7476458549499512,0.013378503732383251
569942287318458369,2015-02-23 19:30:04+00:00,2015-02-23,19,Monday,American,@AmericanAir Kudos to the crew of Flt 167 today. Specially to Carlton. Loved your new 767-300. Keep up the good work AA!,USER kudos crew flt NUMBER today specially carlton loved new NUMBER NUMBER keep good work aa,0,Positive,0.9829699727706611,0.0029027727432549,0.011224417947232723,0.985872745513916
569944281512685570,2015-02-23 19:38:00+00:00,2015-02-23,19,Monday,American,@AmericanAir FYI...call stilling getting dropped. After an hour of continuous dialing. Attempted to Cancelled Flight online but not able to. HELP!!!,USER fyi call stilling getting dropped hour continuous dialing attempted cancelled flight online able help,0,Negative,-0.8789665601216257,0.886049747467041,0.10686701536178589,0.007083187345415354
569944807830736896,2015-02-23 19:40:05+00:00,2015-02-23,19,Monday,American,@AmericanAir I have the app - after my nonsense flight Cancelled Flightation yesterday I wasn't able to use the app or kiosk today. Hour long line.,USER app nonsense flight cancelled flightation yesterday able use app kiosk today hour long line,0,Negative,-0.8629731824621558,0.871067225933075,0.12083876878023148,0.008094043470919132
569945501166133248,2015-02-23 19:42:51+00:00,2015-02-23,19,Monday,US Airways,"@USAirways US 728 Wait, now a gate opened. Back we go. (Good, maybe we can get off.)",USER u NUMBER wait gate opened back go good maybe get,0,Positive,0.6379897799342871,0.020901719108223915,0.32020679116249084,0.658891499042511
569946477356818432,2015-02-23 19:46:43+00:00,2015-02-23,19,Monday,Delta,@JetBlue also. My party { me and my sister and mom} are on three separate reservations. Will TSA lets us go through together or alone.,USER also party sister mom three separate reservation tsa let u go together alone,0,Neutral,-0.26193938590586185,0.2766965329647064,0.7085462212562561,0.014757147058844566
569947048574758912,2015-02-23 19:49:00+00:00,2015-02-23,19,Monday,US Airways,@USAirways thanks but the bags are only 10% of what went wrong. 22 hours from DCA to SAN when there were no weather issues is not acceptable,USER thanks bag NUMBER went wrong NUMBER hour dca san weather issue acceptable,0,Negative,-0.840984620153904,0.8507130146026611,0.1395585685968399,0.009728394448757172
569947356428419073,2015-02-23 19:50:13+00:00,2015-02-23,19,Monday,Delta,.@JetBlue Delete this tweet.,USER delete tweet,0,Negative,-0.8974478081800044,0.9026506543159485,0.09214644879102707,0.005202846135944128
569948758118526976,2015-02-23 19:55:47+00:00,2015-02-23,19,Monday,American,@AmericanAir Thank you,USER thank,0,Positive,0.8646291475743055,0.012328507378697395,0.11071380227804184,0.8769576549530029
569948928864600064,2015-02-23 19:56:28+00:00,2015-02-23,19,Monday,Delta,Too Late Flight. RT “@JetBlue: Our fleet's on fleek. http://t.co/nJ5Ga1gds5”,late flight rt USER fleet fleek URL,0,Neutral,0.4042315403930843,0.007184572983533144,0.5813993215560913,0.41141611337661743
569949217843605504,2015-02-23 19:57:37+00:00,2015-02-23,19,Monday,Delta,"Brands: Stop this shit. No, stop. RT @JetBlue Our fleet's on fleek. http://t.co/sKEbqKtxvX",brand stop shit stop rt USER fleet fleek URL,0,Negative,-0.6495881117880344,0.6988400816917419,0.25190791487693787,0.049251969903707504
569950510981083136,2015-02-23 20:02:45+00:00,2015-02-23,20,Monday,American,@AmericanAir Your people on the phone can't see those? And to have it be over $800 difference. That's a poor process then...,USER people phone ca see NUMBER difference poor process,0,Negative,-0.9039507019333541,0.9095584154129028,0.08483388274908066,0.005607713479548693
569950766485540864,2015-02-23 20:03:46+00:00,2015-02-23,20,Monday,American,@AmericanAir thanks for telling me my flight got Cancelled Flightled when it wasn't. Now I have a missing luggage because of you. Thanks fam!,USER thanks telling flight got cancelled flightled missing luggage thanks fam,0,Negative,-0.5811538621783257,0.6421438455581665,0.29686617851257324,0.06098998337984085
569951021398683650,2015-02-23 20:04:47+00:00,2015-02-23,20,Monday,US Airways,@usairways im trying to get my dads wheelchair and no one is answering at Dulles.we have tried to call back on.multiple times,USER im trying get dad wheelchair one answering tried call back time,0,Negative,-0.8282065838575363,0.8372365832328796,0.15373344719409943,0.009029999375343323
569952340612149250,2015-02-23 20:10:01+00:00,2015-02-23,20,Monday,Delta,😂😂 RT @JetBlue: Our fleet's on fleek. http://t.co/rinzYSK6kI,rt USER fleet fleek URL,0,Positive,0.6782374940812588,0.00955236330628395,0.3026578426361084,0.6877898573875427
569953001751732225,2015-02-23 20:12:39+00:00,2015-02-23,20,Monday,Delta,NO“@JetBlue: Our fleet's on fleek. http://t.co/UgFCKErmrW”,USER fleet fleek URL,2,Neutral,0.0679226964712143,0.14457105100154877,0.6429351568222046,0.21249374747276306
569953575226310656,2015-02-23 20:14:56+00:00,2015-02-23,20,Monday,United,"@united nice your app says US 4972 delayed by weather. Pilot says waiting on fuel. One in ur control, one not",USER nice app say u NUMBER delayed weather pilot say waiting fuel one ur control one,0,Negative,-0.6807447914034128,0.7013195157051086,0.278105765581131,0.020574724301695824
569956201934385152,2015-02-23 20:25:22+00:00,2015-02-23,20,Monday,United,@united thanks. Just a program comment; the system assigned seats behind each other even though pairs were available. I changed it back.,USER thanks program comment system assigned seat behind even though pair available changed back,0,Neutral,0.023553967475891113,0.06109967827796936,0.8542467355728149,0.08465364575386047
569957000752140290,2015-02-23 20:28:32+00:00,2015-02-23,20,Monday,American,@AmericanAir unacceptable. It's clear losing just one customer doesn't matter to American but how many more bankruptcies will it take,USER unacceptable clear losing one customer matter american many bankruptcy take,0,Negative,-0.9235271522775292,0.9288098812103271,0.06590742617845535,0.005282728932797909
569957163138883584,2015-02-23 20:29:11+00:00,2015-02-23,20,Monday,American,@AmericanAir thanks,USER thanks,0,Positive,0.6279605440795422,0.015299279242753983,0.341440886259079,0.6432598233222961
569957187138797569,2015-02-23 20:29:17+00:00,2015-02-23,20,Monday,Southwest,@SouthwestAir but when do I get my gin &amp; tonic !?!?,USER get gin amp tonic,0,Neutral,0.09967828541994095,0.05266738682985306,0.79498690366745,0.152345672249794
569957958634770432,2015-02-23 20:32:21+00:00,2015-02-23,20,Monday,American,"@AmericanAir Was put on hold for 5.5 hrs then got a call back at 11:20 pm, only to wait on hold for another hour.",USER put hold NUMBER hr got call back NUMBER NUMBER pm wait hold another hour,0,Negative,-0.4934969935566187,0.5158804655075073,0.4617360830307007,0.022383471950888634
569958349514485760,2015-02-23 20:33:54+00:00,2015-02-23,20,Monday,Delta,@JetBlue we haven't even gotten off the plane yet! I can't afford to miss my flight back to Boston! Ugh.,USER even gotten plane yet ca afford miss flight back boston ugh,0,Negative,-0.803368728607893,0.8300929665565491,0.14318281412124634,0.026724237948656082
569959122331836416,2015-02-23 20:36:58+00:00,2015-02-23,20,Monday,Delta,@JetBlue you guys operate a world class company and for that I thank you,USER guy operate world class company thank,0,Positive,0.9593565389513969,0.0078740194439888,0.024895349517464638,0.9672305583953857
569959601011068928,2015-02-23 20:38:52+00:00,2015-02-23,20,Monday,American,"@AmericanAir flt 703, sorry scheduled at 545, phl-mia, a totally chaotic, poorly addressed event. Sent to three gates in the night",USER flt NUMBER sorry scheduled NUMBER totally chaotic poorly addressed event sent three gate night,0,Negative,-0.9342308649793267,0.9386017918586731,0.05702733248472214,0.004370926879346371
569960010249334784,2015-02-23 20:40:30+00:00,2015-02-23,20,Monday,Delta,@JetBlue We had some major plane-wide DirectTV issues yesterday. System kept being reset by crew member.,USER major directtv issue yesterday system kept reset crew member,0,Negative,-0.7100725658237934,0.7246376276016235,0.2607973515987396,0.014565061777830124
569960575792504833,2015-02-23 20:42:45+00:00,2015-02-23,20,Monday,US Airways,"@USAirways if I apply for ur credit card, do you automatically get the companion certificate or do I have to wait for it?",USER apply ur credit card automatically get companion certificate wait,0,Neutral,0.01707550510764122,0.018764935433864594,0.9453945755958557,0.035840440541505814
569961410161192960,2015-02-23 20:46:04+00:00,2015-02-23,20,Monday,United,@united booked flights for 2 for $779. Was charged $389.50 twice. Means I can't redeem CC points properly. Would have gone elsewhere.,USER booked flight NUMBER NUMBER charged NUMBER twice mean ca redeem cc point properly would gone elsewhere,0,Negative,-0.9034608160145581,0.908361554145813,0.08673769235610962,0.004900738131254911
569961481455976449,2015-02-23 20:46:21+00:00,2015-02-23,20,Monday,US Airways,"@USAirways is there an additional charge for a golf bag with clubs , shoes, and golf balls, if that's the only piece of luggage you check?",USER additional charge golf bag club shoe golf ball piece luggage check,0,Neutral,0.013453297317028046,0.025123536586761475,0.9362996220588684,0.03857683390378952
569962417876131840,2015-02-23 20:50:04+00:00,2015-02-23,20,Monday,Delta,"@JetBlue CEO battles to appease passengers, investors - Toledo Blade http://t.co/R4xJXQRX1z",USER ceo battle appease passenger investor toledo blade URL,0,Neutral,0.05740448832511902,0.014611579477787018,0.9133723378181458,0.07201606780290604
569962494283919360,2015-02-23 20:50:22+00:00,2015-02-23,20,Monday,American,@AmericanAir on Feb. 15th your rep gave me the record locator and told me I'd be receiving an email with the itinerary and confirmation.,USER rep gave record locator told receiving email itinerary confirmation,0,Neutral,0.06065754545852542,0.006885566283017397,0.9255712628364563,0.06754311174154282
569962905493315585,2015-02-23 20:52:00+00:00,2015-02-23,20,Monday,American,@AmericanAir attached original ticket. flight number was 1672. isn't the experience I thought I would have. Terrible! http://t.co/5SdlyN9MSS,USER attached original ticket flight number NUMBER experience thought would terrible URL,0,Negative,-0.9380391738377512,0.9432654976844788,0.051508158445358276,0.00522632384672761
569965247093731328,2015-02-23 21:01:19+00:00,2015-02-23,21,Monday,American,@AmericanAir been on the phone for 47 minutes...said it would be 10... Any advice?,USER phone NUMBER minute said would NUMBER advice,0,Neutral,-0.36469298414886,0.3911174237728119,0.5824581384658813,0.026424439623951912
569965873752104960,2015-02-23 21:03:48+00:00,2015-02-23,21,Monday,American,@AmericanAir have been in call cue for 11 hours. No call yet. Wife in cue for 9 hours. Got a call but was hung up on.,USER call cue NUMBER hour call yet wife cue NUMBER hour got call hung,0,Negative,-0.6760294828563929,0.6898188591003418,0.29639169573783875,0.013789376243948936
569966422744395776,2015-02-23 21:05:59+00:00,2015-02-23,21,Monday,United,"@united I am buying 2 yo own seat on 3 legs of intl trip, car seat? Required? If not- then allowed? Can child still sit w/mom after takeoff?",USER buying NUMBER yo seat NUMBER leg intl trip car seat required allowed child still sit takeoff,0,Neutral,0.014030696824193,0.02788209356367588,0.9302051663398743,0.04191279038786888
569967834203189248,2015-02-23 21:11:35+00:00,2015-02-23,21,Monday,Delta,@JetBlue three hours on s delayed flight staring a blank screen. At least a heads up so you could download a movie,USER three hour delayed flight staring blank screen least head could download movie,0,Negative,-0.7399447225034237,0.7545247077941895,0.23089540004730225,0.014579985290765762
569967897600139264,2015-02-23 21:11:50+00:00,2015-02-23,21,Monday,American,"@AmericanAir Hello, question, How many balloons do you think it will take to life up one of your planes?",USER hello question many balloon think take life one plane,0,Neutral,0.07323441095650196,0.014511501416563988,0.8977425694465637,0.08774591237306595
569970729237782528,2015-02-23 21:23:06+00:00,2015-02-23,21,Monday,Southwest,@SouthwestAir Is it possible to add companion to only the 2nd leg of a trip?,USER possible add companion leg trip,0,Neutral,0.02975416276603937,0.014768793247640133,0.9407082796096802,0.044522956013679504
569971216934526976,2015-02-23 21:25:02+00:00,2015-02-23,21,Monday,American,@AmericanAir What's with your baggage handlers calling out at DFW today? No luggage onboard the planes.,USER baggage handler calling dfw today luggage onboard plane,0,Negative,-0.8049611863680184,0.811977744102478,0.18100568652153015,0.007016557734459639
569973034880098304,2015-02-23 21:32:15+00:00,2015-02-23,21,Monday,American,"@americanair the best is your 800 message saying to use website and your website is saying you need to call. If you don't answer, #hardtodo",USER best NUMBER message saying use website website saying need call answer hardtodo,0,Neutral,-0.06703683733940125,0.3213825523853302,0.42427176237106323,0.25434571504592896
569973105075990528,2015-02-23 21:32:32+00:00,2015-02-23,21,Monday,American,"@AmericanAir thank you, truly appreciate the help, just sent a DM",USER thank truly appreciate help sent dm,0,Positive,0.9523333320394158,0.008177160285413265,0.03131236508488655,0.9605104923248291
569973204263034880,2015-02-23 21:32:56+00:00,2015-02-23,21,Monday,US Airways,@USAirways Your exchange/credit policies are worthless and shadier than the White House. Dissatisfied to the nines right now.,USER policy worthless shadier white house dissatisfied nine right,0,Negative,-0.9465581756085157,0.9524726867675781,0.04161283001303673,0.0059145111590623856
569973337050341376,2015-02-23 21:33:27+00:00,2015-02-23,21,Monday,American,@AmericanAir my wife is stuck in #Brownsville any chance she can get any flight out? She needs to be at work tomorrow morning.,USER wife stuck brownsville chance get flight need work tomorrow morning,0,Neutral,-0.32276994176208973,0.3441043794155121,0.6345612406730652,0.021334437653422356
569974508435562496,2015-02-23 21:38:07+00:00,2015-02-23,21,Monday,American,"@AmericanAir no. Booked seat in Dallas, live in Dallas. Real nice that your gate agent had exit row available told me they weren't available",USER booked seat dallas live dallas real nice gate agent exit row available told available,0,Neutral,-0.09703931212425232,0.2544216811656952,0.5881959795951843,0.15738236904144287
569974641214644224,2015-02-23 21:38:38+00:00,2015-02-23,21,Monday,American,@AmericanAir #AmericanAirlines on approach to mex.... http://t.co/se57dmjHiW,USER americanairlines approach mex URL,0,Neutral,0.003876136615872383,0.031129607930779457,0.9338647127151489,0.03500574454665184
569975032127967232,2015-02-23 21:40:11+00:00,2015-02-23,21,Monday,Southwest,@SouthwestAir #Vegas I was there 5 days ago. Miss the Warm Weather,USER vega NUMBER day ago miss warm weather,0,Neutral,0.1354970932006836,0.21750429272651672,0.42949432134628296,0.3530013859272003
569975063094501376,2015-02-23 21:40:19+00:00,2015-02-23,21,Monday,American,"@AmericanAir after waiting for a delayed plane, we sat on the plane for an hour waiting for a Late Flight passenger. That's BS too..",USER waiting delayed plane sat plane hour waiting late flight passenger b,0,Negative,-0.9016340016387403,0.9068769216537476,0.08788014948368073,0.0052429200150072575
569975508756267008,2015-02-23 21:42:05+00:00,2015-02-23,21,Monday,US Airways,@USAirways been on hold for 45 minutes. Is there a better time to call? This is getting ridiculous,USER hold NUMBER minute better time call getting ridiculous,0,Negative,-0.9227956710383296,0.9301948547363281,0.06240591034293175,0.007399183697998524
569976131748823040,2015-02-23 21:44:34+00:00,2015-02-23,21,Monday,United,@united how can your app show arriving aircraft is early but departing flight is delayed due to Late Flight arriving aircraft? @unfriendly,USER app show arriving aircraft early departing flight delayed due late flight arriving aircraft USER,0,Negative,-0.5908502284437418,0.5999035835266113,0.39104315638542175,0.00905335508286953
569976246135697408,2015-02-23 21:45:01+00:00,2015-02-23,21,Monday,Southwest,"“@SouthwestAir: Congrats to these fans who are seeing #DestinationDragons in L.A.! SLC, you're next! http://t.co/YcCITaeP3S” Thanks again SW",USER congrats fan seeing destinationdragons slc next URL thanks sw,0,Positive,0.9822801407426596,0.0013409797102212906,0.01503787375986576,0.9836211204528809
569976426163777536,2015-02-23 21:45:44+00:00,2015-02-23,21,Monday,United,@united you are easily the worst company I have ever experienced. You have lost someone's personal possessions &amp; you couldn't care less!....,USER easily worst company ever experienced lost someone personal possession amp could care less,0,Negative,-0.9519484327174723,0.9570784568786621,0.037791505455970764,0.0051300241611897945
569978798906716161,2015-02-23 21:55:10+00:00,2015-02-23,21,Monday,Delta,“@JetBlue: Our fleet's on fleek. http://t.co/LSYbgLF59j” let's keep it professional,USER fleet fleek URL let keep professional,6,Positive,0.8289399174973369,0.0037240954115986824,0.16361190378665924,0.8326640129089355
569979211722596353,2015-02-23 21:56:48+00:00,2015-02-23,21,Monday,United,@united I think DM would be better,USER think dm would better,0,Neutral,0.22798020765185356,0.05848844721913338,0.655042827129364,0.28646865487098694
569981015378112512,2015-02-23 22:03:58+00:00,2015-02-23,22,Monday,US Airways,"@USAirways awesome... Doors close in 2 minutes, flight leaves in 17 minutes... And the plane just got here. WTH?",USER awesome door close NUMBER minute flight leaf NUMBER minute plane got wth,0,Positive,0.9297117372043431,0.004644177388399839,0.06099996343255043,0.9343559145927429
569985760482365440,2015-02-23 22:22:49+00:00,2015-02-23,22,Monday,US Airways,@USAirways patience is what my connecting flight will need. Why do you guys do this to me every time I travel? Every. Single. Time.,USER patience connecting flight need guy every time travel every single time,0,Negative,-0.8838802333921194,0.8947010636329651,0.09447808563709259,0.01082083024084568
569987608912142337,2015-02-23 22:30:10+00:00,2015-02-23,22,Monday,Delta,@JetBlue once again my flight is delayed. I hope I dont miss my connecting. Please don't fuck me... I have a girlfriend -_-,USER flight delayed hope dont miss connecting please fuck girlfriend,0,Negative,-0.9407316795550287,0.9468552470207214,0.04702123999595642,0.0061235674656927586
569988207489777664,2015-02-23 22:32:33+00:00,2015-02-23,22,Monday,American,@AmericanAir I've tried...its @USAirways anyway,USER tried USER anyway,0,Neutral,0.08382978662848473,0.043363381177186966,0.8294434547424316,0.1271931678056717
569989252613689344,2015-02-23 22:36:42+00:00,2015-02-23,22,Monday,American,@AmericanAir been calling all morning. Still can't get through. I need to chge a flight that is this week!!!!!,USER calling morning still ca get need chge flight week,0,Negative,-0.8734386572614312,0.8842741250991821,0.10489041358232498,0.010835467837750912
569989321698074624,2015-02-23 22:36:58+00:00,2015-02-23,22,Monday,Virgin America,@VirginAmerica @ladygaga @carrieunderwood Julie Andrews first but Lady Gaga wow'd me last night. Carrie? Meh.,USER USER USER julie andrew first lady gaga wow last night carrie meh,0,Positive,0.7278598677366972,0.016879187896847725,0.23838180303573608,0.7447390556335449
569992414653362176,2015-02-23 22:49:16+00:00,2015-02-23,22,Monday,US Airways,"@USAirways Your ""moveup"" policy really sucks. United has a 24 hour policy for this with status. I was wanting to move up from 5am to 7am...",USER moveup policy really suck united NUMBER hour policy status wanting move,0,Negative,-0.920654812362045,0.9258564710617065,0.06894180923700333,0.005201658699661493
569993393767460864,2015-02-23 22:53:09+00:00,2015-02-23,22,Monday,US Airways,@USAirways but question : if the downgrade include losing first class do you get money back ? http://t.co/LfT7QD23Sy,USER question downgrade include losing first class get money back URL,0,Neutral,-0.3106001727283001,0.32615894079208374,0.6582822799682617,0.015558768063783646
569994012670734336,2015-02-23 22:55:37+00:00,2015-02-23,22,Monday,Delta,@JetBlue @MrJustyn I heard companies were studying popular lingo for advertising but this is just depressing and embarrassing.,USER USER heard company studying popular lingo advertising depressing embarrassing,0,Negative,-0.905693955719471,0.910938024520874,0.08381792902946472,0.005244068801403046
569995335893848064,2015-02-23 23:00:52+00:00,2015-02-23,23,Monday,American,@AmericanAir boom. http://t.co/PzGc6Jch7n,USER boom URL,0,Neutral,0.4453677386045456,0.018491968512535095,0.5176483392715454,0.4638597071170807
569995706909503488,2015-02-23 23:02:21+00:00,2015-02-23,23,Monday,United,@united Thank you!,USER thank,0,Positive,0.9275269713252783,0.008685389533638954,0.055102258920669556,0.9362123608589172
569995961570856960,2015-02-23 23:03:21+00:00,2015-02-23,23,Monday,United,@united should NOT sell tickets for @SilverAirways on http://t.co/onhXHCO6bK. has terrible service and UA staff cannot reach Silver,USER sell ticket USER URL terrible service ua staff reach silver,0,Negative,-0.9376008687540889,0.9424607753753662,0.05267922952771187,0.004859906621277332
569996897009717248,2015-02-23 23:07:04+00:00,2015-02-23,23,Monday,United,@united has the WORST customer svcs! This Kevin rep at call center must be investigated. My baggage's lost and there's no help but argument!,USER worst customer svcs kevin rep call center must investigated baggage lost help argument,0,Negative,-0.9486096524633467,0.9540708661079407,0.04046795517206192,0.005461213644593954
569997351412228097,2015-02-23 23:08:53+00:00,2015-02-23,23,Monday,United,"@United fucked up, then voided my ticket, and KEPT MY MONEY. Not even an apology. I will never fly with your airline again. #UnitedAirlines",USER fucked voided ticket kept money even apology never fly airline unitedairlines,0,Negative,-0.9499182049185038,0.9548276662826538,0.040262870490550995,0.004909461364150047
569997655713173504,2015-02-23 23:10:05+00:00,2015-02-23,23,Monday,American,"@AmericanAir has the worst flight change policy. No mercy, no sympathy, such a bummer when you can't go to funerals or see friends bc of it.",USER worst flight change policy mercy sympathy bummer ca go funeral see friend bc,0,Negative,-0.9517326629720628,0.9558683633804321,0.0399959422647953,0.004135700408369303
569998122241232896,2015-02-23 23:11:57+00:00,2015-02-23,23,Monday,Southwest,@SouthwestAir hasn't evennotified us that theflight isdelayed via email/text/phone call.If we wererunning Late Flight I would be pissed #unreliable,USER evennotified u theflight isdelayed via wererunning late flight would pissed unreliable,0,Negative,-0.9148193774744868,0.9203106164932251,0.07419806718826294,0.00549123901873827
570001706676842497,2015-02-23 23:26:11+00:00,2015-02-23,23,Monday,Delta,"Social agencies, this is why we can't have nice things. @JetBlue: Our fleet's on fleek. http://t.co/QRxz0bGbtq",social agency ca nice thing USER fleet fleek URL,0,Negative,-0.7233094498515129,0.7545896768569946,0.21413010358810425,0.03128022700548172
570002454839820288,2015-02-23 23:29:10+00:00,2015-02-23,23,Monday,United,@united that is not in line with your responses here. And now I'm waiting until tomorrow morning because all the flights are overbooked.,USER line response waiting tomorrow morning flight overbooked,0,Negative,-0.8851435952819884,0.8904802203178406,0.10418311506509781,0.005336625035852194
570004391731847169,2015-02-23 23:36:51+00:00,2015-02-23,23,Monday,Virgin America,@VirginAmerica wish you flew out of Atlanta... Soon?,USER wish flew atlanta soon,0,Neutral,-0.043785903602838516,0.09618430584669113,0.8514173030853271,0.052398402243852615
570004421352001536,2015-02-23 23:36:58+00:00,2015-02-23,23,Monday,US Airways,@USAirways I will never fly us airways again.,USER never fly u airway,0,Negative,-0.9022000534459949,0.9099466800689697,0.08230669051408768,0.007746626622974873
570004519679074304,2015-02-23 23:37:22+00:00,2015-02-23,23,Monday,American,@AmericanAir no kidding! Gonna take some beating on the apron... And there are some good lookin' planes out there!,USER kidding gon na take beating apron good lookin plane,0,Positive,0.8994875969365239,0.01392932515591383,0.07265381515026093,0.9134169220924377
570006028864999424,2015-02-23 23:43:22+00:00,2015-02-23,23,Monday,American,"@AmericanAir Thx, someone picked up after 45 minutes",USER thx someone picked NUMBER minute,0,Positive,0.5743732796981931,0.007319177500903606,0.41098833084106445,0.5816924571990967
570007761355980800,2015-02-23 23:50:15+00:00,2015-02-23,23,Monday,US Airways,"@USAirways @Gregm528 well there is certainly nothing happening ""in front"" of the scenes. #Noaccountability #disappointing",USER USER well certainly nothing happening front scene noaccountability disappointing,1,Negative,-0.8478348320350051,0.8573380708694458,0.13315868377685547,0.009503238834440708
570008005774860289,2015-02-23 23:51:13+00:00,2015-02-23,23,Monday,Delta,Alright... Someone has to stop this! RT @JetBlue: Our fleet's on fleek. http://t.co/lchVJoliDg,alright someone stop rt USER fleet fleek URL,0,Neutral,-0.25647638738155365,0.3873293399810791,0.48181769251823425,0.13085295259952545
570009743160254464,2015-02-23 23:58:07+00:00,2015-02-23,23,Monday,United,@united what's a girl gotta do to get a flight name change when SHE bought one for a mean ex boyfriend and needs a girl's trip stat?!,USER girl got ta get flight name change bought one mean ex boyfriend need girl trip stat,0,Negative,-0.5898368451744318,0.6091771125793457,0.37148264050483704,0.019340267404913902
570013523650048002,2015-02-24 00:13:09+00:00,2015-02-24,0,Tuesday,Virgin America,@VirginAmerica are flights leaving Dallas for Seattle on time Feb 24?,USER flight leaving dallas seattle time feb NUMBER,0,Neutral,0.014094234444200993,0.010229387320578098,0.9654470086097717,0.02432362176477909
570015527961272321,2015-02-24 00:21:06+00:00,2015-02-24,0,Tuesday,American,"@AmericanAir trying to change flight via DFW tomorrow, can't get thru on phone, long wait then cut off x2, can you help please?",USER trying change flight via dfw tomorrow ca get thru phone long wait cut help please,0,Negative,-0.7914448957890272,0.7995960116386414,0.19225287437438965,0.008151115849614143
570016770708283392,2015-02-24 00:26:03+00:00,2015-02-24,0,Tuesday,American,@AmericanAir any ways to get through the 50 minute wait to book a flight?,USER way get NUMBER minute wait book flight,0,Neutral,-0.3018751610070467,0.32319432497024536,0.6554864645004272,0.021319163963198662
570018892031991808,2015-02-24 00:34:28+00:00,2015-02-24,0,Tuesday,US Airways,@USAirways I just want to be heard and to discuss the many issues on my trip,USER want heard discus many issue trip,0,Neutral,0.033847421407699585,0.11343689262866974,0.7392788529396057,0.14728431403636932
570021075355963392,2015-02-24 00:43:09+00:00,2015-02-24,0,Tuesday,United,"@united also, the mere fact that I have to go online to issue a statement vice calling and talking to some directly is one good example.",USER also mere fact go online issue statement vice calling talking directly one good example,0,Negative,-0.46385596692562103,0.5093781352043152,0.44509971141815186,0.04552216827869415
570022626724220928,2015-02-24 00:49:19+00:00,2015-02-24,0,Tuesday,US Airways,@USAirways I have better Intel than she does! She said plane is due in at 630. Flightaware and your own app say 645,USER better intel said plane due NUMBER flightaware app say NUMBER,0,Neutral,-0.2351006269454956,0.3142213523387909,0.606657862663269,0.07912072539329529
570025428095770624,2015-02-24 01:00:27+00:00,2015-02-24,1,Tuesday,American,"@AmericanAir upgraded to 1st class. Inquired about red wine. ""Sauvignon blanc &amp; I can't pronounce the other one."" Couldn't describe...",USER upgraded class inquired red wine sauvignon blanc amp ca pronounce one could describe,0,Neutral,-0.31646571308374405,0.4244402348995209,0.4675852358341217,0.10797452181577682
570025482344898560,2015-02-24 01:00:40+00:00,2015-02-24,1,Tuesday,Virgin America,"@VirginAmerica Hey, first time flyer next week - excited! But I'm having a hard time getting my flights added to my Elevate account. Help?",USER hey first time flyer next week excited hard time getting flight added elevate account help,0,Neutral,-0.13099801540374756,0.3551870286464691,0.42062392830848694,0.22418901324272156
570029599930880000,2015-02-24 01:17:01+00:00,2015-02-24,1,Tuesday,American,@AmericanAir can you help me update a birthday that was incorrectly input in a reservation? This is preventing me from checking in,USER help update birthday incorrectly input reservation preventing checking,0,Negative,-0.7185028158128262,0.7287209033966064,0.2610609829425812,0.010218087583780289
570030390309552128,2015-02-24 01:20:10+00:00,2015-02-24,1,Tuesday,Delta,@JetBlue plan to repair its brand http://t.co/ui9M8YpzH2 via @WSJ,USER plan repair brand URL via USER,0,Neutral,0.04436127934604883,0.012591029517352581,0.9304567575454712,0.05695230886340141
570031211336368128,2015-02-24 01:23:26+00:00,2015-02-24,1,Tuesday,Southwest,@SouthwestAir is my favorite airlines. I've never had issues with them. Plus there crew is entertaining.,USER favorite airline never issue plus crew entertaining,0,Positive,0.9687130358070135,0.005960771813988686,0.019365418702363968,0.9746738076210022
570032541933051904,2015-02-24 01:28:43+00:00,2015-02-24,1,Tuesday,American,@AmericanAir have such a bad rep for loosing costumers luggage. I stopped flying them a while back.,USER bad rep loosing costumer luggage stopped flying back,0,Negative,-0.929632225073874,0.935459315776825,0.05871354043483734,0.0058270907029509544
570036327825195008,2015-02-24 01:43:45+00:00,2015-02-24,1,Tuesday,American,@AmericanAir Gabriela in Miami is a very rude employee.Working the MIA-LGA check In. She made experience unpleasant. #customerexperience,USER gabriela miami rude check made experience unpleasant customerexperience,0,Negative,-0.9338465346954763,0.9388628602027893,0.05612080916762352,0.005016325507313013
570037961020080129,2015-02-24 01:50:15+00:00,2015-02-24,1,Tuesday,United,"@united caught earlier flight to ORD. Gate checked bag, and you've lost it at O'Hare. original flight lands in 20minutes. #frustrating!",USER caught earlier flight ord gate checked bag lost original flight land frustrating,0,Negative,-0.8525627003982663,0.8624516725540161,0.12765935063362122,0.009888972155749798
570038564110467074,2015-02-24 01:52:39+00:00,2015-02-24,1,Tuesday,American,@AmericanAir @USAirways need to be reported to the @BBB_media for their complete disregard for paying customers! #DoNotFlyWithThem,USER USER need reported USER complete disregard paying customer donotflywiththem,0,Negative,-0.9260893831960857,0.9332391619682312,0.05961107462644577,0.00714977877214551
570039094257938432,2015-02-24 01:54:45+00:00,2015-02-24,1,Tuesday,United,@united can you assist with current flight status for flt# 1016 out of DFW tomorrow at 6:55am?,USER assist current flight status flt NUMBER dfw tomorrow NUMBER,0,Neutral,0.013061963021755219,0.017763804644346237,0.9514103531837463,0.030825767666101456
570040750412406784,2015-02-24 02:01:20+00:00,2015-02-24,2,Tuesday,American,@AmericanAir the folks at the Executive Platinum desk are great pros. They understand my displeasure with change fees and switch to SW.,USER folk executive platinum desk great pro understand displeasure change fee switch sw,0,Positive,0.561861976981163,0.06755228340625763,0.3030334711074829,0.6294142603874207
570045461077352448,2015-02-24 02:20:03+00:00,2015-02-24,2,Tuesday,American,@AmericanAir is that the flight for tomorrow?,USER flight tomorrow,0,Neutral,0.018552886322140694,0.012595383450388908,0.9562563896179199,0.031148269772529602
570048188830216192,2015-02-24 02:30:53+00:00,2015-02-24,2,Tuesday,US Airways,@USAirways I am a premium #DividendMiles #cardholder. Unacceptable 4 you to #hangup my #customerservice call twice after putting me on hold.,USER premium dividendmiles cardholder unacceptable NUMBER hangup customerservice call twice putting hold,0,Negative,-0.868880320340395,0.8785655498504639,0.11174929141998291,0.009685229510068893
570049195446444033,2015-02-24 02:34:53+00:00,2015-02-24,2,Tuesday,Southwest,@SouthwestAir will do - if you follow back I can DM that info,USER follow back dm info,0,Positive,0.5262072440236807,0.005556667223572731,0.4626794159412384,0.5317639112472534
570050268588597248,2015-02-24 02:39:09+00:00,2015-02-24,2,Tuesday,United,@united can you tell me how to file a claim for clothing that had to be purchased?,USER tell file claim clothing purchased,0,Neutral,-0.08378932252526283,0.10325285792350769,0.8772836327552795,0.019463535398244858
570050785490419712,2015-02-24 02:41:12+00:00,2015-02-24,2,Tuesday,United,"@united http://t.co/hj5kq82Chn, however, is completely under your control—the price was and still is displayed on http://t.co/hj5kq82Chn.",USER URL however completely price still displayed URL,1,Neutral,0.05956918187439442,0.013026466593146324,0.9143779277801514,0.07259564846754074
570056533356224512,2015-02-24 03:04:03+00:00,2015-02-24,3,Tuesday,US Airways,@USAirways Not good. On hold for over an hour. http://t.co/wSgYckCIIO,USER good hold hour URL,1,Negative,-0.9428116944618523,0.9476191401481628,0.04757339879870415,0.00480744568631053
570058699676520448,2015-02-24 03:12:39+00:00,2015-02-24,3,Tuesday,Southwest,@SouthwestAir Twitter cust svc rule 1 Dont say IF we fell short. I just told u u did! #2 If u cant solve problem don't say anything at all!,USER twitter cust svc rule NUMBER dont say fell short told u u NUMBER u cant solve problem say anything,0,Negative,-0.7425133632495999,0.7558463215827942,0.2308206856250763,0.013332958333194256
570059874480091136,2015-02-24 03:17:19+00:00,2015-02-24,3,Tuesday,American,"@AmericanAir seriously, all flights from Detroit to Dallas are Cancelled Flightled 2 days in a row. I want to get home &amp; see my wife &amp; kids.",USER seriously flight detroit dallas cancelled flightled NUMBER day row want get home amp see wife amp kid,0,Negative,-0.8451886931434274,0.8584710359573364,0.12824667990207672,0.013282342813909054
570061334898872321,2015-02-24 03:23:08+00:00,2015-02-24,3,Tuesday,Southwest,"@SouthwestAir in flight wifi + @TMobile wifi calling makes for the best combination. Who doesn't love texting 40,000 feet in the air :D",USER flight wifi USER wifi calling make best combination love texting NUMBER NUMBER foot air,0,Positive,0.9738404455129057,0.0019511280115693808,0.022257234901189804,0.9757915735244751
570061921145065473,2015-02-24 03:25:27+00:00,2015-02-24,3,Tuesday,American,@AmericanAir so disappointed with this airline never again will I book with you guys,USER disappointed airline never book guy,0,Negative,-0.9460509661585093,0.9518072009086609,0.04243658110499382,0.005756234750151634
570063451143462913,2015-02-24 03:31:32+00:00,2015-02-24,3,Tuesday,American,@AmericanAir I've just received the ticket. Thank you for your help,USER received ticket thank help,0,Positive,0.8837829418480396,0.004652064293622971,0.10691286623477936,0.8884350061416626
570064381410734080,2015-02-24 03:35:14+00:00,2015-02-24,3,Tuesday,Southwest,@SouthwestAir reference #: 261093929756,USER reference NUMBER,0,Neutral,0.026487942785024643,0.03656156733632088,0.9003889560699463,0.06304951012134552
570068435805310976,2015-02-24 03:51:21+00:00,2015-02-24,3,Tuesday,United,@united I hope so too,USER hope,0,Positive,0.9205429470166564,0.008333929814398289,0.06278923898935318,0.9288768768310547
570068649295241216,2015-02-24 03:52:12+00:00,2015-02-24,3,Tuesday,American,.@AmericanAir Hopefully it's all fixed. They've got a new aircraft for us- just waiting to board.,USER hopefully fixed got new aircraft waiting board,0,Positive,0.7305848132818937,0.015914486721158028,0.23758627474308014,0.7464993000030518
570070483338731520,2015-02-24 03:59:29+00:00,2015-02-24,3,Tuesday,American,@AmericanAir which one.?i have been booked on 6 different ones in the past 2 days,USER one booked NUMBER different one past NUMBER day,0,Neutral,0.007932189851999283,0.04931651055812836,0.8934347629547119,0.05724870041012764
570073396152676352,2015-02-24 04:11:03+00:00,2015-02-24,4,Tuesday,American,@AmericanAir what can AA do for a load of people about to board their 5th plane of a very long day when the first 4 were unserviceable,USER aa load people board plane long day first NUMBER unserviceable,0,Negative,-0.8410377241671085,0.8488197326660156,0.143398255109787,0.007782008498907089
570073507465469952,2015-02-24 04:11:30+00:00,2015-02-24,4,Tuesday,US Airways,"@USAirways - No live person to speak with all day at Dividend Miles, after they wrongfully took over 65,000 miles out of my account.",USER live person speak day dividend mile wrongfully took NUMBER NUMBER mile account,0,Negative,-0.8936886372976005,0.899095356464386,0.09549794346094131,0.005406719166785479
570073661241057280,2015-02-24 04:12:06+00:00,2015-02-24,4,Tuesday,Delta,@JetBlue Happy Anniversary!! It's hard to believe you're 15!! You're so young!,USER happy anniversary hard believe NUMBER young,0,Positive,0.9860154360067099,0.0033589035738259554,0.007266795728355646,0.9893743395805359
570073757508726784,2015-02-24 04:12:29+00:00,2015-02-24,4,Tuesday,United,@united you guys continue to impress me in Houston. http://t.co/cIh1qNllcM,USER guy continue impress houston URL,1,Positive,0.979121083393693,0.002904420718550682,0.015070099383592606,0.9820255041122437
570076792993611776,2015-02-24 04:24:33+00:00,2015-02-24,4,Tuesday,Virgin America,@VirginAmerica this is great news! America could start flights to Hawaii by end of year http://t.co/r8p2Zy3fe4 via @Pacificbiznews,USER great news america could start flight hawaii end year URL via USER,0,Positive,0.9828983021434397,0.0011384414974600077,0.014824844896793365,0.9840367436408997
570077431484121088,2015-02-24 04:27:05+00:00,2015-02-24,4,Tuesday,American,@AmericanAir With snow/ice forecast DFW Tu pm-We am what is change policy on reservations we hold Wed morning? Any leeway??,USER forecast dfw tu change policy reservation hold wed morning leeway,0,Neutral,-0.12833173759281635,0.1465085744857788,0.8353145718574524,0.018176836892962456
570080863720878081,2015-02-24 04:40:44+00:00,2015-02-24,4,Tuesday,United,@united why would they make me share a room?,USER would make share room,0,Negative,-0.5914559094235301,0.6013917326927185,0.38867244124412537,0.009935823269188404
570082243596591104,2015-02-24 04:46:13+00:00,2015-02-24,4,Tuesday,United,@united @luke_mcintosh68 nah you wouldn't,USER USER nah would,0,Neutral,-0.293467003852129,0.33888307213783264,0.6157008409500122,0.04541606828570366
570084337099673600,2015-02-24 04:54:32+00:00,2015-02-24,4,Tuesday,US Airways,"@USAirways Instead, the miles are credited to an account that i did not open -- My request to merge the accounts is denied",USER instead mile credited account open request merge account denied,0,Negative,-0.811743073631078,0.8183647990226746,0.1750134527683258,0.006621725391596556
570084406204997632,2015-02-24 04:54:48+00:00,2015-02-24,4,Tuesday,US Airways,@USAirways No one picks up the phone all day/ no opportunity to leave a voicemail,USER one pick phone opportunity leave voicemail,0,Negative,-0.7782413884997368,0.7908385396003723,0.19656425714492798,0.012597151100635529
570084883332239360,2015-02-24 04:56:42+00:00,2015-02-24,4,Tuesday,Delta,@JetBlue Hey guys do you have a tail number assigned yet to flight 1373 for tomorrow?,USER hey guy tail number assigned yet flight NUMBER tomorrow,0,Neutral,0.04097460862249136,0.012478497810661793,0.9340684413909912,0.05345310643315315
570085229576265728,2015-02-24 04:58:05+00:00,2015-02-24,4,Tuesday,US Airways,@USAirways Three months and my miles haven't been credited. No one is going to read the email I sent.,USER three month mile credited one going read email sent,0,Negative,-0.8993413271382451,0.9054715633392334,0.08839814364910126,0.006130236200988293
570085423801888768,2015-02-24 04:58:51+00:00,2015-02-24,4,Tuesday,US Airways,@USAirways I'm glad this airline is going to be swallowed by American!!! American always picks up the phone and solves problems.,USER glad airline going swallowed american american always pick phone solves problem,0,Positive,0.4939144402742386,0.13845466077327728,0.22917623817920685,0.6323691010475159
570086434410930176,2015-02-24 05:02:52+00:00,2015-02-24,5,Tuesday,American,@AmericanAir do you have hand sanitizer in the bathrooms on your flights?,USER hand sanitizer bathroom flight,0,Neutral,0.0025132670998573303,0.03207708150148392,0.933332622051239,0.03459034860134125
570090102195486722,2015-02-24 05:17:26+00:00,2015-02-24,5,Tuesday,United,“@united: @Darquenloveli We regret to hear this. Please let us know if you need assistance. ^KN” I was finally able to secure my seat. Thx,USER USER regret hear please let u know need assistance finally able secure seat thx,0,Neutral,-0.13565056025981903,0.26078468561172485,0.6140812039375305,0.12513412535190582
570092184948645889,2015-02-24 05:25:43+00:00,2015-02-24,5,Tuesday,American,@AmericanAir I FOUND MY FOOTAGE!! :D I am so so happy.,USER found footage happy,0,Positive,0.9862955280113965,0.0035504631232470274,0.006603628396987915,0.9898459911346436
570092210466611200,2015-02-24 05:25:49+00:00,2015-02-24,5,Tuesday,American,"@AmericanAir your online site doesn't have flights listed in chronological order, resulting in a mis-purchase. Anything that can be done?",USER online site flight listed chronological order resulting anything done,0,Negative,-0.7801491064019501,0.7863762378692627,0.20739668607711792,0.006227131467312574
570093170874302464,2015-02-24 05:29:38+00:00,2015-02-24,5,Tuesday,United,@united Deep Vein thrombosis,USER deep vein thrombosis,0,Neutral,-0.03138049319386482,0.08834294974803925,0.8546946048736572,0.05696245655417442
570095443364831232,2015-02-24 05:38:40+00:00,2015-02-24,5,Tuesday,American,@AmericanAir followed! Sure hope you can help!,USER followed sure hope help,0,Positive,0.9614238224457949,0.0033058442641049623,0.031964514404535294,0.9647296667098999
570098489943666688,2015-02-24 05:50:46+00:00,2015-02-24,5,Tuesday,American,@AmericanAir @united @SpiritAirPR @Fioretti2ndWard @ChicagosMayor @garcia4chicago BS that #Noise #Late Flight #NoRahm http://t.co/CFzdJmn0uI,USER USER USER USER USER USER b noise late flight norahm URL,0,Negative,-0.8121545491740108,0.8206709027290344,0.17081277072429657,0.00851635355502367
570099762709581824,2015-02-24 05:55:50+00:00,2015-02-24,5,Tuesday,United,@united yes I do.,USER yes,0,Neutral,0.32652158103883266,0.017773473635315895,0.6379314661026001,0.34429505467414856
570099970742886400,2015-02-24 05:56:39+00:00,2015-02-24,5,Tuesday,American,@AmericanAir TSA. When I tried to check in the things I've bought your people told me it was Late Flight to do it. So... I want my things back,USER tsa tried check thing bought people told late flight want thing back,0,Negative,-0.7606333810836077,0.7703754901885986,0.21988236904144287,0.00974210910499096
570102708734197760,2015-02-24 06:07:32+00:00,2015-02-24,6,Tuesday,Delta,@JetBlue the worst flying experience I've ever suffered through. I'd appreciate my money back.,USER worst flying experience ever suffered appreciate money back,0,Negative,-0.9510793592780828,0.9565331339836121,0.03801301494240761,0.005453774705529213
570105020999344128,2015-02-24 06:16:43+00:00,2015-02-24,6,Tuesday,United,“@united: @MelanieSpring We'll see what we can do. ^KN” We are running! Most of this plane is running. Thanks for the help!,USER USER see running plane running thanks help,0,Positive,0.8832439319230616,0.005251394119113684,0.1062532290816307,0.8884953260421753
570108724636831745,2015-02-24 06:31:26+00:00,2015-02-24,6,Tuesday,United,@lindaSWC @united: We don't like to hear you had a poor experience. Please share details w/our Customer Care team http://t.co/HIsc4NdMgZ.,USER USER like hear poor experience please share detail customer care team URL,0,Negative,-0.8831870132125914,0.8902404308319092,0.1027061715722084,0.00705341761931777
570128126480674816,2015-02-24 07:48:32+00:00,2015-02-24,7,Tuesday,American,"@AmericanAir pity that a machine replied, or perhaps my story not unusual. Expected better response given article in in-flight magazine.",USER pity machine replied perhaps story unusual expected better response given article magazine,0,Negative,-0.664848318323493,0.6848623752593994,0.29512354731559753,0.02001405693590641
570133621870174209,2015-02-24 08:10:22+00:00,2015-02-24,8,Tuesday,American,@AmericanAir they are giving cots to the people that did not get hotel rooms...that is terrible..,USER giving cot people get hotel room terrible,0,Negative,-0.9145433572120965,0.9193409085273743,0.07586146891117096,0.004797551315277815
570137063716216832,2015-02-24 08:24:03+00:00,2015-02-24,8,Tuesday,American,@AmericanAir try contacting everyone on that flight with a refund offer and we might believe you are sincere,USER try contacting everyone flight refund offer might believe sincere,0,Neutral,0.16600967571139336,0.050621021538972855,0.73274827003479,0.2166306972503662
570150741022617600,2015-02-24 09:18:24+00:00,2015-02-24,9,Tuesday,American,@AmericanAir no; I just expect a higher level of customer service &amp; for the flight crews to give us accurate information,USER expect higher level customer service amp flight crew give u accurate information,0,Neutral,-0.03969384729862213,0.16715262830257416,0.705388605594635,0.12745878100395203
570162212616212480,2015-02-24 10:03:59+00:00,2015-02-24,10,Tuesday,American,"@AmericanAir leave us stranded, send baggage with important medication to different city for 4days&amp;apologise with a $50 voucher. appalling.",USER leave u stranded send baggage important medication different city amp apologise NUMBER voucher appalling,0,Negative,-0.9217187818139791,0.9263762831687927,0.06896622478961945,0.004657501354813576
570168203470446592,2015-02-24 10:27:47+00:00,2015-02-24,10,Tuesday,Delta,"@JetBlue here we go again, 2nd round trip to CA in a week #TrueBlue",USER go round trip ca week trueblue,0,Neutral,0.37066974490880966,0.021132297813892365,0.5870657563209534,0.391802042722702
570174964856266752,2015-02-24 10:54:39+00:00,2015-02-24,10,Tuesday,American,@AmericanAir oh no she left the counter and went downstairs. Then she told Elise an agent that joined her not to come over to counter.,USER oh left counter went downstairs told elise agent joined come counter,0,Neutral,-0.11027877032756805,0.13761644065380096,0.8350458145141602,0.02733767032623291
570175858469515264,2015-02-24 10:58:12+00:00,2015-02-24,10,Tuesday,American,"@AmericanAir when you strand someone in a city without luggage you would think AA would want to earn your business, but guess not?",USER strand someone city without luggage would think aa would want earn business guess,0,Negative,-0.6126367310062051,0.6255884170532227,0.361459881067276,0.012951686047017574
570176104541122561,2015-02-24 10:59:11+00:00,2015-02-24,10,Tuesday,American,@AmericanAir merged airlines do not work for FF programs. Very frustrating and the gate agents are to busy pouting to care. #AttitudeIssues,USER merged airline work ff program frustrating gate agent busy pouting care attitudeissues,0,Negative,-0.9266742593608797,0.9323350191116333,0.06200418993830681,0.005660759750753641
570176998355701760,2015-02-24 11:02:44+00:00,2015-02-24,11,Tuesday,United,@united another awesome new plane flight 1584 and extremely nice Captain Steve Connolly.,USER another awesome new plane flight NUMBER extremely nice captain steve connolly,0,Positive,0.9844005152117461,0.0032223418820649385,0.009154807776212692,0.987622857093811
570177745759678466,2015-02-24 11:05:42+00:00,2015-02-24,11,Tuesday,American,"@AmericanAir Ps, I was right.",USER p right,0,Positive,0.5411602146923542,0.02843184396624565,0.4019761383533478,0.5695920586585999
570180010125864960,2015-02-24 11:14:42+00:00,2015-02-24,11,Tuesday,American,"@AmericanAir Embassy Suites 13341 Woodland Park Drive Herndon, Virginia, 20171 US +1-703-464-0200",USER embassy suite NUMBER woodland park drive herndon virginia NUMBER u NUMBER NUMBER NUMBER NUMBER,0,Neutral,0.01677118055522442,0.017632095143198967,0.947964608669281,0.034403275698423386
570181700036087809,2015-02-24 11:21:25+00:00,2015-02-24,11,Tuesday,American,@AmericanAir just wow Regina just told me I can't file or request a lost bag statement until I finish my travel. So until I get to DC argg,USER wow regina told ca file request lost bag statement finish travel get dc argg,0,Negative,-0.672651331871748,0.6942968964576721,0.2840575873851776,0.02164556458592415
570185364746461184,2015-02-24 11:35:59+00:00,2015-02-24,11,Tuesday,American,@AmericanAir re-staff and commence new policies because your industry is so embarrassed by you.,USER commence new policy industry embarrassed,0,Negative,-0.8920340277254581,0.9008532762527466,0.09032751619815826,0.008819248527288437
570188353984958464,2015-02-24 11:47:51+00:00,2015-02-24,11,Tuesday,United,@united YOU GUYS ARE HORRIBLE.,USER guy horrible,0,Negative,-0.9326363056898117,0.9411779642105103,0.05028032138943672,0.008541658520698547
570192452486889473,2015-02-24 12:04:08+00:00,2015-02-24,12,Tuesday,Delta,@JetBlue now out of A gates and into main terminal @ DCA. @NATCA members keeping watch from ATCT. #avgeek http://t.co/hPsiEaokwh,USER gate main terminal dca USER member keeping watch atct avgeek URL,2,Neutral,0.03557989653199911,0.006706275977194309,0.951007604598999,0.04228617250919342
570195089869447168,2015-02-24 12:14:37+00:00,2015-02-24,12,Tuesday,American,"Thanks, @chasefoster. Was just about to book a flight to UK using @AmericanAir, but after reading this exchange, there's no way. I've sent",thanks USER book flight uk using USER reading exchange way sent,0,Neutral,-0.17542456090450287,0.31353259086608887,0.5483593940734863,0.138108029961586
570197146894520320,2015-02-24 12:22:48+00:00,2015-02-24,12,Tuesday,Delta,"@JetBlue Hi there, any rough idea of when January 2016 flights will be made available?",USER hi rough idea january NUMBER flight made available,0,Neutral,0.023152954876422882,0.026243068277835846,0.9243608713150024,0.04939602315425873
570203842542829568,2015-02-24 12:49:24+00:00,2015-02-24,12,Tuesday,Southwest,@SouthwestAir three hour flight to Orlando and no wifi? Uncool. #firstworldproblems,USER three hour flight orlando wifi uncool firstworldproblems,0,Negative,-0.8740274775773287,0.88401198387146,0.10600356012582779,0.009984506294131279
570204219191504896,2015-02-24 12:50:54+00:00,2015-02-24,12,Tuesday,US Airways,@USAirways just wasted another hour of my life on hold. this is insanity. there has to be another way to use my voucher as payment online,USER wasted another hour life hold insanity another way use voucher payment online,0,Negative,-0.9317854307591915,0.9377423524856567,0.056300729513168335,0.005956921726465225
570204435663581184,2015-02-24 12:51:46+00:00,2015-02-24,12,Tuesday,American,@AmericanAir great job TYR ground crew...now let's get this bird outta here!!! Tell flight 3200 to wait on me...be there in 45 mikes!,USER great job tyr ground crew let get bird outta tell flight NUMBER wait NUMBER mike,0,Positive,0.9108569752424955,0.009761558845639229,0.06961990892887115,0.9206185340881348
570205880504815616,2015-02-24 12:57:30+00:00,2015-02-24,12,Tuesday,United,"@united I'm grounded in Montreal with ua3659. I am missing my connection ua3417 to St. Louis. Can you help,Do you have a private jet for me?",USER grounded montreal missing connection louis help private jet,0,Negative,-0.534094613045454,0.5500897765159607,0.43391504883766174,0.015995163470506668
570208992439312384,2015-02-24 13:09:52+00:00,2015-02-24,13,Tuesday,American,"@AmericanAir yes starting w/ flight 1278, getting me home more than 48 hours Late Flightr. record locator BSUXLU",USER yes starting flight NUMBER getting home NUMBER hour late flightr record locator bsuxlu,0,Neutral,0.16999076772481203,0.010684634558856487,0.8086400032043457,0.18067540228366852
570210502955155456,2015-02-24 13:15:52+00:00,2015-02-24,13,Tuesday,Southwest,@SouthwestAir weather where? And at what time Cancelled Flighted? No I can't because meeting was today.,USER weather time cancelled flighted ca meeting today,0,Negative,-0.6537702940404415,0.6631425619125366,0.32748520374298096,0.009372267872095108
570212050548461568,2015-02-24 13:22:01+00:00,2015-02-24,13,Tuesday,American,@AmericanAir She seems a little preoccupied - that's why I'm bringing it to your attention. I am just flagging an issue as an observer.,USER seems little preoccupied bringing attention flagging issue observer,0,Neutral,-0.27537159249186516,0.3039073944091797,0.6675567030906677,0.02853580191731453
570214968622239744,2015-02-24 13:33:37+00:00,2015-02-24,13,Tuesday,Southwest,@SouthwestAir sent,USER sent,0,Neutral,0.13457481935620308,0.044967170804739,0.7754908800125122,0.17954199016094208
570217639584395264,2015-02-24 13:44:14+00:00,2015-02-24,13,Tuesday,US Airways,@USAirways We're back at a gate. Opposite of wheels up. Im sure we'll get thete eventually. So thanks.,USER back gate opposite wheel im sure get thete eventually thanks,0,Neutral,0.32099559903144836,0.056521445512771606,0.5659615397453308,0.37751704454421997
570217831557677057,2015-02-24 13:44:59+00:00,2015-02-24,13,Tuesday,Virgin America,@VirginAmerica do you miss me? Don't worry we'll be together very soon.,USER miss worry together soon,0,Positive,0.7321088295429945,0.015804888680577278,0.2362813502550125,0.7479137182235718
570218794414673921,2015-02-24 13:48:49+00:00,2015-02-24,13,Tuesday,American,@AmericanAir You sent me a cheque today which can’t be paid into a UK bank account. VERY annoying!,USER sent cheque today paid uk bank account annoying,0,Negative,-0.91105703311041,0.9178205132484436,0.07541603595018387,0.0067634801380336285
570225098189348864,2015-02-24 14:13:52+00:00,2015-02-24,14,Tuesday,American,@AmericanAir and is there a delay on our connection to pns?,USER delay connection pns,0,Neutral,-0.33049069344997406,0.3399535119533539,0.6505836844444275,0.009462818503379822
570225899964129281,2015-02-24 14:17:03+00:00,2015-02-24,14,Tuesday,Delta,@JetBlue sounds great! Thank you!! :),USER sound great thank,0,Positive,0.9828015305101871,0.003603663295507431,0.009991072118282318,0.9864051938056946
570227814575804416,2015-02-24 14:24:39+00:00,2015-02-24,14,Tuesday,Southwest,@SouthwestAir why was Southwest only airline to Cancelled Flight all flights from Charleston? Was 7:50pm flight Cancelled Flightation really weather reLate Flightd?,USER southwest airline cancelled flight flight charleston NUMBER flight cancelled flightation really weather relate flightd,0,Negative,-0.6077960478141904,0.6167054176330566,0.37438517808914185,0.008909369818866253
570229133445242880,2015-02-24 14:29:54+00:00,2015-02-24,14,Tuesday,United,@united so you're telling me there is no number to call after being left in an airport because of a negligent pilot and staff?,USER telling number call left airport negligent pilot staff,0,Negative,-0.8757763435132802,0.8799332976341248,0.11590977013111115,0.004156954120844603
570229176621510659,2015-02-24 14:30:04+00:00,2015-02-24,14,Tuesday,US Airways,@USAirways they have all of this at hotels. Still don't have my work folder or business casual clothes. #worst http://t.co/JIEYCat1Ek,USER hotel still work folder business casual clothes worst URL,0,Negative,-0.8980767442844808,0.9050495028495789,0.08797777444124222,0.006972758565098047
570231786824994816,2015-02-24 14:40:27+00:00,2015-02-24,14,Tuesday,US Airways,@USAirways Thanks again for ruiningmy vacation. You all are the best for this. Could not have done it without you.,USER thanks ruiningmy vacation best could done without,0,Positive,0.8887069262564182,0.03541737422347069,0.040458355098962784,0.9241243004798889
570234327071629312,2015-02-24 14:50:32+00:00,2015-02-24,14,Tuesday,American,@AmericanAir @cityandsand we're trying to coordinate an airport hand-off of Nutella! #veryimportantproject,USER USER trying coordinate airport nutella veryimportantproject,0,Positive,0.8334816573187709,0.0032919766381382942,0.15993435680866241,0.8367736339569092
570236690637459456,2015-02-24 14:59:56+00:00,2015-02-24,14,Tuesday,American,@AmericanAir simply amazing. Smiles for miles.Thank u for my upgrade tomorrow for ORD.We are spending a lot of time together next few weeks!,USER simply amazing smile u upgrade tomorrow spending lot time together next week,0,Positive,0.9863829819951206,0.003080585738644004,0.007455824874341488,0.9894635677337646
570237238631669763,2015-02-24 15:02:06+00:00,2015-02-24,15,Tuesday,American,@AmericanAir I am dealing with the reFlight Booking Problems agent in the Miami airport now,USER dealing reflight booking problem agent miami airport,0,Neutral,-0.17590390890836716,0.19555306434631348,0.7847977876663208,0.01964915543794632
570237440616570880,2015-02-24 15:02:54+00:00,2015-02-24,15,Tuesday,Delta,“@JetBlue: Our fleet's on fleek. http://t.co/clu5pdPrHP” :(,USER fleet fleek URL,0,Negative,-0.2667677700519562,0.42517051100730896,0.41642677783966064,0.15840274095535278
570237629775675392,2015-02-24 15:03:40+00:00,2015-02-24,15,Tuesday,United,"@united bet you wont honour them, like mine ey",USER bet wont honour like mine ey,0,Negative,-0.7726109325885773,0.7841140627861023,0.2043827921152115,0.011503130197525024
570245656972894208,2015-02-24 15:35:33+00:00,2015-02-24,15,Tuesday,Southwest,@SouthwestAir is there a resource to check delays/Cancelled Flightlations out of Love Field? Flying out tomorrow am and stressed about weather! ❄️,USER resource check flightlations love field flying tomorrow stressed weather,0,Negative,-0.7138428948819637,0.7308626174926758,0.25211766362190247,0.01701972261071205
570245996334190592,2015-02-24 15:36:54+00:00,2015-02-24,15,Tuesday,United,@united does this process ever end? Still waiting for the reply since 2 months #pathetic #customerservice,USER process ever end still waiting reply since NUMBER month pathetic customerservice,0,Negative,-0.9153322968631983,0.9215117692947388,0.07230876386165619,0.006179472431540489
570246963901427713,2015-02-24 15:40:45+00:00,2015-02-24,15,Tuesday,United,@united ok it's now been 7 months waiting to hear from airline. I gave them quite a bit more than the 30 days requested! Terrible service,USER ok NUMBER month waiting hear airline gave quite bit NUMBER day requested terrible service,0,Negative,-0.9336649784818292,0.9393032193183899,0.05505858734250069,0.005638240836560726
570247850858147840,2015-02-24 15:44:16+00:00,2015-02-24,15,Tuesday,American,@AmericanAir Yes I am. 2495/1170. RNO departure at 1229 on 2/25 w/connection at DFW to LGA. I can do the 1120am to LAX and then to JFK,USER yes NUMBER NUMBER rno departure NUMBER NUMBER NUMBER dfw lga lax jfk,0,Neutral,0.13591131521388888,0.007296309340745211,0.849496066570282,0.1432076245546341
570248035369820162,2015-02-24 15:45:00+00:00,2015-02-24,15,Tuesday,Southwest,"@SouthwestAir: #VIPLiveintheVieyard - first time we tried to redeem pts for *anything*, it really did not go well. #disappointed",USER vipliveinthevieyard first time tried redeem pt anything really go well disappointed,0,Negative,-0.9126775721088052,0.9192933440208435,0.07409090548753738,0.006615771912038326
570248242853773312,2015-02-24 15:45:50+00:00,2015-02-24,15,Tuesday,US Airways,@USAirways haha no worries you guys are the best! +1 for spelling my name correctly,USER haha worry guy best NUMBER spelling name correctly,0,Positive,0.9817623812705278,0.0042937081307172775,0.009650235995650291,0.9860560894012451
570248591295557632,2015-02-24 15:47:13+00:00,2015-02-24,15,Tuesday,Delta,“@JetBlue: Our fleet's on fleek. http://t.co/b5ttno68xu” I just 🙈,USER fleet fleek URL,0,Positive,0.7861616481095552,0.017435146495699883,0.17896801233291626,0.8035967946052551
570249871107723264,2015-02-24 15:52:18+00:00,2015-02-24,15,Tuesday,United,@united Airline trouble this winter &amp; not getting good customer service? contact http://t.co/aQjn4HwNaC we negotiate resolutions for You!,USER airline trouble winter amp getting good customer service contact URL negotiate resolution,0,Negative,-0.8192118126899004,0.8320072293281555,0.1551973819732666,0.01279541663825512
570250780252504064,2015-02-24 15:55:55+00:00,2015-02-24,15,Tuesday,Southwest,@SouthwestAir NOR @SpiritAirlines fly to Toronto?!?!? You're killing me smalls.......,USER USER fly toronto killing small,0,Negative,-0.9012690093368292,0.9081385135650635,0.08499196171760559,0.006869504228234291
570252231624265729,2015-02-24 16:01:41+00:00,2015-02-24,16,Tuesday,Southwest,"@SouthwestAir Why can we no longer change trips with a companion online? Been doing it for years, now get message can't be done online?",USER longer change trip companion online year get message ca done online,0,Negative,-0.756759692914784,0.7655053734779358,0.2257489562034607,0.008745680563151836
570252885809868801,2015-02-24 16:04:17+00:00,2015-02-24,16,Tuesday,American,@AmericanAir Filled out a baggage claim over the phone last night. Check the status to discover the rep confused Arkansas for Alaska 😒,USER filled baggage claim phone last night check status discover rep confused arkansas alaska,0,Negative,-0.6238811230286956,0.6376528739929199,0.34857529401779175,0.013771750964224339
570257429486706688,2015-02-24 16:22:20+00:00,2015-02-24,16,Tuesday,American,"@AmericanAir @USAirways if this is how your merger is going to go, you fail! Huge probls w/comm on DFW storm. Cxld rtrn flts. NOT COOL!!!",USER USER merger going go fail huge probls dfw storm cxld rtrn flts cool,0,Negative,-0.9376338250003755,0.9429240822792053,0.051785677671432495,0.005290257278829813
570259380999860224,2015-02-24 16:30:05+00:00,2015-02-24,16,Tuesday,American,@ods1819 aren't you glad this isn't you RT @AmericanAir: Bet these birds wish they'd flown south for the #winter... http://t.co/HEpkNpuzwU,USER glad rt USER bet bird wish flown south winter URL,0,Negative,-0.637759979814291,0.678897500038147,0.27996498346328735,0.04113752022385597
570261349172973569,2015-02-24 16:37:55+00:00,2015-02-24,16,Tuesday,Southwest,"@SouthwestAir That was Chantilly, Paris, France.",USER chantilly paris france,0,Neutral,0.037282856181263924,0.019894244149327278,0.9229286909103394,0.0571771003305912
570263130141564929,2015-02-24 16:44:59+00:00,2015-02-24,16,Tuesday,Southwest,@SouthwestAir can you please make sense of the companion promo? How to we set it up?,USER please make sense companion promo set,0,Neutral,-0.03424439765512943,0.05584026128053665,0.922563910484314,0.02159586362540722
570263732099649537,2015-02-24 16:47:23+00:00,2015-02-24,16,Tuesday,American,"@AmericanAir @dfwairport That's DFW!? OMG! Yeah cold, everywhere!",USER USER dfw omg yeah cold everywhere,0,Negative,-0.2009076476097107,0.458395779132843,0.2841160297393799,0.2574881315231323
570265300685488129,2015-02-24 16:53:37+00:00,2015-02-24,16,Tuesday,American,"@AmericanAir your definition and mine of 10 min is vastly different. I understand the need to get off the plane for maint, but be honest.",USER definition mine NUMBER min vastly different understand need get plane maint honest,0,Neutral,-0.2235732525587082,0.273450642824173,0.6766719222068787,0.04987739026546478
570265563035004928,2015-02-24 16:54:39+00:00,2015-02-24,16,Tuesday,Southwest,@SouthwestAir from groupA to group C. We have never got to sit next to each other on any south west flight not even on our honey moon,USER groupa group never got sit next south west flight even honey moon,0,Neutral,-0.38020019605755806,0.42103061079978943,0.5381389856338501,0.04083041474223137
570265811623002112,2015-02-24 16:55:39+00:00,2015-02-24,16,Tuesday,Delta,@JetBlue I appreciate the credit for my troubles but the lack of personal response troubles me.,USER appreciate credit trouble lack personal response trouble,0,Negative,-0.8335350891575217,0.8444300889968872,0.14467494189739227,0.010894999839365482
570266871586553856,2015-02-24 16:59:51+00:00,2015-02-24,16,Tuesday,US Airways,@USAirways what's the charge for oversize? Not overweight,USER charge oversize overweight,0,Neutral,-0.07258747145533562,0.1266663521528244,0.8192546963691711,0.054078880697488785
570268558451720193,2015-02-24 17:06:34+00:00,2015-02-24,17,Tuesday,Southwest,"@SouthwestAir then had to watch the staff check off each passenger on the list TWICE, because the first time they forgot look at IDs. Brutal",USER watch staff check passenger list twice first time forgot look id brutal,0,Negative,-0.8332535568624735,0.842863917350769,0.14752578735351562,0.009610360488295555
570270684619923457,2015-02-24 17:15:00+00:00,2015-02-24,17,Tuesday,Virgin America,I ❤️ flying @VirginAmerica. ☺️👍,flying USER,0,Positive,0.9859339115209877,0.002284336369484663,0.00949744414538145,0.9882182478904724
570273188485197825,2015-02-24 17:24:57+00:00,2015-02-24,17,Tuesday,US Airways,"@USAirways ...2 hours on the plane, they at least got us on a direct flight a couple hours Late Flightr on United",USER NUMBER hour plane least got u direct flight couple hour late flightr united,0,Neutral,-0.0019077658653259277,0.129667267203331,0.7425732612609863,0.12775950133800507
570277278627848192,2015-02-24 17:41:13+00:00,2015-02-24,17,Tuesday,Delta,@JetBlue Is there an issue with your website and logging on? (App too?) I know I am entering info correctly but cannot sign in! :(,USER issue website logging app know entering info correctly sign,0,Negative,-0.8667274476028979,0.8740701675415039,0.1185871809720993,0.007342719938606024
570278202897276928,2015-02-24 17:44:53+00:00,2015-02-24,17,Tuesday,US Airways,"@USAirways @AmericanAir I love you guys &amp; I'm gonna let you finish, but I've been on hold for 1 hour trying to book a flight w/ my voucher.",USER USER love guy amp gon na let finish hold NUMBER hour trying book flight voucher,0,Positive,0.8863009214401245,0.01990211009979248,0.07389488816261292,0.906203031539917
570278679491670016,2015-02-24 17:46:47+00:00,2015-02-24,17,Tuesday,Southwest,@SouthwestAir are people in an exit row still supposed to give their verbal approvals? I was never asked on the flight I'm on...,USER people exit row still supposed give verbal approval never asked flight,0,Neutral,-0.44936875347048044,0.46276140213012695,0.5238459706306458,0.013392648659646511
570278869133107201,2015-02-24 17:47:32+00:00,2015-02-24,17,Tuesday,American,@AmericanAir my flight 386 to Dallas from Jacksonville fl has been Cancelled Flightled. No one has notified me. What's going on?,USER flight NUMBER dallas jacksonville fl cancelled flightled one notified going,0,Negative,-0.8421589881181717,0.8466583490371704,0.14884231984615326,0.004499360918998718
570279050276704257,2015-02-24 17:48:15+00:00,2015-02-24,17,Tuesday,US Airways,"@USAirways ""Airport snow removal method #22..."" Keep up the good work folks, this is where Cessna's become 747's! http://t.co/0JJT4X3YxG",USER airport snow removal method NUMBER keep good work folk cessna become NUMBER URL,0,Positive,0.9417031779885292,0.0032032355666160583,0.05189036577939987,0.9449064135551453
570279118438182913,2015-02-24 17:48:31+00:00,2015-02-24,17,Tuesday,American,"@AmericanAir great, thanks!",USER great thanks,0,Positive,0.9762245342135429,0.00428897887468338,0.015197471715509892,0.9805135130882263
570279787287093248,2015-02-24 17:51:11+00:00,2015-02-24,17,Tuesday,Delta,@JetBlue it's poop and barely works,USER poop barely work,0,Negative,-0.9229471869766712,0.9296050071716309,0.06373713165521622,0.0066578201949596405
570283824040382464,2015-02-24 18:07:13+00:00,2015-02-24,18,Tuesday,Southwest,@SouthwestAir round-trip tickets just arrived for our auction at the Post-Masters Invitational! Thanks Southwest! http://t.co/mRfBjtePef,USER ticket arrived auction invitational thanks southwest URL,0,Positive,0.9499849781859666,0.0012709989678114653,0.047473013401031494,0.9512559771537781
570284855163883520,2015-02-24 18:11:19+00:00,2015-02-24,18,Tuesday,US Airways,@USAirways 59 minutes now. Nice customer service you got going on.,USER NUMBER minute nice customer service got going,0,Positive,0.9538432350382209,0.005894423462450504,0.034367941319942474,0.9597376585006714
570288039454486529,2015-02-24 18:23:58+00:00,2015-02-24,18,Tuesday,US Airways,"@USAirways: u didn't bother following up, we booked with @Delta. @Delta understands cust srv: provided lunch 4 delays &amp; upgraded seats!",USER u bother following booked USER USER understands cust srv provided lunch NUMBER delay amp upgraded seat,0,Neutral,-0.16020522266626358,0.26017534732818604,0.6398545503616333,0.09997012466192245
570289080090689536,2015-02-24 18:28:06+00:00,2015-02-24,18,Tuesday,Southwest,@SouthwestAir weather bc of system outage. Hopefully everything goes smoothly now. Thank you for follow up,USER weather bc system outage hopefully everything go smoothly thank follow,0,Neutral,0.19057033210992813,0.09995152801275253,0.6095265746116638,0.29052186012268066
570290337169739776,2015-02-24 18:33:06+00:00,2015-02-24,18,Tuesday,American,@AmericanAir I need a flight out tonight. Isn't there anything else?,USER need flight tonight anything else,0,Neutral,-0.007528413087129593,0.0521589070558548,0.9032105803489685,0.044630493968725204
570290421336813568,2015-02-24 18:33:26+00:00,2015-02-24,18,Tuesday,US Airways,@USAirways thank you!!,USER thank,0,Positive,0.9489403888583183,0.007725484669208527,0.03560865670442581,0.9566658735275269
570291219919736832,2015-02-24 18:36:36+00:00,2015-02-24,18,Tuesday,Southwest,@SouthwestAir Just DMed you my confirmation number.,USER dmed confirmation number,0,Neutral,0.13282193057239056,0.010970400646328926,0.8452372550964355,0.14379233121871948
570291492545298432,2015-02-24 18:37:41+00:00,2015-02-24,18,Tuesday,United,@united I lost a voucher that I was given in Miami aeroport on jan 26. I did not use it.,USER lost voucher given miami aeroport jan NUMBER use,0,Negative,-0.794096551835537,0.8016887903213501,0.190718874335289,0.007592238485813141
570295405818335236,2015-02-24 18:53:14+00:00,2015-02-24,18,Tuesday,US Airways,"@USAirways I forgot my password and I don't know if my username is correct, and i want to use my miles, what i have to do??",USER forgot password know username correct want use mile,0,Negative,-0.7943103276193142,0.8015078902244568,0.19129452109336853,0.007197562605142593
570295576446808065,2015-02-24 18:53:55+00:00,2015-02-24,18,Tuesday,American,@AmericanAir I have been on hold w/customer service line for 68 minutes. This after I was on phone with an agent for 35 min b/f call droped,USER hold service line NUMBER minute phone agent NUMBER min call droped,0,Negative,-0.7131122443825006,0.7253419160842896,0.2624283730983734,0.012229671701788902
570295745921880064,2015-02-24 18:54:36+00:00,2015-02-24,18,Tuesday,American,@AmericanAir thanks keep me updated just hope I make either of my connections to Killeen Tx,USER thanks keep updated hope make either connection killeen tx,0,Positive,0.7435200694017112,0.006142508704215288,0.24419493973255157,0.7496625781059265
570295981985681409,2015-02-24 18:55:32+00:00,2015-02-24,18,Tuesday,American,@AmericanAir don't worry. I'll be sending a letter with what I expect from you for compensation. I fly twice a week w/you guys...for now,USER worry sending letter expect compensation fly twice week guy,0,Neutral,0.30062698386609554,0.016924569383263588,0.665523886680603,0.31755155324935913
570296572375900160,2015-02-24 18:57:53+00:00,2015-02-24,18,Tuesday,American,"@AmericanAir yes yes yes,so glad to be headed home!",USER yes yes yes glad headed home,0,Positive,0.9865751438774168,0.002694768365472555,0.008035361766815186,0.9892699122428894
570298744723415040,2015-02-24 19:06:31+00:00,2015-02-24,19,Tuesday,American,@AmericanAir got another flight. Thanks you,USER got another flight thanks,0,Positive,0.8456452176906168,0.005216808523982763,0.1439211219549179,0.8508620262145996
570299824760860672,2015-02-24 19:10:48+00:00,2015-02-24,19,Tuesday,American,"@AmericanAir Great, thanks. Followed.",USER great thanks followed,0,Positive,0.9626981490291655,0.004739356692880392,0.027823183685541153,0.9674375057220459
570299953286942721,2015-02-24 19:11:19+00:00,2015-02-24,19,Tuesday,Virgin America,"@virginamerica Well, I didn't…but NOW I DO! :-D",USER well,0,Positive,0.939281445229426,0.0037799065466970205,0.05315868929028511,0.943061351776123
570300177367633921,2015-02-24 19:12:12+00:00,2015-02-24,19,Tuesday,American,@AmericanAir What happens when you combine Top Chef &amp; the beauty of San Miguel de Allende. My Late Flightst food blog. http://t.co/7t1rDRCRe6,USER happens combine top chef amp beauty san miguel de allende late flightst food blog URL,0,Positive,0.518974011298269,0.005961830262094736,0.46910229325294495,0.5249358415603638
570301031407624196,2015-02-24 19:15:36+00:00,2015-02-24,19,Tuesday,Virgin America,"@VirginAmerica it's really aggressive to blast obnoxious ""entertainment"" in your guests' faces &amp; they have little recourse",USER really aggressive blast obnoxious entertainment guest face amp little recourse,0,Negative,-0.8810110804624856,0.8880060911178589,0.10499890893697739,0.006995010655373335
570302023993831425,2015-02-24 19:19:32+00:00,2015-02-24,19,Tuesday,United,"@united Gate agent hooked me up with alternate flights. If you have a way to PREVENT the constant issues, that would rock.",USER gate agent hooked alternate flight way prevent constant issue would rock,0,Neutral,0.29008331149816513,0.11213899403810501,0.48563873767852783,0.40222230553627014
570305051819941889,2015-02-24 19:31:34+00:00,2015-02-24,19,Tuesday,American,"@AmericanAir my flight got Cancelled Flightled from GRK to DFW, then to LEX for tomorrow and I need it rebooked.",USER flight got cancelled flightled grk dfw lex tomorrow need rebooked,0,Negative,-0.8137831874191761,0.8209148645401001,0.17195342481136322,0.007131677120923996
570306217001799680,2015-02-24 19:36:12+00:00,2015-02-24,19,Tuesday,United,@united Your ERI-ORD express connections are hugely popular .. now if only we could have an ERI-EWR hop! :),USER express connection hugely popular could hop,0,Positive,0.9774733961094171,0.0021369277965277433,0.018252767622470856,0.9796103239059448
570309145276125185,2015-02-24 19:47:50+00:00,2015-02-24,19,Tuesday,Southwest,@SouthwestAir although I'm not happy you Cancelled Flighted my flight home tomorrow (phx to atl then dca) I am happy on how easy it was to rebook,USER although happy cancelled flighted flight home tomorrow phx atl dca happy easy rebook,0,Neutral,0.0008058249950408936,0.3047655522823334,0.38966304063796997,0.30557137727737427
