tweet_id,tweet_created,airline,retweet_count,text
567595670463205376,2015-02-17 00:05:27 -0800,United,0,@united I like delays less than you because I'm the one on the plane. Connect me with a voucher
567663504102940672,2015-02-17 04:35:00 -0800,Southwest,0,@SouthwestAir We have been stuck in SJU for several hours and no one is answering here. Really tough to LUV SW. No response is bad.
567703258425081857,2015-02-17 07:12:58 -0800,United,0,.@united call my work and tell them it's your fault I'm Late Flight
567710245053407232,2015-02-17 07:40:44 -0800,US Airways,0,@USAirways I have been on hold with your Gold reservations line for OVER 3 HOURS now. Flight Cancelled Flightled. Trying to rebook.
567721764285726720,2015-02-17 08:26:31 -0800,Southwest,0,@SouthwestAir Can you link the article where it says the routes and what times the routes are likely to be? Like TUL-DAL 1:00PM - 7 None
567722294680641538,2015-02-17 08:28:37 -0800,Southwest,0,@SouthwestAir Hi-My flight (BNA to LGA) was Cancelled Flighted this morning--#1814. Looks like other flights out of BNA are taking off. Any chance?
567722937545814018,2015-02-17 08:31:10 -0800,Southwest,0,@SouthwestAir finally!
567728357555437568,2015-02-17 08:52:42 -0800,Delta,0,"@JetBlue no, I am fine to fly! Haha, they come at random, with the hemophilia, but what if i need extra assistance"
567729135733465088,2015-02-17 08:55:48 -0800,US Airways,0,@USAirways thank you for blowing my vacation. Couldn't get me anywhere today to make my reservation and also lost 2 bags of mine!
567730472076464129,2015-02-17 09:01:07 -0800,United,0,@united Gold Star for united- change my flight- miss all connections- but can't accommodate me until a MUCH Late Flightr arrival time-Not HAPPY!
567730952260943873,2015-02-17 09:03:01 -0800,United,0,@united actually we did not consider she might have made a mistake. She did not complain beyond that she indicated it on her reservation.
567731738924032000,2015-02-17 09:06:09 -0800,United,0,@united No but u cld explain how such a disorganized and inefficient company w surly and obviously unhappy employees stays in business.
567733847132229632,2015-02-17 09:14:31 -0800,Delta,0,"@JetBlue Ok great thanks! I had a great flight, FYI. I'm excited to fly again. I just was frustrated I was not able to check in."
567734499669454848,2015-02-17 09:17:07 -0800,US Airways,0,@USAirways hundreds of people in line and less than half the desks being manned at CLT. Help?
567734795849834497,2015-02-17 09:18:17 -0800,United,0,@united Step 1: Cancelled Flight flight. Step 2: Don't notify customer. Step 3: Charge them for food while they try to survive their wait. Brilliant.
567735239456194560,2015-02-17 09:20:03 -0800,Delta,0,"@JetBlue unfortunately no, but hoping I can catch one sometime in the near future!"
567735489688395776,2015-02-17 09:21:03 -0800,Southwest,0,@SouthwestAir Great job with the Passbook integration! It’ll really help streamline the commute to San Fran! 😊☕📲✈
567737554087059457,2015-02-17 09:29:15 -0800,Southwest,0,"@SouthwestAir I noticed the rates increased a few days ago, or the promotion ended. Any idea when another promotion will be coming?? Thanks!"
567737617031380992,2015-02-17 09:29:30 -0800,Southwest,0,"@SouthwestAir its all good. flight eventually took off, and landed safely. oh, and I got the free cup o wine. thx"
567740235061014528,2015-02-17 09:39:54 -0800,Southwest,0,@SouthwestAir @gruber Finally.
567741692854276096,2015-02-17 09:45:42 -0800,United,0,@united Brandi Zabsonre in Denver deserves a raise for bringing delight into a terrible travel situation. big ups http://t.co/TK3aOpdtSQ
567742148603170816,2015-02-17 09:47:31 -0800,Virgin America,0,@VirginAmerica morning. If I have a question regarding elevate points &amp; flights can I DM you?
567742937325260801,2015-02-17 09:50:39 -0800,Virgin America,0,@VirginAmerica Are there any sign up bonuses to enroll in Elevate?
567744571124482048,2015-02-17 09:57:08 -0800,United,0,"@united Is there a way to get  a copy of Feb's edition of Hemisphere
magazine with out flying?"
567744627143213056,2015-02-17 09:57:21 -0800,Southwest,0,@SouthwestAir Thanks a ton!
567744948934426625,2015-02-17 09:58:38 -0800,Southwest,0,@SouthwestAir Trying to add my dog on the flight but can't get through.
567747041976410112,2015-02-17 10:06:57 -0800,United,0,@united when is my plane coming?  Been delayed for almost 7 hours. No plane.
567747668512735232,2015-02-17 10:09:27 -0800,Delta,0,@JetBlue as much i have paid in fees. Plus hotel and food because of your changes i could had flown with a more reliable airline #no2jetblue
567748407070953472,2015-02-17 10:12:23 -0800,Southwest,0,@SouthwestAir or you could send me a DM.
567748973428219904,2015-02-17 10:14:38 -0800,United,0,@united 1591 had wi-fi broken on plane. Had same outage on 1618 on Friday. How can Southwest get it right on every plane but United can't?
567752478309875714,2015-02-17 10:28:33 -0800,Southwest,0,"@SouthwestAir the person I talked to couldn't do anything not normally available online other than the ""no charge"" part."
567753757702647810,2015-02-17 10:33:38 -0800,Virgin America,0,@VirginAmerica really wish you'd fly out of #Fargo @fargoairport those fares are amazings
567753872967528448,2015-02-17 10:34:06 -0800,US Airways,0,.@USAirways we r rebooked. got conflicting info abt baggage. Y no extra plane batteries on hand? Y no comped admirals club for 9 hr wait?
567754136255725568,2015-02-17 10:35:09 -0800,United,1,@united the refund request functionality on http://t.co/5IMDckODfx is broken.i get a time out error.
567755891714174976,2015-02-17 10:42:07 -0800,US Airways,0,@USAirways customer service at its finest
567758478371196928,2015-02-17 10:52:24 -0800,United,0,@United yall tried it with this little bitty plane flying out of boston!! I hate little planes!!!
567760474553348096,2015-02-17 11:00:20 -0800,US Airways,0,@USAirways Haha - that will indeed be a great day!
567763818257063937,2015-02-17 11:13:37 -0800,Delta,0,@JetBlue @KyleJudah It doesn't matter who you directed me to. It's the principle of the matter. When I gate checked the stroller it was
567765558393700352,2015-02-17 11:20:32 -0800,United,0,@united I just need to get to RIC tonight. I've been in EWR for 24hrs now.
567765664459669504,2015-02-17 11:20:57 -0800,Delta,0,"@JetBlue, I normally ❤️ you, but this Late Flightst flight experience was the worst. 2 hours on runway, no wifi &amp; tv not working properly"
567770722882580480,2015-02-17 11:41:03 -0800,Southwest,0,"@SouthwestAir missing out on over 6,000 points in one account. They're now spread over four assuming I create accounts for them"
567772219549478912,2015-02-17 11:47:00 -0800,Southwest,0,@SouthwestAir thanks I think we've got it figured out
567773609939058688,2015-02-17 11:52:31 -0800,United,0,@united quick response offering assistance but lack of follow through - not really the service I was expecting
567774038680801281,2015-02-17 11:54:14 -0800,Delta,0,@JetBlue remember - I'm very doubtful and not very hopeful :(
567775685796589568,2015-02-17 12:00:46 -0800,Southwest,0,@SouthwestAir I just sent it over
567776143273512961,2015-02-17 12:02:35 -0800,Southwest,0,@SouthwestAir flight #211pilot spilled his tea on the radio! Yay for delays! Almost an hour now!
567776364351074304,2015-02-17 12:03:28 -0800,US Airways,0,@USAirways please please please let my plane back to the gate so I can get off as I will miss connection due to CLT closing. 2034
567777150145949697,2015-02-17 12:06:36 -0800,US Airways,0,@USAirways I had a rep 10 min in who said she couldn't help so transferred me to dividend miles customer service
567781607797305345,2015-02-17 12:24:18 -0800,Delta,0,@JetBlue I did get the email. Thought i wasn't supposed to reply to those😂
567783113309585409,2015-02-17 12:30:17 -0800,Southwest,0,@SouthwestAir Having some trouble checking in. Can you please add me so I can DM you
567785042891567104,2015-02-17 12:37:57 -0800,Southwest,0,"@SouthwestAir 4/9/14, I need to fly from GSP to DSM, but claims there's no sched. avail.  I can book separately, but why not together?"
567787240399851520,2015-02-17 12:46:41 -0800,United,0,.@united what link? Those are all the email offers u sent me in a year to buy/transfer miles.The last 1 just expired http://t.co/ZZPs5ywVE2
567787873778278400,2015-02-17 12:49:12 -0800,Virgin America,0,".@VirginAmerica not only was it great, but you return my calls the day after. Couldn't ask for more. #myVXexperience"
567792185832394752,2015-02-17 13:06:20 -0800,Virgin America,0,@VirginAmerica started my flight with a scolding for using an overhead bin that was then offered to the person seated next to me.
567792433687175168,2015-02-17 13:07:19 -0800,United,0,@united I travel a lot and I get it. You're still my fave but EWR to Cleveland w/40 min layover to connect to DC = our best option? Come on.
567793064221130752,2015-02-17 13:09:50 -0800,United,0,@united it would be super if you paid as much attention to actual fliers as you do to credit card holders.
567796029056385024,2015-02-17 13:21:37 -0800,Delta,0,@JetBlue thanks!
567796570197086208,2015-02-17 13:23:46 -0800,United,0,"@united done just now, thanks."
567797436652199936,2015-02-17 13:27:12 -0800,Delta,0,"@JetBlue 
But if customer service ment anything to you.... you would try. Quoting policy is never effective customer service."
567799935173947392,2015-02-17 13:37:08 -0800,United,1,@united I am furious.  You're firm is a disgrace. Despite all our efforts you did zero to protect our daughter. All alone at night # United
567801274293563393,2015-02-17 13:42:27 -0800,US Airways,0,@USAirways I have been rebooked but It has been handled very unprofessionally. Cancelled Flightations happen but the disorganization is uncalled for.
567801645795643393,2015-02-17 13:43:56 -0800,Southwest,0,@SouthwestAir Amazing customer service as well. Will definitely fly with you guys again if my instrument is involved. #10/10
567802602738708480,2015-02-17 13:47:44 -0800,US Airways,0,"@USAirways wow this airline is a joke, absolutely horrendous customer service. you guys should be ashamed."
567802900480585728,2015-02-17 13:48:55 -0800,United,0,@United Airlines' CEO Jeff Smisek: Disloyal to Loyal Workers http://t.co/0cevY3P42b via @HuffPostBiz
567802937394655232,2015-02-17 13:49:04 -0800,Southwest,0,@SouthwestAir think you need to follow me for a DM
567802999880552448,2015-02-17 13:49:19 -0800,Southwest,0,@SouthwestAir You officially have the worst customer service of any airline I've ever dealt with. #southwestairlines #poor
567804663303798784,2015-02-17 13:55:55 -0800,United,0,@united Can you explain how it rewards us elite Premiere 1K members?
567806964832460800,2015-02-17 14:05:04 -0800,Delta,0,@JetBlue Airways Sees Significant Drop in Short Interest (JBLU) - Mideast Time http://t.co/SSBaUJtOuW
567807640660619267,2015-02-17 14:07:45 -0800,Virgin America,0,@VirginAmerica Good point!
567808893464899584,2015-02-17 14:12:44 -0800,US Airways,0,@USAirways if ur going 2 charge $20 for wi-fi make sure it works. #Brutal #DialUp b a 100 by the time things load. #TheEnd #GoodDay
567811360404336641,2015-02-17 14:22:32 -0800,United,0,@united but the gate agent and club staff got me priority standby for next so might only be minor disaster...#travelingwithsmallkids
567811776025468929,2015-02-17 14:24:11 -0800,Southwest,0,@SouthwestAir done messed up now!!! I have planned a trip to #CostaRica for pennies!!! #VacaTime ✈️💺
567813046811525120,2015-02-17 14:29:14 -0800,Virgin America,0,@VirginAmerica I don’t use Passbook =/ I still love you though &lt;3 :) I’ll just use my email in the future.
567813060027772928,2015-02-17 14:29:17 -0800,Southwest,0,@SouthwestAir extremely #disappointed with poor the customer service provided after Cancelled Flighting my flight today! #unprofessional
567813437003411456,2015-02-17 14:30:47 -0800,Delta,0,"@JetBlue yes, 3 times. I need some one to call me and help me change a flight. I can't do online. Thanks."
567818055771918336,2015-02-17 14:49:08 -0800,United,0,@united Thanks!
567818509650124800,2015-02-17 14:50:56 -0800,US Airways,0,@USAirways They're all reservations numbers and none are in Hungary. And my phone not working here. You make it too difficult.
567819711950635009,2015-02-17 14:55:43 -0800,US Airways,0,@USAirways flight 4524  first a 2 hour wait for a deadhead crew  then deadhead crew takes overhead bin space paying customers annoyed
567821166775156736,2015-02-17 15:01:30 -0800,United,0,"@united Call customer service and of course they just say ""theres nothing we can do"" and then offer a transfer and disconnect the line."
567822548545859587,2015-02-17 15:06:59 -0800,United,0,@united well perhaps you could highlight where that is stated.  We travel between Canada &amp; USA on United with only Nexus
567823459276877824,2015-02-17 15:10:36 -0800,Southwest,2,@SouthwestAir why are yall trying to fly me to Chicago when I don't live there?! Send me home now!!!! Bullshit ass customer service
567827275619549184,2015-02-17 15:25:46 -0800,United,0,@united also why can't I pre-select seats on SFO-&gt;YYZ flight? I'm a Canadian Flight Booking Problems on http://t.co/aZltJhf7lv.
567829349727211521,2015-02-17 15:34:01 -0800,Delta,0,@JetBlue Still love you guys. But get me to Vegas already! ☀️🌴✈️🍸🎲
567831075763003393,2015-02-17 15:40:52 -0800,Southwest,0,@SouthwestAir understand weather is an issue but on time Cancelled Flighted reinstated Cancelled Flighted with hardly any updates and doing nothing for me= :(
567831380157206528,2015-02-17 15:42:05 -0800,Southwest,0,@SouthwestAir paid for my own $200 rental car just to not go through this for the 3rd day  :(
567831549539966976,2015-02-17 15:42:45 -0800,United,1,@united was told by Supervisor that United disconnected their customer support # so there was nobody to address it now. #igiveup
567845681768968192,2015-02-17 16:38:55 -0800,Southwest,0,@SouthwestAir I got it added thank you! :)
567847737061941249,2015-02-17 16:47:05 -0800,US Airways,0,@USAirways 4 hours... 4 hours... FOUR HOURS.  It's like this is a joke to you.
567847753277120512,2015-02-17 16:47:09 -0800,United,0,@united thanks for not getting my BusinessFirst priority tagged bag onto my connecting flight at EWR despite a 2+ hour layover. Nice job
567848084572532736,2015-02-17 16:48:28 -0800,Delta,0,"@JetBlue understand that, but this policy of targeting your passengers is not good for business and should be addressed with security"
567850015600685056,2015-02-17 16:56:08 -0800,United,0,@united - thanks for the rude customer service and 3 hour delay. It really helped me timing wise for my afternoon meetings. Hello @Delta !
567853497435160577,2015-02-17 17:09:58 -0800,United,0,"@united fair enough, but it stinks to be the passenger on the plane that leaves the gate then sits on the tarmac for an hour before takeoff"
567855640640516096,2015-02-17 17:18:29 -0800,Southwest,0,@SouthwestAir Thank you!  #thankful #feelingtheluv
567859338615865344,2015-02-17 17:33:11 -0800,Southwest,0,@SouthwestAir No. We were in a large group. Majority of the 30+ bags were soaked.
567860175740092416,2015-02-17 17:36:30 -0800,US Airways,0,"@USAirways beware,  Barklays bank has terrible cust service. Will not assist, only know to go by badly written book(in English)."
567861140895580160,2015-02-17 17:40:20 -0800,Southwest,0,@SouthwestAir  I got rebooked for tomorrow
567861901603901440,2015-02-17 17:43:22 -0800,US Airways,0,@USAirways Commitment to excellence is 2b praised. Can get you to the wrong city 2 days Late Flight or the right one 3 days Late Flight. #customerservice
567862240419934208,2015-02-17 17:44:43 -0800,Southwest,0,@SouthwestAir thanks for the drink tickets hook up! Can't wait for my first international flight with you to NAS! #pumped
567864058742845440,2015-02-17 17:51:56 -0800,Delta,0,"@JetBlue Why not just take her info in the beginning and if cut off, call back? We do that in my medical practice. We are frequent flyers :("
567865044580638720,2015-02-17 17:55:51 -0800,US Airways,1,@USAirways I've been sitting in the Charlotte airport for 4 hours. Waited for crew and now maintenance.  #NeverAgain
567866162865971201,2015-02-17 18:00:18 -0800,US Airways,0,@USAirways and no one has been at all helpful. I will never fly this airline again. #NeverAgain #spreadtheword
567867311744380928,2015-02-17 18:04:52 -0800,United,1,@united our flight attendant @superben was super helpful in finding a bag we left on a flight today. Excellent customer service. Name fits.
567868808586620928,2015-02-17 18:10:49 -0800,United,0,@united @annricord $856.81 the cost of one of the round trip tickets.
567869273109958656,2015-02-17 18:12:39 -0800,Southwest,0,@SouthwestAir who should I contact about a missing Rapid Rewards credit?
567870895383015424,2015-02-17 18:19:06 -0800,Southwest,0,"@SouthwestAir Hey yea I got thru...everything is good now (well, in 7-10 days when the voucher goes through)  Appreciate it!"
567871168214106113,2015-02-17 18:20:11 -0800,US Airways,0,"@USAirways Your whole handling of this was a joke.Boston Logan had one little old lady,ONE handling all the customers http://t.co/DH2rfUIJYP"
567872077899763712,2015-02-17 18:23:48 -0800,Delta,0,@JetBlue my SIL bought tix for us to NYC. We were told at the gate that her cc was declined. Supervisor accused us of illegal activity.
567873006501888000,2015-02-17 18:27:29 -0800,Delta,0,@JetBlue supervisor humiliated us and was uncompromising. We were completely blindsided!
567873229055991808,2015-02-17 18:28:23 -0800,Delta,0,@JetBlue I get Sunday due to weather and ok Monday they're busy but this is crazy
567874134174101504,2015-02-17 18:31:58 -0800,United,0,@united mechanical delay occurred in Houston earlier today re: their flight to ORD
567874275388043264,2015-02-17 18:32:32 -0800,US Airways,0,@USAirways  glad to be home and that your great people got me home safely. Sad for others who didn't get back bc of scheduling problems.
567876244722814976,2015-02-17 18:40:22 -0800,Delta,0,@JetBlue sent
567881096647569408,2015-02-17 18:59:38 -0800,US Airways,0,@USAirways thanks! It's hectic for everyone but their actions don't represent the company well IMO
567883485542658048,2015-02-17 19:09:08 -0800,United,0,"@united My wife has been on the phone several times for past 3 days, with no result."
567883674462588929,2015-02-17 19:09:53 -0800,United,0,@united Got me home amid snow &amp; Cancelled Flightlations; delivered bag w/o hassle; plus no wait on phone &amp; an upgrade. Thank you!
567883722948763648,2015-02-17 19:10:04 -0800,Southwest,0,@SouthwestAir Finally got through after 3 hours and all set. Thanks.
567885401714589696,2015-02-17 19:16:45 -0800,United,0,"@united I am a frequent user. Congrats u only lost my bags once in 20 years. Problem, it was today and your staff were rude!😢 still no bag!"
567885982340636672,2015-02-17 19:19:03 -0800,Southwest,0,@SouthwestAir thanks for your excellent response time and assistance! All set :)
567886091975462912,2015-02-17 19:19:29 -0800,United,0,"@united rude cust ser agents busy chatting, then yelled bc I took pic. Put me stdby when seat. Diff agent gave me seat 30min Late Flightr. Platinum"
567886093749604353,2015-02-17 19:19:30 -0800,United,0,"@united it's Late Flight... I'm tired and understandably edgy for trying to catch my flight. I wasn't chipper, but I def was not rude."
567893924699770880,2015-02-17 19:50:37 -0800,United,0,@united so who does handle bag issues? And why wouldn't you put me onto them in the first place?
567896250013601792,2015-02-17 19:59:51 -0800,Delta,0,@JetBlue @KleinErin Hi! Know a pastor or homeschool mom who might like SpiritED? Have 'em contact me on Prefundia:http://t.co/jRbZLHRW7y
567898236809277440,2015-02-17 20:07:45 -0800,Southwest,0,"@SouthwestAir It seems odd to be sitting on a plane that gets further delayed and you find out by txt, not the 6 emp working on the aircraft"
567902121992921088,2015-02-17 20:23:11 -0800,United,0,"@united ""federal regulation prohibits you being separated from your bag""...yet you lose our bag and that's okay"
567904438834167809,2015-02-17 20:32:24 -0800,US Airways,0,@USAirways my sister was supposed to leave at 10 am to go back to AL. She's only getting to NC now. Are you kidding me #NeverflyUSairways 👿
567906137938399232,2015-02-17 20:39:09 -0800,Southwest,0,@SouthwestAir hot stewardess flipped me off
567907070269198337,2015-02-17 20:42:51 -0800,Southwest,0,@SouthwestAir A wonderfully nice agent in Austin helped us out. Wish I remembered her name to give proper kudos.
567921825948250112,2015-02-17 21:41:29 -0800,United,0,"@united I am VERY disappointed with @SilverAirways as your partner. No communication, 2 extremely Late Flight flights. Really, all around horrible."
567924953976152064,2015-02-17 21:53:55 -0800,United,0,@united I want my bags. There is vital equipment in there. You are royally screwing me. I'm cranky and want an update.
567929586077425664,2015-02-17 22:12:19 -0800,United,0,@united are my bags here yet?  They were at Palm Springs airport.  I was at LAX.  How come I beat my bags here.
567943461476806656,2015-02-17 23:07:27 -0800,Southwest,0,@SouthwestAir Had a bad experience with them last week.  They broke my bicycle that I had brought with me to do a bike ride in Fla.  Why?
567954287185125377,2015-02-17 23:50:28 -0800,Southwest,0,@HillAConlin @SouthwestAir hi! get a solar charger from Amazon! Game changer to plug usb into charge. :)
567957027093245952,2015-02-18 00:01:22 -0800,United,0,@united am I allowed to bring a duffle bag and back pack as my carry on and personal item? Flying out of NY
567979842882428928,2015-02-18 01:32:01 -0800,US Airways,0,@USAirways @Forsyth_Factor hope for no weather delays no help to reroute and your on your own for lodging non stop is the way to go
568008802865274880,2015-02-18 03:27:06 -0800,Delta,0,@JetBlue its always a pleasure ☺️
568016802191683586,2015-02-18 03:58:53 -0800,US Airways,0,"@USAirways, 1st a reaccommodation, now a delayed flight for this one.  &amp; the Gate Agent still hasn't mumbled a word. Folks getting anxious."
568029222574407680,2015-02-18 04:48:14 -0800,US Airways,0,@USAirways we are boarding now but have yet to depart.  Thanks for the response.
568040818059190273,2015-02-18 05:34:19 -0800,US Airways,0,@USAirways I just checked in online for tomorrow's flight - thought I should get auto upgrade? (Already got the email saying no seats)
568049316582932480,2015-02-18 06:08:05 -0800,Southwest,0,@SouthwestAir I just sent a screen shot of the incident report.
568051199565533184,2015-02-18 06:15:34 -0800,Delta,0,@JetBlue all taken care of .... Other then the dropped call and the total half hour wait #love #jetblue
568054514617622528,2015-02-18 06:28:44 -0800,Southwest,0,@SouthwestAir First there were cockroaches crawling on the counter at the gate and visible mouse traps under the seats at the gate
568057241435303936,2015-02-18 06:39:35 -0800,US Airways,0,",@USAirways 2nd time this occurred in 3 weeks. I'm not patient. I have no choice.  #Antitrust issue"
568059129601724416,2015-02-18 06:47:05 -0800,Virgin America,0,"@VirginAmerica love it, taking @SouthwestAir on in their backyard! Consumers win when biz competes."
568064972086906880,2015-02-18 07:10:18 -0800,US Airways,0,"@USAirways 
This is how vacations get Cancelled Flightled been on hold ⤵for 40+ minutes still havent talked to anyone. #failure http://t.co/ef4P0HISHb"
568073191068794880,2015-02-18 07:42:57 -0800,US Airways,0,"@USAirways 
Not one to complain much but really 1 hour 15minutes and still nothing. Agents or Agent ⤵ http://t.co/Q5SB0DaVuy"
568073860911927296,2015-02-18 07:45:37 -0800,US Airways,0,"@USAirways My flight was delayed and rerouted, and not so much as a ""sorry for your inconvenience"" from the check-in agent? #notimpressed"
568074163270905856,2015-02-18 07:46:49 -0800,US Airways,0,"@USAirways Thank you, busy times."
568077686507229184,2015-02-18 08:00:49 -0800,US Airways,0,@USAirways just realized my @AmericanAir advantage number wasn't used for my flight.  How do I get my ff miles?
568081558625759233,2015-02-18 08:16:12 -0800,US Airways,0,@USAirways Why not have an option for a call back? I'm just sitting here burning through my minutes waiting for an error to be fixed.
568081678272307201,2015-02-18 08:16:41 -0800,Southwest,0,@SouthwestAir when will sw return to customer service?  Business travelers made sw now sw ignores us.
568085636592349184,2015-02-18 08:32:24 -0800,United,0,@united There is no excuse for leaving a minor to spend the night sobbing (9 hours) in a plastic chair. UA's actions? Terrible. # united
568085714744684544,2015-02-18 08:32:43 -0800,Southwest,0,@SouthwestAir you're the best
568087789004300288,2015-02-18 08:40:58 -0800,US Airways,1,@USAirways why would a flight arrive Late Flight or leave when 60% of your passengers have  a connection?
568090175122907136,2015-02-18 08:50:27 -0800,Southwest,0,@SouthwestAir now it's delayed until 3:55. Getting yelled at by attendants not to bother them. Getting worse
568094199586938880,2015-02-18 09:06:26 -0800,Delta,0,@JetBlue what is a personal email that I can contact? I have a complaint that you should know about
568094581041934336,2015-02-18 09:07:57 -0800,Southwest,0,@SouthwestAir tried to enter that rapid rewards contest link on facebook but all my browsers kept popping up security warnings 4 it.
568096875435282432,2015-02-18 09:17:04 -0800,Delta,0,@JetBlue Disappointed we weren't allowed to bring on an aircraft approved carseat on an empty plane. Not cool.
568100626183417856,2015-02-18 09:31:58 -0800,Southwest,0,@SouthwestAir sent
568100858954522625,2015-02-18 09:32:54 -0800,United,0,@united Designed to deter people from forgetting things or to provide more storage space? The article says the latter #unfriendlyskies
568101609894342656,2015-02-18 09:35:53 -0800,United,0,"2/2 @united You don't really care about our comfort, you care about profitability. That's fine, just own up to it. #unfriendlyskies"
568104424029036545,2015-02-18 09:47:04 -0800,Southwest,0,"@SouthwestAir I'm really craving your pretzels, please send me some."
568107472260624384,2015-02-18 09:59:10 -0800,Southwest,0,@southwestair Great job celebrating #MardiGras2015 .  You own the industry . Another reason I'm nuts for you! http://t.co/8WBzOrRn3C
568107670177239040,2015-02-18 09:59:58 -0800,Southwest,0,@SouthwestAir so when do we find out who won the imagine dragons contest?
568111503812870144,2015-02-18 10:15:12 -0800,United,0,@united KN: not allowing me to bypass the receipt # on the refund request form. Never received receipt email. charged http://t.co/Cju102xP2k
568115611814858752,2015-02-18 10:31:31 -0800,US Airways,0,@USAirways would be more pleased if you reassess your business practices.  Goal should be to have passengers on plane as little as possible
568115928044404736,2015-02-18 10:32:46 -0800,Delta,0,"@JetBlue friendly, engaging, personable, handled clarifying questions about baggage fees well, and took an interest in what I was doing."
568124733851443200,2015-02-18 11:07:46 -0800,Delta,0,@JetBlue their names are both Angel (seriously - how cool is that!). Truly FANTASTIC service!
568126621611372545,2015-02-18 11:15:16 -0800,US Airways,0,"@USAirways the least comforting thing from your pilot after sitting on a stationary plane for 3 hours is ""I don't really know what happened"""
568127152450871296,2015-02-18 11:17:23 -0800,United,0,"@united how can i trust United with future Flight Booking Problemss when a confirmed, ticketed and purchased ticket is Cancelled Flightled after the fact?"
568127434173878272,2015-02-18 11:18:30 -0800,Delta,0,@JetBlue I do follow you!
568128399035772928,2015-02-18 11:22:20 -0800,US Airways,0,@USAirways a $100 @Samsonite - totaled. Not happy. Not at all.
568134036239097856,2015-02-18 11:44:44 -0800,Delta,0,@JetBlue Thank you for opening the conversation.  I hope you can make it right.
568140468854198272,2015-02-18 12:10:17 -0800,US Airways,0,@USAirways I spent more on the room &amp; transportation then I did the whole flight
568144447931686912,2015-02-18 12:26:06 -0800,Southwest,0,@SouthwestAir amazing service by your SW stewardesses! From den to Cun and from CUN to Atl and atl to lax. Thank u!
568144894964994048,2015-02-18 12:27:53 -0800,United,0,"@united I did not, my mind was on getting to the next flight."
568153578453524480,2015-02-18 13:02:23 -0800,Southwest,0,@SouthwestAir how come on mobile I can't proceed w/o entering a postcode at purchase. I'm from Ireland and I don't have a postcode just.
568155066668060672,2015-02-18 13:08:18 -0800,Delta,0,"@JetBlue I cheated on you, and I'm sorry. I'll never do it again. @SouthwestAir has given my wife and I the worst start to a honeymoon ever"
568160197367242752,2015-02-18 13:28:41 -0800,Delta,0,@JetBlue can't change it. True blue points and I can't get to a phone
568168034394873857,2015-02-18 13:59:50 -0800,Southwest,0,@SouthwestAir was wondering is there a reason why customer service is so busy? Been on hold past few days for many hours No answer Help plz
568177098038349825,2015-02-18 14:35:51 -0800,Delta,0,"@JetBlue My #FlyingItForward affects just one small family of four, but it would make a huge difference in their life."
568177321724620800,2015-02-18 14:36:44 -0800,United,0,@united I think you guys had a half full flight at 4 so you held our overbooked 3pm flight to fill the other one then Cancelled Flightled mine
568183509577125888,2015-02-18 15:01:19 -0800,United,0,@united 1 hour since boarding began and we're still sitting at the gate.  #UA507
568185339245756416,2015-02-18 15:08:35 -0800,United,0,@united flying tomorrow from mexico to US. Mileage tkts dont show 1k status. Help
568192010789777408,2015-02-18 15:35:06 -0800,Southwest,0,@SouthwestAir just had a great flight #4223 with Damion! He was the best #damionflight4223
568196165780578304,2015-02-18 15:51:37 -0800,US Airways,0,"@USAirways Secondary screenings, a piece of the plane missing... Anything you want to tell us?"
568203174198284288,2015-02-18 16:19:28 -0800,Virgin America,3,"@VirginAmerica announced New Route to Austin w/fares from $39/way. 
http://t.co/gA8pbamu0C"
568206634758983681,2015-02-18 16:33:13 -0800,Delta,0,@JetBlue u suck Big Donkey Balls!
568207206023360512,2015-02-18 16:35:29 -0800,Delta,0,@JetBlue  anywhere... away from this snow globe to warmth sand and palm trees..
568208831030943744,2015-02-18 16:41:56 -0800,Delta,0,@JetBlue third JetBlue flight in less than a week. All Late Flight not for weather.  Reliability going downhill.
568211517398786048,2015-02-18 16:52:37 -0800,US Airways,0,@USAirways I was re accommodated for my DSM flight tonight after a delay from Myrtle Beach now the flight to DSM is back on for tonight?
568212538778906624,2015-02-18 16:56:40 -0800,Delta,0,"@JetBlue I put it my ""to"" and ""from"" airports, click update and it tells me to put in my ""to"" and ""from"" airports."
568214541852495872,2015-02-18 17:04:38 -0800,Southwest,0,@SouthwestAir i cant look up my confirmation number at the moment on mobile. the email is no longer in my inbox
568215628890411009,2015-02-18 17:08:57 -0800,Delta,0,"@JetBlue If there's a schedule change on my tix, can you change the the destination airport to a sister airport (like EWR and JFK)?"
568216703055876096,2015-02-18 17:13:13 -0800,Delta,0,"@JetBlue I was believing you for a minute, but we just got delayed for a 3rd time!"
568219452929662976,2015-02-18 17:24:09 -0800,Delta,0,@JetBlue @T5Sparrow Love it. They're cute
568220487500709889,2015-02-18 17:28:15 -0800,Southwest,0,"@SouthwestAir could care more about their customer, if there is a reasonable request :("
568223950926446593,2015-02-18 17:42:01 -0800,US Airways,0,@USAirways still waiting! Captain reports he's called 6 times to get ground crew....and still sitting on runway. #evenLate Flightr
568225322543538176,2015-02-18 17:47:28 -0800,Southwest,0,"@SouthwestAir Looks like 'On February 19, 2015, we will open our schedule for sale through October 30, 2015' - know what time that will be?"
568229032652709888,2015-02-18 18:02:13 -0800,United,0,"@united Hopefully They will give me a feedback, bafore my flight..."
568231586585550848,2015-02-18 18:12:22 -0800,United,0,"@united @staralliance was there few weeks ago AWESOME,bright vibrant, and NO habitrails"
568236763128463361,2015-02-18 18:32:56 -0800,US Airways,0,@USAirways this is more than having patience. This is not acceptable. http://t.co/N7pSuEJDC8
568242359928037377,2015-02-18 18:55:10 -0800,US Airways,0,@USAirways no your not!
568250159689113600,2015-02-18 19:26:10 -0800,United,0,@united &amp; I've been hung up on twice by your staff. So upset right now
568250452057427970,2015-02-18 19:27:20 -0800,United,0,@united can you please stop Cancelled Flightling your flights? I am trying to get home to take two exams tomorrow. You've Cancelled Flightled 3 flights on me.
568252192592769025,2015-02-18 19:34:14 -0800,US Airways,0,@USAirways I didn't take my original flight. I was suppose to arrive last night than by 2:00pm today. Didn't get in til 5
568260044896243712,2015-02-18 20:05:27 -0800,Southwest,0,@SouthwestAir had a very rude gate agent at BWI tonight gate B8 after a 6.5hr delay for flight 1172. I think a little training is in order.
568264441906618368,2015-02-18 20:22:55 -0800,United,0,@united thanks
568265475114663936,2015-02-18 20:27:01 -0800,United,0,@united My flying United is over...sorry. The Captain still had 20 minutes of pre-flight preparations to make while we sat with no air!
568272139075387392,2015-02-18 20:53:30 -0800,US Airways,0,@USAirways Unfortunately I doubt that the consistently subpar service will improve with the @AmericanAir merger. #USAirways
568281546999754752,2015-02-18 21:30:53 -0800,United,0,"@united they had snacks available, just no fresh food...not sure what happened, but I'm sure we will grab a bite before our SFO connection"
568284538914385920,2015-02-18 21:42:46 -0800,US Airways,0,"@USAirways thank you.3860 to cincy.just landed.you should add frequent flyer miles to my account..  a long, incredibly frustrating day"
568294699515187200,2015-02-18 22:23:09 -0800,Southwest,0,@SouthwestAir hilarious flight attendants on Vegas to Detroit tonight http://t.co/nw7vx7DGMF
568299749121654784,2015-02-18 22:43:13 -0800,Southwest,0,@southwestair so I saw the promo for A-List when I was on a plane this Monday. I fly two more times in the qualification period. 1/2
568303293635522560,2015-02-18 22:57:18 -0800,Southwest,0,@SouthwestAir Is there any chance I can get tickets for the Vegas stop? I missed my chance to enter the contest but I love ID to death !
568308464985903104,2015-02-18 23:17:51 -0800,United,0,@united ^GJ I will. You have to agree that 7+ hours Late Flight for arrival is unacceptable. I only hope and pray my bag is here.
568342540837105664,2015-02-19 01:33:15 -0800,United,0,@united next day
568351842217947136,2015-02-19 02:10:13 -0800,United,0,@united spoke to someone on your feedback line last night who said she would get me a preferred choice seat for today...
568356065428918272,2015-02-19 02:27:00 -0800,United,0,@united @staralliance good.  Maybe that will make up for losing my medallion.  #ProbablyNot
568356641877446656,2015-02-19 02:29:17 -0800,United,0,"@united - handed a slip of paper,&amp;said to call 1800#. Have called 2x/day trying to get it sent, still @ layover airport.Have that ref # tho."
568372335012679680,2015-02-19 03:31:39 -0800,United,0,"@united I don't have a milage number. I can't sent my mail to you via DM, you're not following me. I follow you now, so you can sent me a DM"
568380749495164929,2015-02-19 04:05:05 -0800,Delta,0,"@JetBlue Gains Altitude, But SkyWest Hits Turbulence JBLU SKYW - Investor's Business Daily http://t.co/P2HUM7lXUR"
568382196081229824,2015-02-19 04:10:50 -0800,US Airways,0,"@USAirways if a passenger is to large to put down the armrest and now is using part of my seat, what is my recourse?  #nothappy"
568382790506389504,2015-02-19 04:13:11 -0800,US Airways,0,@USAirways I paid for my seat.  I expect to be able to use my full seat
568387402810728448,2015-02-19 04:31:31 -0800,Delta,0,@JetBlue hi. Just DM'd info
568389719093940224,2015-02-19 04:40:43 -0800,Southwest,1,@SouthwestAir my first flight ever and flight #4251 is already having technical issues. Faaaannntastic.😭
568391878871285760,2015-02-19 04:49:18 -0800,Delta,0,@jetblue trading customer experience for short term $$. So sad for this (previous?) loyal customer. https://t.co/dFmvmiBH4x
568394676501217281,2015-02-19 05:00:25 -0800,Southwest,0,@SouthwestAir booked our flights this morning. Can't wait to move about the country.
568396205270691840,2015-02-19 05:06:30 -0800,United,0,@united UA1740. 4.5 hr mechanical delay all I get is $50 voucher? Will tweet when I book next trip not on UA.
568400398748266496,2015-02-19 05:23:10 -0800,Delta,0,@JetBlue False - agent let us do an extra leg room upgrade for $ but not upgrade to mint. Poor business practices. #badcustomerservice
568408789512105985,2015-02-19 05:56:30 -0800,Southwest,0,@SouthwestAir I am now a rapids rewards member #lovetotravel #chaching
568413365254488064,2015-02-19 06:14:41 -0800,Southwest,0,"@SouthwestAir schedule is open through the end of October, got Columbus day wknd in New England for ~50K points for 4! Check your calendar!"
568413673330331648,2015-02-19 06:15:54 -0800,Southwest,0,@SouthwestAir we're here at MCO. Thanks.
568416873211015168,2015-02-19 06:28:37 -0800,Delta,0,@JetBlue  Brazil to volunteer teaching english &amp; spanish to Poor children so they have a skills to improve their chances of a better life.
568420497563598848,2015-02-19 06:43:02 -0800,Delta,0,@JetBlue I have been on phone with rep for over 30 min and was transferred after asking not to be. She was the worse rep I ever had
568424596657078272,2015-02-19 06:59:19 -0800,United,0,@united I’ve filled out the form twice. No email. I have a lost item code. Can you verify it was received?
568425693828132864,2015-02-19 07:03:40 -0800,Delta,0,@JetBlue okay awesome! Thank you!
568433493987844096,2015-02-19 07:34:40 -0800,United,0,"@united I did, and as I thought, nothing happened"
568434509017960449,2015-02-19 07:38:42 -0800,US Airways,0,i wish i was flying @USAirways ... @JetBlue Cancelled Flightled our flights tomorrow and never notified us #FlyUS #Ripoff
568437324587012096,2015-02-19 07:49:53 -0800,United,0,@united can you help from there? UA4935 can't take off without missing galley cart that no one can find. Pax all seated for last hour.
568437634835595264,2015-02-19 07:51:07 -0800,Southwest,0,"@SouthwestAir For my Grandma Ella's 80th, she would love a bday greeting from your flight crew! She was a stewardess for Eastern Airlines."
568438162369822720,2015-02-19 07:53:13 -0800,Delta,0,.@JetBlue @ZKatcher 😂😂😂😂😂OMG. Bored &amp; read through this convo.. Seems like JetBlue is on point.
568438257454682112,2015-02-19 07:53:36 -0800,Southwest,0,@SouthwestAir I wish I would've known so I could've slept 2 hours more and let my friend know not to wait for me after she lands...
568438759466934272,2015-02-19 07:55:35 -0800,Southwest,0,@SouthwestAir sure can! Just a second.
568438982301917184,2015-02-19 07:56:29 -0800,United,0,"@united really hoping to get some help here.  On my 5th attempt to get a resolution, and lost count of transfers.  help please! #mileageplus"
568440681531875328,2015-02-19 08:03:14 -0800,Delta,0,@JetBlue Hey guys! Your Flight Booking Problems system ran my first and middle names together at time of Flight Booking Problems. Is that going to be a #TSAnightmare ?
568444029257584640,2015-02-19 08:16:32 -0800,US Airways,0,@USAirways 😂. Passed frustrated 4 hours ago after being asked to get off the first plane I sat on for an hour.
568444328873467905,2015-02-19 08:17:43 -0800,United,0,@united what a joke. Hang up on customers!!
568444650903748609,2015-02-19 08:19:00 -0800,Delta,0,"@JetBlue, never been delayed before; 533 to TPA out of BDL. Better safe than sorry. 💙 #lovejetblue #onlyblue #jetblueforever"
568447513759522816,2015-02-19 08:30:23 -0800,US Airways,0,@USAirways thank you for refunding my bag fee.  I look forward to its return today I hope.
568448265441554432,2015-02-19 08:33:22 -0800,Southwest,0,@SouthwestAir RUDE gate agent. Wholly unacceptable to us &amp; other passengers. Think this will be our last time on sw.
568450413365571584,2015-02-19 08:41:54 -0800,United,0,@united I have already emailed but I didn't know if it was more expedient to contact you here. Please advise. Thanks.
568450710553174016,2015-02-19 08:43:05 -0800,United,0,"@united  Need to change flight from this Tuesday to sooner to attend to ailing parent in FL, Need help!! #custserv"
568451138221166592,2015-02-19 08:44:47 -0800,US Airways,0,@USAirways got rebooked. Sent to A9. Wrong gate! Traveled back to B13 for correct flight. #tired&amp;frustrated
568453042816868352,2015-02-19 08:52:21 -0800,Southwest,0,"@SouthwestAir adding direct flights from #Columbus to #Oakland, @BostonLogan 
http://t.co/p8Vcz4XTHM via @DispatchAlerts"
568453351479721986,2015-02-19 08:53:35 -0800,Southwest,0,"@SouthwestAir, got ""duped"" w/ a connection on 1st flight (sneaky), now u won't give me a seat on an earlier flight w/ availability. Shameful"
568454157478326272,2015-02-19 08:56:47 -0800,US Airways,0,@USAirways How about moving my seats to where I bought them 4 months ago? This happens far too often...
568456844429160448,2015-02-19 09:07:27 -0800,United,0,@united There is only one club at LAX  - in terminal 7 across from gate 71
568462402875863041,2015-02-19 09:29:33 -0800,United,0,@united flt 1583 EWR to SFO excellent service. Friendly flight attendants. made the 6AM flight a very good start to the day.
568464487931613185,2015-02-19 09:37:50 -0800,Delta,0,"@JetBlue be flying soon to NYC on your airline, of all airlines I've flown you're still #1 to me 😊😊😊✈️✈️✈️"
568466673990307840,2015-02-19 09:46:31 -0800,United,0,"@united of the airplane otherwise they would call the Police, because the flight had to take off before 12h30am"
568473401544859648,2015-02-19 10:13:15 -0800,US Airways,0,@USAirways thanks
568478536715120640,2015-02-19 10:33:39 -0800,Southwest,0,@SouthwestAir following!! My bad.
568481515899908096,2015-02-19 10:45:29 -0800,US Airways,0,@USAirways can you DM me &amp; add me to the upgrade list for a flt tonight?
568481836290220033,2015-02-19 10:46:46 -0800,US Airways,0,@USAirways over an hour now and still no one at the Yuma counter
568482252168019968,2015-02-19 10:48:25 -0800,Southwest,0,@SouthwestAir Do you perhaps have a pair to the Atlanta show? #prettyplease
568482472880697345,2015-02-19 10:49:18 -0800,US Airways,0,"@USAirways was switched to an American Airlines flight, not by choice, and now I am charged $50 for bags? Thought y'all merged?"
568482840750530560,2015-02-19 10:50:45 -0800,Southwest,0,@SouthwestAir suggestion- shades on the windows @KCIAirport so travelers won't have to watch ur luggage handlers throwing their bags around
568486399663575040,2015-02-19 11:04:54 -0800,Southwest,0,@SouthwestAir for my travel I see bz class and get away are sld out. Anytime is available . How do I know how many anytime are available?
568487439062441984,2015-02-19 11:09:02 -0800,Delta,0,"@JetBlue When I arrived at the airport, I was told my ticket had been refunded because my name had a fraud alert."
568487677114363904,2015-02-19 11:09:58 -0800,Delta,0,@JetBlue we made it safe and sound. Thank you for the safe travels.
568489124098924546,2015-02-19 11:15:43 -0800,Delta,0,"@JetBlue No, it didn't all work out. I called Jet Blue from Mexico to address the fraud alert with Capital One on the line. Rebooked."
568489782298476544,2015-02-19 11:18:20 -0800,Delta,0,@JetBlue Then en route to the airport the rebooked ticket was refunded.
568490190194515970,2015-02-19 11:19:58 -0800,Delta,0,@JetBlue thanks
568490899396829186,2015-02-19 11:22:47 -0800,US Airways,0,@USAirways has the most ass backwards process for using credits on flights. even trying to get a hold of customer relations is impossible
568491035564879872,2015-02-19 11:23:19 -0800,US Airways,0,"@USAirways yes thanks I have never seen anything like this and I come to Yuma all the time, big disappointment. There are 40+ still waiting"
568491256508231680,2015-02-19 11:24:12 -0800,Virgin America,0,"@VirginAmerica just promoting the product is all, had a problem with southwest and recommend noneother than the best! http://t.co/tFaNXBh1Cf"
568491668858662914,2015-02-19 11:25:50 -0800,Delta,0,"@JetBlue I want to add, my flight to Mexico was on Air Canada. Same exact situation, but with none of the problems I've had with Jet Blue."
568492240273874944,2015-02-19 11:28:06 -0800,US Airways,0,"@USAirways worst airline ever....left without luggage for 7 days, submit $700 expenses and they offer a refund of $297? #badservice"
568493336698490880,2015-02-19 11:32:28 -0800,United,1,@united ANOTHER F*CKING DELAY IN THE PAST 32 HOURS!?
568494397144358914,2015-02-19 11:36:41 -0800,Southwest,0,@SouthwestAir you should know the crew today on flight #1071 AUS to PDX was awesome! #SWA
568495924135235585,2015-02-19 11:42:45 -0800,Southwest,0,"“@SouthwestAir: #IfThe80sNeverStopped, we'd still be rocking out to this chart-topping hit"". What?  The 80's are over?"
568496575716175872,2015-02-19 11:45:20 -0800,United,0,@united has it been 4-6hrs yet?
568496861797076992,2015-02-19 11:46:28 -0800,US Airways,1,@USAirways so basically I am stuck paying for hidden fees and being bumped to an inferior flight. JetBlue here I come. #usairways #mergers
568499953041080321,2015-02-19 11:58:45 -0800,US Airways,0,"“@USAirways: @alan_bledsoe Thanks for your feedback, Alan.” Thx, but  no help as I watch a flt Lve w/open seats and I wait 3hrs for nxt flt"
568502194854612992,2015-02-19 12:07:40 -0800,United,0,@united tried that already &amp; tried forgetting the wifi network connection. Still forces log in with incorrect email. Other suggestions?
568506885130682369,2015-02-19 12:26:18 -0800,United,0,@united how does that help me with my customers that I couldn't meet with (and subsequently lost)?
568509343047352322,2015-02-19 12:36:04 -0800,Delta,0,@JetBlue Airways Receives New Coverage from Analysts at Bank of America (JBLU) - The Legacy http://t.co/dORuxBqla1
568515553666539520,2015-02-19 13:00:45 -0800,United,1,@united kind of cool to run into your boss man at SFO. http://t.co/bm9O2K5X5J
568517565548339200,2015-02-19 13:08:44 -0800,Virgin America,0,"@VirginAmerica
wjere is our luggage #so slow at lax"
568519880711872512,2015-02-19 13:17:56 -0800,United,0,@united Thank you.
568522203198697474,2015-02-19 13:27:10 -0800,Virgin America,0,"@VirginAmerica seriously, though. will there not be direct flights from SFO-FLL in may???"
568522747501895680,2015-02-19 13:29:20 -0800,United,0,@united What delivery service do you use? I'd like to call them myself.
568523051853197312,2015-02-19 13:30:32 -0800,Southwest,0,@SouthwestAir @DreSparkles Thank you! I finally made it to my destination
568526847320784896,2015-02-19 13:45:37 -0800,Virgin America,0,@VirginAmerica Sent a couple messages to the email you provided but to no avail. Will try again next year. Cheers.
568533394402861056,2015-02-19 14:11:38 -0800,US Airways,0,@USAirways can I bring a copy or photo of my baby's birth certificate for the flight? I feel uncomfortable traveling with the real thing.
568534114527113216,2015-02-19 14:14:30 -0800,US Airways,0,"@USAirways yes, it's a domestic flight. Thank you!"
568536883199746048,2015-02-19 14:25:30 -0800,Southwest,0,@SouthwestAir yes please
568537606503280640,2015-02-19 14:28:22 -0800,Delta,0,"@JetBlue quick question, to pay for a second bag, do I have to do it online or can I do it at the airport?"
568542661684015105,2015-02-19 14:48:28 -0800,United,0,@united So excited I was put on an earlier flight to get home! Woo Hoo! #travel 🎉🎉🎉
568545857332588544,2015-02-19 15:01:10 -0800,Southwest,0,@SouthwestAir flight # 317
568547007003955200,2015-02-19 15:05:44 -0800,United,0,@united DM sent. Thanks so much for the strong customer service!!
568549060103135232,2015-02-19 15:13:53 -0800,United,0,@united @annricord Great! Appreciate it😊
568552347812524032,2015-02-19 15:26:57 -0800,United,0,@united you had us REBOARD without the captain.  So now we'll be sitting in here for another 20+ min? http://t.co/EEReKDf9Fq
568562804837490688,2015-02-19 16:08:30 -0800,United,0,@united wasting time at baggage claim thanks to your dfw ground crew who checked my bag in without actually checking for space #frustrated
568562849447948288,2015-02-19 16:08:41 -0800,Southwest,0,"@SouthwestAir, remember me? Wouldn't let me on 3:05pm flight (seats available). Now my 7:40 flight is delayed. Worst airline. #badservice"
568566331169247232,2015-02-19 16:22:31 -0800,Southwest,0,@SouthwestAir DM Sent.
568583360811016192,2015-02-19 17:30:11 -0800,United,0,@united sent DM's
568584434376577024,2015-02-19 17:34:27 -0800,United,1,"@united Doumented via link. However, now that it has been over four months with no response, what do you suggest? Or shall I not expect one?"
568586882600161280,2015-02-19 17:44:11 -0800,Southwest,0,"@SouthwestAir, what do you know? Finally lined up like cattle to board my SW flight (after original departure time) #badcustomerservice"
568587490971533312,2015-02-19 17:46:36 -0800,Southwest,0,@SouthwestAir because your gate attendant let someone board whose boarding pass kept reading invalid. This messed up the passenger log.
568588791830736896,2015-02-19 17:51:46 -0800,United,0,@united Cancelled Flighted my mileage plus award reservation G6455C same day. Have yet to see my miles back despite agent confirmation.
568589359034859520,2015-02-19 17:54:01 -0800,United,0,@united Leaving soon. Thanks!
568593365601820672,2015-02-19 18:09:56 -0800,United,0,@united your flights are really cheap what's the catch
568598334643916800,2015-02-19 18:29:41 -0800,US Airways,0,"@USAirways Seriously??? I have shared my concerns four times already, to NO avail!  Geeeeezzzzz! #frustrated flyer"
568600144406568962,2015-02-19 18:36:53 -0800,United,0,@united 4840 You knew this flight was delayed! MHT to ALB to EWR to get crew. Your arrival is Late Flightr than the departure! Update your site!
568604830291222530,2015-02-19 18:55:30 -0800,Southwest,0,@SouthwestAir offering us absolutely nothing for our troubles either. Blames the @TSA
568605358534447104,2015-02-19 18:57:36 -0800,Southwest,0,"@SouthwestAir I notice that there are separate buttons for ""guitar"" and actual ""music"" in this pic. Some bands should take note of this."
568605539866976256,2015-02-19 18:58:19 -0800,US Airways,0,@USAirways We're having 2 grandbabies in 2 weeks -- will travel to DC for the births. Thank you for the reasonable fares!  See you Saturday!
568605600273141760,2015-02-19 18:58:33 -0800,Southwest,0,@SouthwestAir Can you help me out with tickets to the Vegas event? I would be so stoked!
568607013212590080,2015-02-19 19:04:10 -0800,United,0,"@united I was rebooked, however it would have been nice not to have to wait an extra 90 min at the airport.  How will you make this right?"
568607454893727744,2015-02-19 19:05:56 -0800,Southwest,0,@SouthwestAir would be cool if the best airlines company hooked me up with @Imaginedragons tickets for Vegas ;)
568608982321012736,2015-02-19 19:12:00 -0800,United,0,@united stuck on Tarmac for the last hour. Can I have a beer?
568609430754865152,2015-02-19 19:13:47 -0800,US Airways,0,@USAirways sitting on the Tarmac waiting to deplane 40+ minutes. The level of service I've come to expect.
568611482780508161,2015-02-19 19:21:56 -0800,Southwest,0,@SouthwestAir I love ya but your bringin me down. An hour Late Flight leaving and now we've been sitting in the runway for 20 min 😥 #fail
568611819864117248,2015-02-19 19:23:16 -0800,Delta,0,@JetBlue Awww thank you B6! Glad to hear it!  Made my day! &amp; one last question do you have any idea what tail is operating flt 606 2maro? :)
568614009584291840,2015-02-19 19:31:58 -0800,Delta,0,@JetBlue flight 2302 from JFK to BUF.
568616603568492544,2015-02-19 19:42:17 -0800,United,0,@united I did they did not.  I did submit a complaint on line and never heard back from that - I don't have that ID- you should find it
568622478081306624,2015-02-19 20:05:37 -0800,US Airways,0,"@USAirways DCA-&gt;HPN, u r prof hostage takers.We stood on bus 2 plane for 25 min,now sitting on plane with no mvmt &amp; 1 announcement 4 &gt; hour!"
568623603496792064,2015-02-19 20:10:06 -0800,United,0,@united the only difference being you are both responsible and in a position to do something about them. Learn from @Delta
568625014037045248,2015-02-19 20:15:42 -0800,United,0,@united it wasn't a delay so much as a straight Cancelled Flightlation. Weather wasn't an issue either.
568626423273017344,2015-02-19 20:21:18 -0800,Delta,0,@JetBlue I left my apt 10hrs ago to go from Boston to SJC and I'm still NYC. Please bring back the nonstop flight. #jetblueBlues
568626857576407041,2015-02-19 20:23:02 -0800,US Airways,0,@USAirways 3935. Sitting on a freezing bus because nobody is in the plane. What is up?
568629385105793024,2015-02-19 20:33:04 -0800,Virgin America,0,@VirginAmerica help. I was On  Flight  27 from JKF tonight. seat 7C left portfolio. Need it back!!
568630308284850176,2015-02-19 20:36:44 -0800,Delta,1,"@JetBlue #flyingitforward Pereira, Colombia to help the kids from Cartago streets and deliver a lot of clothes that I have picked to donate."
568639359127150592,2015-02-19 21:12:42 -0800,United,0,"@united €202.88 is the difference between the booked flights, do you want screen shots?"
568643040073506816,2015-02-19 21:27:20 -0800,Virgin America,0,@VirginAmerica How about some free drinks on the flight back for the free promo?
568645379031347200,2015-02-19 21:36:37 -0800,Delta,0,@JetBlue yup! He said there would be flight change fee. But the plane should be here in 45 minutes apparently.
568652138915766272,2015-02-19 22:03:29 -0800,US Airways,0,"@USAirways it was 1838, almost 5 hours Late Flight due  to mechanical."
568658885361438720,2015-02-19 22:30:18 -0800,Southwest,0,@SouthwestAir would love to win tickets and take my son to Imagine Dragons in Provo Saturday night.  Crossed fingers. #DestinationDragons
568659661861175297,2015-02-19 22:33:23 -0800,United,0,"@united i got it at the gate, thanks for checking!"
568662525530628096,2015-02-19 22:44:45 -0800,United,0,"@united your staff at LaGuardia and Lagos, Nigeria were unprofessional, uncaring and not helpful. Ou"
568670928407625729,2015-02-19 23:18:09 -0800,United,0,we all watched as the crew was escorted from the back to 1st class. Prebooked? Really? @united: @JenniferWalshPR Your dissatisfaction is und
568675083314552832,2015-02-19 23:34:39 -0800,United,0,@united alright thank you. Much appreciated.
568706272788262912,2015-02-20 01:38:36 -0800,Delta,0,"@JetBlue using A321 JFK-SEA for Summer 2015. It will be my first A321 flight ever! No Mint to Seattle, Core Config only."
568725453831315456,2015-02-20 02:54:49 -0800,United,0,@united what is going on with baggage claim in Newark!#tiredandwanttogohome
568727789311889409,2015-02-20 03:04:06 -0800,Delta,0,"@JetBlue's CEO #pilots among ardent fans, Wall Street - Poughkeepsie Journal http://t.co/zSdGzyDNDe"
568745705864626176,2015-02-20 04:15:17 -0800,Delta,0,"@JetBlue flight 99 to DCA 2 delays, I'm all for erring on the side of safety but it's an inconvenience to people with connecting flights!!"
568749392083206144,2015-02-20 04:29:56 -0800,Delta,0,@JetBlue Hey any chance you have an update on Flight 99 Hartford to D.C.?
568750153315676160,2015-02-20 04:32:58 -0800,US Airways,1,@USAirways on flight 1839 waiting for weight and balance info for the past 30 minutes!!!
568752951164063745,2015-02-20 04:44:05 -0800,Delta,0,@JetBlue I hope so. Wanted an early flight to avoid the airport chaos but it's too Late Flight for that!
568756110456270849,2015-02-20 04:56:38 -0800,United,0,@united @FAANews unacceptable practice to leave Cancelled Flighted flight passengers to sleep on cement with no pillows #UA1724 http://t.co/nDTLJ15ZpU
568758241745719297,2015-02-20 05:05:06 -0800,Delta,0,@JetBlue Airways to continue 'various commercial relationships' with #Lufthansa ... - @CAPA_Aviation http://t.co/o5sifHp4RT
568774932844261376,2015-02-20 06:11:25 -0800,US Airways,0,@USAirways of course weather was a joke 43 beats 5 degrees in PHL! ⛄️☀️
568775800599801856,2015-02-20 06:14:52 -0800,US Airways,0,@USAirways I did not want to hang out on your plane all day when I am traveling to get work done and turn right back around. Unacceptable
568778374451220480,2015-02-20 06:25:06 -0800,Delta,0,@JetBlue CCNDJP/ I can send a screen shot of the systems error if an email address is provided
568778730186928128,2015-02-20 06:26:31 -0800,Delta,0,"@JetBlue This is the error message: Paper tickets cannot be serviced on-line.
Please see a JetBlue Crewmember for assistance."
568779480019251201,2015-02-20 06:29:30 -0800,Southwest,0,@SouthwestAir The in-browser hover over is intrusive and annoying. And the fact that the WiFi only works on one device is sort of sad.
568781140217049088,2015-02-20 06:36:05 -0800,Delta,0,@JetBlue's CEO battles to appease passengers and Wall Street - Waterbury Republican American http://t.co/Of7PFvQpOY
568781213651087361,2015-02-20 06:36:23 -0800,United,0,@united education of that staff is needed - he also turned away other first class cabin passengers with mileage plus.
568786315820470272,2015-02-20 06:56:39 -0800,US Airways,0,@USAirways thanks for helping with #reFlight Booking Problems #Cancelled Flightedflight Yvonne Anthony.  You will help us get to Tel Aviv on time.  #HappyFriday
568787210188812289,2015-02-20 07:00:13 -0800,US Airways,0,@USAirways I'm logged into a Flight Booking Problems. I need to add API before travelling to the states but I cannot see where to do it
568790282839433216,2015-02-20 07:12:25 -0800,US Airways,0,@USAirways made it.. Never ran so fast in my life
568790685723136001,2015-02-20 07:14:01 -0800,US Airways,0,@USAirways Done
568791745925918721,2015-02-20 07:18:14 -0800,US Airways,0,@USAirways the flights weren't from this morning... It was 4 flights 2 on Thursday and 2 on Monday which turned into Tuesday
568792664931508225,2015-02-20 07:21:53 -0800,US Airways,0,@USAirways Thank you for valuing my feedback. What will you do with it?
568793043664560128,2015-02-20 07:23:23 -0800,United,0,@united 2nd time in a row  I've been over charged by 100's of $$ on my plane ticket WHY? #united I shouldn't have to check my CC everytime
568793432900177920,2015-02-20 07:24:56 -0800,United,0,@united WTH be honest with your customers.  This better be the last change or we are driving home.  Has our plane left or not!
568796449863028736,2015-02-20 07:36:56 -0800,US Airways,0,"@USAirways now I am on flight to FLL, and told to take a train back to PBI to get my car. There are no trains to PBI!"
568797768162127872,2015-02-20 07:42:10 -0800,Southwest,0,@SouthwestAir  getting the run around today with customer service &amp; disconnected customer relations # given twice. Help!!!
568798426810355712,2015-02-20 07:44:47 -0800,Southwest,0,@SouthwestAir what do I need to do when TSA pre doesn't show for a flight of mine?
568800165886210048,2015-02-20 07:51:42 -0800,US Airways,0,@USAirways Still on hold. 1 hour and 45 minutes and counting. Platinum? Who cares? Problems checking in? Who cares?
568800998929661953,2015-02-20 07:55:00 -0800,Southwest,0,@SouthwestAir Hi! Just wanted to see if you have any new routes planned this year for Newark. Love flying you guys and hope to do so more!
568801276416401408,2015-02-20 07:56:06 -0800,United,2,@united gives Belfast a #Hug with the new unmissable #BusHug format #impact #busads #thinkbus @BelfastAirport http://t.co/AvbdstJUJS
568801442770743296,2015-02-20 07:56:46 -0800,United,0,@united Thanks for the reply. The box is not mine and I'm not missing one. It was added to my bag ....
568802316893216769,2015-02-20 08:00:14 -0800,Southwest,0,@SouthwestAir When is the last chance to win #DestinationDragon ???
568804253151731712,2015-02-20 08:07:56 -0800,United,0,@united new flight has me at the window. Kind of ticked off. I pick aisle seats only because I hate window seats. #annoyed #EpicFail
568804291755945984,2015-02-20 08:08:05 -0800,Southwest,0,"@SouthwestAir couldn't make flight, funds forfeited as a no show!! Was trying to book another flight using those funds, I'm out."
568804534845345792,2015-02-20 08:09:03 -0800,US Airways,0,@USAirways can I book using some sort of breavement program? I need to get home for my pops funeral
568805605432958976,2015-02-20 08:13:18 -0800,US Airways,0,"@USAirways get ur act together, start treating ur passengers w/ kinder, have more sanitized planes. Take a page from @Delta perhaps."
568808165636214784,2015-02-20 08:23:29 -0800,Southwest,0,@SouthwestAir Thanks! I know the routes you currently have from Newark. I was just wondering if there was any new ones on the horizon
568810170383536128,2015-02-20 08:31:27 -0800,Delta,0,@JetBlue thank you for always have the most amazing customer service! Bring on The Disney Princess Half Marathon
568810180269494272,2015-02-20 08:31:29 -0800,United,1,"@united I will be calling customer service. 2 delayed flights today now, luggage misplaced, a disaster across the board."
568811854216105984,2015-02-20 08:38:08 -0800,United,0,@united Do miles earned with Explorer card count toward lifetime miles?
568812129308053504,2015-02-20 08:39:14 -0800,United,0,@united not anymore.  Finally was ticketed 5 min before takeoff.  Not sure why the confusion with a full-fare GSA ticket.
568813634152849408,2015-02-20 08:45:13 -0800,Southwest,0,"@SouthwestAir if you are going to be inconsistent enforcing your rules, I'd prefer you not randomly take it out on freq flyers that obey"
568815689684815873,2015-02-20 08:53:23 -0800,Virgin America,0,@VirginAmerica loved it. Can't wait for Monday's return flight... Mostly just to watch the inflight safety video again. #sorrynotsorry
568818512191471616,2015-02-20 09:04:36 -0800,US Airways,0,@USAirways Melinda in reservations in greensboro nc is an absolute jewel thank her for me she's amazing!!!
568819025733652481,2015-02-20 09:06:38 -0800,United,0,"@united thank you so much, that helps a ton. Whoever is on this Twitter acct today deserves a handshake and a hot chocoLate Flight. #problemsolvers"
568821307766222848,2015-02-20 09:15:42 -0800,United,0,@united uh - I booked it through the UA website. Why the price change?
568823050571026432,2015-02-20 09:22:38 -0800,Southwest,0,@SouthwestAir give this guy a raise....great start to flight from AZ to MKE..
568823775745028096,2015-02-20 09:25:31 -0800,United,0,@united DM sent.  This lack if customer service is getting ridiculous.
568824821531996162,2015-02-20 09:29:40 -0800,US Airways,0,@USAirways I'm glad too. But I should not have to spend an hour to try and track down the basic information that you already have available.
568825463918833664,2015-02-20 09:32:13 -0800,United,0,@united I have those notifications yet the staff on board say that is not accurate and they have no departure time.
568828543423123456,2015-02-20 09:44:27 -0800,United,0,"@united I can tell you. Your airline has lost mine and my families business. 
This day and age message through Twitter travels fast."
568829494556897280,2015-02-20 09:48:14 -0800,Southwest,0,"@SouthwestAir so, when your plane doesn't work the luxuries I paid for go away but you keep my money? I need that biz model."
568829906584346624,2015-02-20 09:49:52 -0800,United,1,@united how is it tripitPro has accurate delayed dept. times and 2hours Late Flightr I hear the same from you? Just curious
568832576468746240,2015-02-20 10:00:29 -0800,United,0,"@united well played, ^LO."
568834799592448000,2015-02-20 10:09:19 -0800,United,0,@united workin on it. Waiting on him to reply.
568840215089041409,2015-02-20 10:30:50 -0800,US Airways,0,@USAirways we have seats.  on phone Iwas  told I was getting error msg due to paid 1st class upgrd. told to check in after 12am.sound right?
568841355226517504,2015-02-20 10:35:22 -0800,Delta,0,@JetBlue well I'm not sure I'm that bold! lol or are you saying you didn't believe me?? :P
568844097374560256,2015-02-20 10:46:16 -0800,United,0,@united appreciate the sentiment and you were able to get me off the ground;still missed connection
568844412970770433,2015-02-20 10:47:31 -0800,Southwest,0,"@SouthwestAir Please explain to reps, ignoring a technical issue and passing the buck is not a good business model. Lucky limited to 140"
568845545986400256,2015-02-20 10:52:01 -0800,Delta,0,@JetBlue Now ur asking for the heavy guns! You know #IWouldDoAnythingForLove https://t.co/Yx1DQJn8nL #BrandMance #LoveSongFriday
568845724110213120,2015-02-20 10:52:43 -0800,United,0,@united Thanks!
568847735530643457,2015-02-20 11:00:43 -0800,United,0,@united Are the current on board food menus available anywhere online?
568850967673896960,2015-02-20 11:13:34 -0800,Virgin America,0,@VirginAmerica husband and I ordered three drinks via my screen and they never came. Awesome!
568855468975759360,2015-02-20 11:31:27 -0800,United,1,@united Thanks...seat made for a 6 year old and a broken TV. 20 flights/year...my last on your airline.
568856987632603136,2015-02-20 11:37:29 -0800,Southwest,0,"@SouthwestAir you guys rock! So easy, quick, and affordable to change my flight. #bestairlineever #neverchange"
568857374934601728,2015-02-20 11:39:01 -0800,United,0,@united I think you should board from the back of the plane #whatstheholdup #CHItoCLE
568857976733376512,2015-02-20 11:41:25 -0800,Delta,0,@JetBlue Thanks for the reminder of a few older flights I'd taken and the easy access to add points to my new JB account! Awesome service.
568862839340961792,2015-02-20 12:00:44 -0800,US Airways,0,@USAirways will shall see in the next couple of minutes.
568870279906234368,2015-02-20 12:30:18 -0800,US Airways,0,@USAirways followed!
568872365146251264,2015-02-20 12:38:35 -0800,Delta,0,@JetBlue No worries. Time flew in the terminal and now we're taking off. Thanks again!
568874645564362752,2015-02-20 12:47:39 -0800,Virgin America,0,@VirginAmerica Thank you!!
568879053496655872,2015-02-20 13:05:10 -0800,Southwest,0,@SouthwestAir I cannot DM you as you do not follow me.
568883108377808896,2015-02-20 13:21:17 -0800,United,0,"@united if I had a ticket refunded which I purchased, for my brother to fly...could I then used the refunded credit for me to fly? Respond"
568883264791785472,2015-02-20 13:21:54 -0800,Delta,0,@JetBlue can't seem to DM you guys.. JDHADP
568883475534745600,2015-02-20 13:22:44 -0800,United,0,@united dmangen@visualclubconcepts.com
568883598281076738,2015-02-20 13:23:13 -0800,US Airways,0,@USAirways any chance of a travel advisory or DCA this weekend?
568884379600224258,2015-02-20 13:26:20 -0800,Delta,0,"@jetblue captain ""takes as lot of muscles to frown but JUST A FEW TO SMILE. Y'all ready to go flyin?"" I mean... Now I am!"
568885004610240512,2015-02-20 13:28:49 -0800,Delta,0,@JetBlue who is he I must send a note!!! Too good for words!
568889146179072000,2015-02-20 13:45:16 -0800,Southwest,0,@SouthwestAir  after 38 minutes on the phone I'm given another number to call now still on hold with them. http://t.co/1ZT2kEe8up
568890017365561344,2015-02-20 13:48:44 -0800,United,0,"@united uhuh.Group trying to get out of Nashville and into IAD today instead of tomorrow,why be preemptive though... https://t.co/yBv0xaowKv"
568893092927029249,2015-02-20 14:00:57 -0800,Southwest,0,@SouthwestAir Cancelled Flights arrivals &amp; departures in Nashville as of 5pm. That and more weather headlines @ 4pm #LiveOnFOX17 #FebruaryFreezeFox17
568895534825639936,2015-02-20 14:10:39 -0800,US Airways,0,@USAirways @AmericanAir can someone please tell me who I have to talk to #getittogether #findurgrip
568903193930764288,2015-02-20 14:41:05 -0800,United,0,@united how about after 2.5 hrs at ORD another .5 on the tarmac + refuse to move me to an earlier flight you make it up to me? #iflyalot #bs
568904934495629312,2015-02-20 14:48:00 -0800,Delta,0,"@JetBlue No, the flight wasn't until 9:51pm, but it's already been delayed."
568908474601639936,2015-02-20 15:02:04 -0800,United,1,"@united worst AIRLINE 
BEWARE THEY DO NOT MAINTAIN THERE PLAIN 
BEEN ON THE RUNWAY THE PAST 4 HOURS!!!/"
568910880416464897,2015-02-20 15:11:38 -0800,United,0,@united all good man it isn't your fault that plane is having maintenance issues
568911315026063361,2015-02-20 15:13:22 -0800,United,1,@united 5.5 hours Late Flightr I've been in transit for a total of twelve hours...please just change the plane on flight 600 this is ridiculous SFO
568913418092224512,2015-02-20 15:21:43 -0800,US Airways,0,@USAirways not happening #worstairlineever also Marie Burroughs is the worst customer service rep ever #yourairlinesucks
568918759664021504,2015-02-20 15:42:56 -0800,United,0,@united roundtrip to London on @Delta ? I think I will! FYI that's another $1k you just lost. #moneynotspentonunited #unfriendlyskies
568920607347384321,2015-02-20 15:50:17 -0800,Delta,0,@JetBlue were boarding now I'm really not impressed. I've learnt a very valuable lesson .
568922057552977920,2015-02-20 15:56:03 -0800,United,1,@united I need you...to be a better airline. ^LOL
568923795228139521,2015-02-20 16:02:57 -0800,US Airways,0,@USAirways rudest crew member experience! Throwing shade and calling out customers. #reachingnewlows
568926552836182016,2015-02-20 16:13:54 -0800,United,0,@united I didn't get a message from you. I'll resend numbers.
568928486188032000,2015-02-20 16:21:35 -0800,Southwest,0,@SouthwestAir I'm on the 10:55 flight! Everyone has been so nice and helpful! I'm just hoping we'll get to fly out! Thank you! ;)
568931215149039617,2015-02-20 16:32:26 -0800,United,1,@united will do. Thx. Been sitting on plane now for 2.5 hrs and now we have to refuel!  I can't even make this stuff up.
568944054303625217,2015-02-20 17:23:27 -0800,Southwest,0,"@SouthwestAir we had early bird, and it was great. Your employees were awesome. It was 3 passengers who killed the buzz."
568949312098476032,2015-02-20 17:44:21 -0800,Southwest,0,@SouthwestAir @SwagglikeBean take me here
568950980471103489,2015-02-20 17:50:58 -0800,United,0,"@united Marcus helped me - good agent, couldn't fix it. Flight was listed on website, but ""unavailable""to book. False advertising much?"
568951819969232896,2015-02-20 17:54:19 -0800,United,0,@united I have a question about my interview process I had only one interview but was the last person is that good or bad
568953095423705088,2015-02-20 17:59:23 -0800,Southwest,0,@SouthwestAir we're doing our best; sitting at a gate waiting (while not being given information why we're delayed) isn't making this easy
568954558589702144,2015-02-20 18:05:12 -0800,US Airways,0,@USAirways I will send an email with details Late Flightr. Thank you for responding.
568955124300820480,2015-02-20 18:07:26 -0800,United,0,"@united thank you! Good service, safe flight... 1/2 way home!"
568955339607019521,2015-02-20 18:08:18 -0800,United,1,@united I'm Cancelled Flighting my #mileageplus card and I will NEVER do business with you again. You clearly don't care about your customers.
568956535679758337,2015-02-20 18:13:03 -0800,Delta,0,"@JetBlue me again :) you don't have ABC on Inflight TV, do you? (If so, what channel? #SharkTank is on!)"
568957488021827585,2015-02-20 18:16:50 -0800,Southwest,0,"@SouthwestAir Thanks so much. Appreciate your kindness in adjusting our reservation. Even during snowstorms, I still prefer Southwest. 👍"
568959737544339456,2015-02-20 18:25:46 -0800,United,1,@united truly the WORST day of flying I have ever experienced...
568961738596462593,2015-02-20 18:33:43 -0800,Delta,0,@JetBlue whats going on with flight 2034.  Delayed beyond 834.  Shouldnt thre flights switch at that point?
568964010101514240,2015-02-20 18:42:45 -0800,US Airways,0,@USAirways only sympathy she offered was holding a reservation until Monday night. That's pretty awesome if you ask me...
568964635103076354,2015-02-20 18:45:14 -0800,Delta,0,@JetBlue can you share where it is coming from?
568965165783388160,2015-02-20 18:47:21 -0800,United,0,"@united Thanks for nothing. Next time I'll bring a whole extra suitcase for my 1 extra pound. That makes sense, right?"
568968312274718721,2015-02-20 18:59:51 -0800,United,2,@united how do you stay in business with such poor service? #poorservice #notgoodenough http://t.co/VO61LME5ja
568971802015170560,2015-02-20 19:13:43 -0800,United,0,@united when will I hear? Guitar was damaged in December. I use my guitar to earn a living. Get your act together!
568977167410802688,2015-02-20 19:35:02 -0800,US Airways,0,"@USAirways Website won't let me change online even though airline issued travel advisory, now on hold for 50 minutes. Help."
568982915956277249,2015-02-20 19:57:53 -0800,United,0,@United thanks to Lea in the Chicago office for her help in switching our Cancelled Flighted flights!!
568985010742693888,2015-02-20 20:06:12 -0800,United,0,@united yea I saw that I'm moving to China and have 5-6 bags will pay whatever but wanted to make sure it was ok to bring that many
568986491608834048,2015-02-20 20:12:05 -0800,United,0,@united you need to follow me so I can dm you to give you the info
568987303302950913,2015-02-20 20:15:19 -0800,United,1,"@united THAT'S the tweet u choose to answer, to tell me you're not liable?! #youretheworst #neveragain"
568990617394647040,2015-02-20 20:28:29 -0800,US Airways,0,@USAirways How dirty does the damn plane have to be to take an hour to get the plane cleaned??? Refund me my miles😡. #wasteoftime #theworst
569005718365298689,2015-02-20 21:28:29 -0800,United,0,@united Of course. That was the start of my trip 3 wks. ago. Its gone further downhill on my return.
569006044782800896,2015-02-20 21:29:47 -0800,United,0,@united lax29108m make it happen please else on a cruise with no luggage tomorrow
569020255441264640,2015-02-20 22:26:15 -0800,Southwest,0,@SouthwestAir Do you have childrens rates for flights?
569030463760650241,2015-02-20 23:06:49 -0800,Southwest,0,@SouthwestAir had a great LA flight with Clarence and Frank! Those 2 guys are a hoot! 😜😂 thanks
569032643548811264,2015-02-20 23:15:28 -0800,United,0,@united They held the plane! Made it!!
569035174328934401,2015-02-20 23:25:32 -0800,United,0,@united @danahajek : United's CEO has decided to outsource and or push out more and more of their skilled and loyal employees..lack of staff
569035887956271104,2015-02-20 23:28:22 -0800,United,0,@united bad customer service  to NYC a few weeks ago. Thinking of moving on
569040346262282241,2015-02-20 23:46:05 -0800,US Airways,0,"@USAirways landed at Phoenix, but we had to board a flight quickly to Vegas so no time at the airport. What now?"
569071393356288000,2015-02-21 01:49:27 -0800,Southwest,0,@SouthwestAir we are trying to go as far away from King'sCollegeLondon as possible for charity today. Would you help us ? #jailbreak #RAG
569075196117839872,2015-02-21 02:04:34 -0800,Delta,0,@JetBlue we are trying to go as far away from King'sCollegeLondon as possible for charity today. Would you help us ? #jailbreak #RAG
569078309033803776,2015-02-21 02:16:56 -0800,Southwest,0,"@SouthwestAir app error - says click here, can't click not hyperlinked http://t.co/IH5w9nfKz2"
569083132353204224,2015-02-21 02:36:06 -0800,Delta,0,@JetBlue Airways Lowered to Strong Sell at Vetr Inc. (JBLU) - Mideast Time http://t.co/yMMH9k4CBr
569085417045143552,2015-02-21 02:45:11 -0800,Southwest,0,@SouthwestAir There's nothing I love more than being on hold for over an hour http://t.co/LIQWoblFbT
569087442092826624,2015-02-21 02:53:13 -0800,Delta,0,@JetBlue by any chance do u offer fresh guacamole on your flights
569108027644645376,2015-02-21 04:15:01 -0800,US Airways,0,"@USAirways flight 705 FRA-CAT did some odd zig-zagging movements over Frankfurt...
Is everything ok?"
569125033509048320,2015-02-21 05:22:36 -0800,United,0,@united on flight 1665 but it's not departing! Website says delayed due to operational difficulties-what does that mean?
569126921096859648,2015-02-21 05:30:06 -0800,US Airways,0,"@USAirways trying 2 fly frm DCA to SRQ to visit a family member in hospice but 4532 was Cancelled Flightled, can someone assist me?"
569129625592274944,2015-02-21 05:40:51 -0800,US Airways,0,@USAirways baggage drop at phl b/c is incredibly backed up... unacceptable service
569143996422995968,2015-02-21 06:37:57 -0800,Southwest,0,@SouthwestAir - i needed refund on my Cancelled Flightled flights this morning and had been on hold for more than an hour X 3. what to do?
569149358802759680,2015-02-21 06:59:16 -0800,Southwest,0,@SouthwestAir Plz consider customers you're losing to #AA for 🚫 the KC ↔️ OKC directs. #okcdirects #OKC #MCI #flights #okcprofessionals
569152792314687488,2015-02-21 07:12:54 -0800,US Airways,0,@usairways I've been on hold for approaching 2 hrs for an issue when I changed my ticket online. Frustrating.
569155039983497216,2015-02-21 07:21:50 -0800,United,0,@united airlines 1st &amp; only time I ever fly your airline! What a disgrace. @JimTrotter_NFL I should've listened to your tweet! #HORRIBLE
569155666440355840,2015-02-21 07:24:19 -0800,Southwest,0,"@SouthwestAir - I get that weather delays are not in your hands, but is there nothing else you can offer for the massive inconvenience?"
569162467051474944,2015-02-21 07:51:21 -0800,Southwest,1,@SouthwestAir is anyone answering phones to rebook Cancelled Flightled flights?
569163008309657600,2015-02-21 07:53:30 -0800,US Airways,0,@USAirways your flight attendants are all jerks 🐳
569165517614944256,2015-02-21 08:03:28 -0800,US Airways,0,@usairways - thanks for the 5+ hour flight from PIT to PHX with zero entertainment. Guess why I have a quarter million + miles on Delta
569165652876881920,2015-02-21 08:04:00 -0800,United,0,@united what incentive do I have to give you another chance?
569168884798005248,2015-02-21 08:16:51 -0800,United,0,@united Was just hung up on by customer service after waiting 30 min on hold...guess that vacation's not happening? Website wasn't working.
569169704805371904,2015-02-21 08:20:06 -0800,Southwest,0,"@SouthwestAir can't speak with customer service for 2hours, still on hold! Do you guys work?#nogood"
569169897906941952,2015-02-21 08:20:52 -0800,United,0,"@united really needs to start upgrading their planes. No TVs &amp; then the ""inflight wifi"" is currently unavailable #UnitedAirlines"
569175278255284224,2015-02-21 08:42:15 -0800,Delta,0,@JetBlue flying to Denver March 1st and my flight itenary keeps getting changed what the heck...booked the trip 3 months ago
569176969872605184,2015-02-21 08:48:59 -0800,Southwest,0,"@SouthwestAir are any flights leaving DC today? Flight was Cancelled Flightled, been on hold for over an hour."
569180531742486528,2015-02-21 09:03:08 -0800,Southwest,0,"@SouthwestAir On hold over 2 hrs and got cutoff !Cancelled Flightled my flight, now can't get to booked cruise in Florida! Terrible customer service!"
569182050219126785,2015-02-21 09:09:10 -0800,US Airways,0,@USAirways so I still need to stay on hold? http://t.co/04SDytT7zd
569183099495383040,2015-02-21 09:13:20 -0800,Southwest,0,@SouthwestAir You guys are just being disrespectful at this point... learned my lesson about this airline
569183712606179329,2015-02-21 09:15:46 -0800,United,1,"@united besides landing the plane, overall customer service experience has been poor. Late Flight and rude workers plus missing luggage"
569188394716278786,2015-02-21 09:34:22 -0800,Southwest,0,@SouthwestAir  when you take my money and do not provide a service makes for a profitable venture for your company. #IsItTheGaryKellyWay?
569188447157661696,2015-02-21 09:34:35 -0800,US Airways,1,@USAirways flight 850. RUDE RUDE RUDE service! Awful.
569188782492266496,2015-02-21 09:35:55 -0800,US Airways,0,@USAirways no one at #clt knows about runway issues..my inbound flight was only one delayed..connection left without me..now I'm stuck!
569189652080533504,2015-02-21 09:39:22 -0800,Delta,0,@JetBlue Even 5 years after the earthquake...Haiti still needs helps in rebuilding #flyingitforward
569191124373520384,2015-02-21 09:45:13 -0800,Delta,0,"@JetBlue the first place but I really didn't need the extra stress at this already terrible time. Oh by the way, I made the flight with 30"
569191270654070784,2015-02-21 09:45:48 -0800,US Airways,0,@USAirways i've been on hold for an hour trying to change my flight!!! COME ON
569192350607671297,2015-02-21 09:50:06 -0800,US Airways,0,@USAirways chose you for a flight with very time sensitive arrival And you drop the ball. What gives? CLT #667 good way to lose my business
569197910895812608,2015-02-21 10:12:11 -0800,Southwest,0,@SouthwestAir any official word whether flight 3403 from BWI to Manchester is Cancelled Flightled? I've got an 8hr drive in snow if it is 😢
569200606595952640,2015-02-21 10:22:54 -0800,Virgin America,0,@VirginAmerica What is the reason  for the delay of the departure of VX 413 from JFK this afternoon?
569201464658173952,2015-02-21 10:26:19 -0800,Southwest,0,@SouthwestAir you guys need better communication to your customers. This is rude and unprofessional.
569201516881448960,2015-02-21 10:26:31 -0800,United,0,"Meanwhile, they fucked my flight. @united: The festivities are already in full swing at the United Fairway Club, overlooking the 17th hole.."
569208480793567233,2015-02-21 10:54:11 -0800,Virgin America,0,"Awesome! RT @VirginAmerica: Watch nominated films at 35,000 feet. #MeetTheFleet #Oscars http://t.co/DnStITRzWy"
569217440250331136,2015-02-21 11:29:47 -0800,United,0,@united Worst customer non-service for sure!
569221156504530944,2015-02-21 11:44:33 -0800,Virgin America,0,@VirginAmerica  how are you gonna have a deal from Dallas to DC but no deal from DC to Dallas? #sad
569223536507809792,2015-02-21 11:54:01 -0800,US Airways,0,@USAirways  in don't have it on me at the time as I am taking Amtrak home. How do we call for partial refunds?
569225412540174336,2015-02-21 12:01:28 -0800,Southwest,0,@SouthwestAir microsecond too Late Flight so very very sad 😂😂😂😂😂😭😭😭😭😢😢😢😢
569226313220947969,2015-02-21 12:05:03 -0800,United,0,@united terrible travel experience. Traveled 8000 miles roundtrip but two Cancelled Flightlations of short hops cost me two days
569228870177591298,2015-02-21 12:15:13 -0800,Southwest,0,"@SouthwestAir Sure was,  with @Delta  looks like I'll make my birthday celebration after all."
569229104286986240,2015-02-21 12:16:08 -0800,Delta,0,@JetBlue yesterday's deal?
569230515833856000,2015-02-21 12:21:45 -0800,Delta,0,@JetBlue thanks for update http://t.co/K7uBOTMr1r
569232650965102592,2015-02-21 12:30:14 -0800,United,0,@united 4 of us are stranded   And flying from New Orleans to Huston tonight and we will be stuck there for two days. Rather fly than wait.
569233335915925505,2015-02-21 12:32:57 -0800,United,0,@united thank you for your reply.  My frustration is that spending a upgrade just puts you on a wait  list.
569236645180018689,2015-02-21 12:46:06 -0800,Delta,0,@JetBlue you guys need live chat.
569238439373234176,2015-02-21 12:53:14 -0800,Delta,0,@JetBlue actually flight 1089 not 1098
569238877178716161,2015-02-21 12:54:58 -0800,Virgin America,0,@VirginAmerica You guys charged me $100 to reschedule a flight that was then Cancelled Flighted and are now refusing to refund it. What's the deal?
569242046621491200,2015-02-21 13:07:34 -0800,US Airways,0,@USAirways  big thank you to your ticketing agent Ute V at Dulles-Washington for OUTSTANDING guest service to get me rebooked
569242798953594880,2015-02-21 13:10:33 -0800,Southwest,0,@SouthwestAir Hi I just got a message that part of my flights is Cancelled Flightled. I can't rebook online and nobody answers my phone call. Help me
569243676594941953,2015-02-21 13:14:03 -0800,United,0,@united No wonder the cabin is filthy. #badservice
569250469178175488,2015-02-21 13:41:02 -0800,Virgin America,0,@VirginAmerica Thanks for a great flight from LA to Boston! Pilots did a great job landing in the snow. Can we go back to LA now? #seriously
569251768770502656,2015-02-21 13:46:12 -0800,Southwest,0,@SouthwestAir not letting me DM. # is FSZ4YO
569254020457635840,2015-02-21 13:55:09 -0800,Southwest,0,@SouthwestAir not at all. Rerouted to snowy BWI been trying to figure out how to get out of here. Now dealing with more baggage troubles.
569255493610442752,2015-02-21 14:01:00 -0800,Southwest,0,@SouthwestAir can you please DM me who I can speak with regarding my receipts and who I can email a presidential level complaint
569258100324048900,2015-02-21 14:11:22 -0800,United,0,@united call wait times are over 20 minutes and airport wait times are longer
569258544714911746,2015-02-21 14:13:08 -0800,US Airways,0,"@USAirways thank you! It's # 1875 from BWI, keep seeing different stats, from delayed to awaiting take off to delayed..."
569258934864781312,2015-02-21 14:14:41 -0800,US Airways,0,@USAirways Okee doke
569259575800569857,2015-02-21 14:17:13 -0800,United,0,"@united no bag tagging, led to many people backing up the aisle to front with bags"
569259858882662401,2015-02-21 14:18:21 -0800,Southwest,0,@SouthwestAir you Cancelled Flightled my flight to EWR. Flt 3076. U also Cancelled Flightled flights to LGA. Yet @united is flying on time to both. WTH??
569261068050141184,2015-02-21 14:23:09 -0800,Southwest,0,"@SouthwestAir - Hi. My flight confirmation # is fwwe7f. We are currently stuck in Norfolk, Va. Trying to get to LGA in NYC. Ant updates? Thx"
569262631258705920,2015-02-21 14:29:22 -0800,United,0,@united - it is possible to make a ticket change via Twitter? Traveling internationally and can't make calls... Thanks in advance!
569262680965402624,2015-02-21 14:29:34 -0800,United,0,"@United appreciate the early arrival of UA1002, but any chance ORD will ever bring the bags out?"
569264118219214848,2015-02-21 14:35:16 -0800,Southwest,0,@SouthwestAir okay I understand a delay one way. But both ways? C'mon #annoyed #flights
569266679903080448,2015-02-21 14:45:27 -0800,Delta,0,@JetBlue You guys need pillows on these rockers to really knock it out of the park ... just sayin ...
569269761240010752,2015-02-21 14:57:42 -0800,Southwest,0,"@SouthwestAir is now recruiting for Fall 15, Spring 16 Internships. 
2/23/15, 5- 6pm @JindalCMC Davidson Auditorium(1.118) #JSOM #UTDallas"
569271020395241472,2015-02-21 15:02:42 -0800,Delta,0,@JetBlue your website is seriously horrible and so is your  call center!! Almost makes it tempting to fly someone else!! #sodone
569274600196075520,2015-02-21 15:16:55 -0800,Southwest,0,@SouthwestAir breaking my heart at BWI 9 hrs @business
569275476642013186,2015-02-21 15:20:24 -0800,United,0,@united says @USAirways  is the final carrier . Us air doesnt have it. I want my bag!!! Not a claim not an im  sorry. I want my clothes!!
569277733416513536,2015-02-21 15:29:22 -0800,United,0,"@united After an hour+ wait, my issue is resolved. I did contact customer service to comment on the wait time. Thanks for contacting me."
569278041165324290,2015-02-21 15:30:36 -0800,US Airways,0,@USAirways I did. They told me it was a 40 min wait &amp; they'd call back. It's already been 45 min. Horrible
569278644943757312,2015-02-21 15:33:00 -0800,Delta,0,@JetBlue thanks for your prompt response. I know you put safety first. Unfortunately will hit freezing rain/sleet on ride home.
569279106086522880,2015-02-21 15:34:50 -0800,US Airways,0,@USAirways will you fly me to somewhere warm? I'm tired of this snow! :(
569282312203997185,2015-02-21 15:47:34 -0800,United,0,@united thanks ... not sure arranged move to the earlier flight but I'm at the gate with a seat assignment.  Super nice agent at gate C4 ORD
569283532167757826,2015-02-21 15:52:25 -0800,Delta,0,@JetBlue what crew? No one here is helping.
569287489883500545,2015-02-21 16:08:09 -0800,Delta,0,@JetBlue Boston gate C12
569288530419175424,2015-02-21 16:12:17 -0800,Southwest,0,@SouthwestAir wifi on my plane but I gotta pay for it? Help your broke homegirl out✈️📱
569291447377137664,2015-02-21 16:23:52 -0800,United,0,@united who do I need to contact regrading a complaint and to get a voucher funds for future travel on United?
569292823805042688,2015-02-21 16:29:20 -0800,United,0,@united tonight you made this Fred Flintstone happy with an upgrade to 1st class. http://t.co/gKgKZLAwpR
569294326259253248,2015-02-21 16:35:19 -0800,United,0,Reply to @united - Doesn't do any good to check outlets preflight when moved to different equipment after boarding due to malfunction.
569294599614803968,2015-02-21 16:36:24 -0800,US Airways,0,@USAirways hell is terrible gate agents. And a three hour wait at the gate.
569296792426295297,2015-02-21 16:45:06 -0800,Southwest,0,@SouthwestAir now our pilots timed out...#getmeoutofhere
569297324285022209,2015-02-21 16:47:13 -0800,US Airways,0,@USAirways I'm flying with you this Summer. Will I be able to leave Miami Airport during my 12 hour stopover there?
569300264349364224,2015-02-21 16:58:54 -0800,Delta,0,@JetBlue he just went above and beyond to be helpful
569302490421833729,2015-02-21 17:07:45 -0800,United,1,@united Nope! I'm on UA 174 that was supposed to leave at 6:47 but are still at the gate. Apparently we are about to pull back and de-ice.
569302780013355008,2015-02-21 17:08:54 -0800,Southwest,0,@SouthwestAir @PoteetTJ had to fly @Delta MCO-&gt;CMH for $400 b/c we cldnt reach SWA to reroute SWA 3104 Cancelled Flightlation. Voucher wld help.
569310253315174400,2015-02-21 17:38:36 -0800,United,0,"@united I have requested upgrade for EWR BOM flight, end of May. Miles + copay. When will i know if I am upgraded?"
569310913079214080,2015-02-21 17:41:13 -0800,US Airways,0,@USAirways Looks like I'm already delayed and will miss my connecting flight in Philadelphia. Do you un-delay your flights?
569313126342123520,2015-02-21 17:50:01 -0800,US Airways,0,@USAirways Sitting in a cesspool of germs on the ground in #PHL for 2 hours now.
569313760864632832,2015-02-21 17:52:32 -0800,Southwest,0,@SouthwestAir How do I retroactively add previous flights/miles/points to current rapid rewards balance?
569318043702177793,2015-02-21 18:09:33 -0800,Southwest,0,@SouthwestAir crazy how every airline flew out to the northeast tonight except you
569318432648273920,2015-02-21 18:11:06 -0800,United,0,@united trying to get a customer service agent.  Just landed in SFO.  Can't fly with 3 layovers with 3 kids!!
569319928815202304,2015-02-21 18:17:03 -0800,United,0,@united you're terrible.
569320520728113152,2015-02-21 18:19:24 -0800,Delta,0,@JetBlue thanks so much. Can't wait to fly with you guys :)
569320844503228416,2015-02-21 18:20:41 -0800,Southwest,0,@SouthwestAir finally boarded. Looks like I'll make it to my final destination but my baggage won't # baggagefail #bagsflyfreebutnotwithme
569322657822285824,2015-02-21 18:27:53 -0800,United,1,@united why do you hire POS pilots? Thanks for ruining my trip and not allowing me to see my buddy as he turns 30. #unitedsucksdick
569324295635247104,2015-02-21 18:34:24 -0800,United,0,@united U blow
569324647906480128,2015-02-21 18:35:48 -0800,US Airways,0,@USAirways Your app and website are trash AF.
569328931905642496,2015-02-21 18:52:49 -0800,US Airways,0,@USAirways you can send my luggage to my house👋
569330782537437184,2015-02-21 19:00:10 -0800,Delta,0,@JetBlue thanks for bringing my son home to me.
569332471193595904,2015-02-21 19:06:53 -0800,Southwest,0,@SouthwestAir  no such thing as a free flight. Gonna be spending $100 on board rental bc #swa couldn't get my baggage to greenville w me.
569336246474022912,2015-02-21 19:21:53 -0800,Southwest,0,@SouthwestAir I'm ready for #MayweatherPacquiao in Vegas May 2nd! http://t.co/8dQZlrJo9p
569338341306572800,2015-02-21 19:30:13 -0800,United,0,@united yes. On a nonstop to Memphis tomorrow morning. With the snow coming in I got my fingers crossed it will go.
569338724787593216,2015-02-21 19:31:44 -0800,United,0,@united we've been seating for 5hrs inside flight UA936 at #IAD delayed. We've only been offered water &amp; cookies in business class. #failed
569340402786025472,2015-02-21 19:38:24 -0800,US Airways,0,"@USAirways he waited over two hours on the phone, had to book and get to MI, family member very ill, time of the essence"
569343186046332928,2015-02-21 19:49:28 -0800,United,0,@United Can you increase the legroom? : How airlines compare http://t.co/diUfep8n2q via @CNNMoney
569344334761316354,2015-02-21 19:54:01 -0800,Delta,0,@JetBlue you are doing a horrible job at JFK...you need to rethink how you put these routes together. Unprofessional
569345132866220032,2015-02-21 19:57:12 -0800,US Airways,0,"@USAirways help! Flight Cancelled Flighted, can't call because my phone doesn't work in Europe. Please help? Says I'm booked want to confirm."
569348775631675392,2015-02-21 20:11:40 -0800,Virgin America,0,@VirginAmerica shame on VA for making people spend money in stranded cities when other airlines are landing at JFK! Who will reimburse me?
569350289729458177,2015-02-21 20:17:41 -0800,US Airways,0,@USAirways pullin some sh** delaying flights again... Smh @OBJ_3 http://t.co/Av2rfFHMcV
569351220097216512,2015-02-21 20:21:23 -0800,Virgin America,0,@VirginAmerica - too many apologies! You r the worse airlines! Don't even respond to your cudtomers
569357079716229121,2015-02-21 20:44:40 -0800,US Airways,0,@USAirways I have been I hold for 40 min. My 5:50 flight just got Cancelled Flightled and rescheduled for Monday. This is unacceptable!
569364328857640961,2015-02-21 21:13:28 -0800,Southwest,0,@SouthwestAir now on hold for 2.5 hours waiting to speak to someone about my Cancelled Flightled flight from Philly to ORL
569368286128771072,2015-02-21 21:29:12 -0800,United,0,"@United - routing a person from Houston to Newark, NJ  and then to SFO is not acceptable."
569372333267394560,2015-02-21 21:45:17 -0800,Southwest,0,@SouthwestAir flight Cancelled Flightled out of BWI to PBI. Can't get out until Monday. What are the chances the seats open up for a flight on 2/22?
569377149045444608,2015-02-21 22:04:25 -0800,US Airways,0,@USAirways thank you for leaving my 74 y/o grandma stranded because connecting flt could not wait 10 minutes. I will never fly you again
569377633894445056,2015-02-21 22:06:21 -0800,US Airways,0,@USAirways Charlotte Staff needs prayer....disappointed in response to mishaps ......lotttttttt of pissed off people here!!!!
569379367077355520,2015-02-21 22:13:14 -0800,United,0,@united Missing flight attendant = Delayed Flight. Prime example how 1 person impacts 100's of people. HNL -&gt; IAH (UA252) #wastedtime
569379726562869248,2015-02-21 22:14:40 -0800,United,0,@united somehow I knew that you'd wait until I was airborne to respond. #hacks #jokers #neveragain.
569383892542738432,2015-02-21 22:31:13 -0800,United,0,@united Just sent a DM. Thank you for the acknowledgment.
569386397683073024,2015-02-21 22:41:10 -0800,US Airways,0,@USAirways Are you guys awake? Need help with delayed flight to get protected on Late Flightr flight from PHL.
569395278731747329,2015-02-21 23:16:27 -0800,US Airways,0,@USAirways Seriously. You can't tweet and let people know that you've got customers that have been on hold for 5 HOURS??!!
569395649310883840,2015-02-21 23:17:56 -0800,United,0,@united why don't you allow families with small children to board first anymore? Our next flight will be on another airline...
569406451980091392,2015-02-22 00:00:51 -0800,US Airways,0,@USAirways I think it's ok.
569408185125052416,2015-02-22 00:07:45 -0800,Southwest,0,@SouthwestAir want to pick up a customer from @SpiritAirlines sign me up 🙌😏
569413676337274880,2015-02-22 00:29:34 -0800,Delta,0,@JetBlue just lost very loyal customers who use them 4-10 times a year.
569414739694104576,2015-02-22 00:33:47 -0800,US Airways,0,@usairways we've been on hold for 2 hours trying to reschedule our Cancelled Flightled flight. Can anyone out there please help us?
569416670340636672,2015-02-22 00:41:28 -0800,US Airways,0,@USAirways we appreciate auto rescheduling our Cancelled Flightled flight-- but you have nothing sooner than Tuesday? can fly into alternate loc?
569420073707773952,2015-02-22 00:54:59 -0800,Delta,0,@JetBlue no. Not boarding order. Someone boarded with. Service Animal which a member of my party was allergic to and because the flight was
569420890003410944,2015-02-22 00:58:14 -0800,United,0,@united absolutely disgusting the way you treat your customers. Isn't there anyone actively monitoring your Cust serve? This is  unreal!!
569421367243878400,2015-02-22 01:00:07 -0800,US Airways,0,"@USAirways Why is my ""first available"" flight for me now Tuesday but a flight today  that is ""booked ""#flt 755 available to buy online?"
569429411646156800,2015-02-22 01:32:05 -0800,Virgin America,0,@VirginAmerica to begin Dallas-Austin #flights in April - 88.9 KETR http://t.co/SSUVWwkyHH
569433059168260096,2015-02-22 01:46:35 -0800,United,0,@united you've got to be kidding me. I still haven't talked to a human and your robotweeting me?! And asking for a follow????
569438763115536384,2015-02-22 02:09:15 -0800,United,0,@united it's disgusting and unconscionable the treatment I've received tonight.
569439706339024896,2015-02-22 02:13:00 -0800,United,0,@united you hung up on me again.
569453233044885504,2015-02-22 03:06:45 -0800,Southwest,0,@SouthwestAir #flight #Cancelled Flightled...tried to get refund but on hold. Can I get it after my flight would have departed?
569454437288140800,2015-02-22 03:11:32 -0800,United,0,@united This has been the WORST flight experience I've ever had. Thank you for ending my vacation on such a bad note.
569454891644674049,2015-02-22 03:13:20 -0800,US Airways,0,"@USAirways @AmericanAir I was meant to fly on Sat, you just made it Tues, I can't afford to stay in a hotel for another TWO nights!"
569457108355289088,2015-02-22 03:22:09 -0800,US Airways,0,@USAirways worst experience ever!!!!
569459269394956288,2015-02-22 03:30:44 -0800,US Airways,0,"@USAirways worst experience with you. Cancelled Flightled flight, no voucher and no luggage because ""ramp was broken."" No other ramps in Charlotte??"
569480220203474944,2015-02-22 04:53:59 -0800,United,0,"@united I tried.   We were hung up on, twice. After speaking with someone, then put on hold for 45 minutes.  No resolution."
569484638219071488,2015-02-22 05:11:32 -0800,US Airways,0,@USAirways @AmericanAir  is there anyone answering phones today??? Listening to same damn messages for 1:10 minutes
569484671672651776,2015-02-22 05:11:40 -0800,United,0,"@united A day Late Flightr, one delayed &amp; one Cancelled Flightled flight, I'm at a gate with no seat assign. Lots of standby ppl also waiting."
569484788404322304,2015-02-22 05:12:08 -0800,United,0,@united lost bag on next flight. Didn't have time to load during the 5 hour delay?Consequence from platinum to gold
569487757741051904,2015-02-22 05:23:56 -0800,US Airways,1,@USAirways This was a real life exercise in crisis management which @USAirways failed miserably. Some compensation would go a long way.
569488962324172801,2015-02-22 05:28:43 -0800,US Airways,0,@USAirways on hold with 800-428-4322. Flight from DSM to DCA was Cancelled Flighted (4473). Know when it will fly?
569491590105980929,2015-02-22 05:39:10 -0800,US Airways,0,@USAirways Many thanks for your reply! http://t.co/6CGFv02gzb
569496828376322048,2015-02-22 05:59:59 -0800,United,0,"@united I would understand if weather was the issue, but bc of airline maintenance I had to sleep on an airport floor and lose an entire day"
569502909093646336,2015-02-22 06:24:09 -0800,United,0,@united I am still in the airport waiting for my flight.
569504330551861248,2015-02-22 06:29:47 -0800,United,0,@united If United loses your baggage they will get it to the airport in the country your in and then it disappears!
569504946120298496,2015-02-22 06:32:14 -0800,Delta,0,What can I say other than when it comes to my #BrandLoveAffair w/ @jetblue ur my #soulandinspiration https://t.co/IGkoGyWksr #umosaicmecrazy
569508282995486720,2015-02-22 06:45:30 -0800,United,0,@united fuck you for not caring 😢
569508469088387072,2015-02-22 06:46:14 -0800,United,0,@united why don't you de-ice while the plane sits there with no one in it for 2 hours ?? Or we could just delay :/
569508595181731841,2015-02-22 06:46:44 -0800,Southwest,0,@SouthwestAir What is the best credit card to use/open to get miles with y'all?
569512714961362944,2015-02-22 07:03:06 -0800,United,0,"@united : flight delayed by 24 hours, lost my wallet, have no money to eat or sleep yet your representatives will not help.#unitedsucks"
569514031695962112,2015-02-22 07:08:20 -0800,US Airways,0,@USAirways no one is coming to line. On hold for 4 hours. Can u help here if I provide conf code?
569514063019053056,2015-02-22 07:08:28 -0800,United,0,"@united, more lies... http://t.co/BEqoTLNugc"
569514750842789888,2015-02-22 07:11:12 -0800,United,0,@united the long wait was the icing on the cake. Why don't you fix your reservation system so the confirm # doesn't get changed mid-travel
569516566380875778,2015-02-22 07:18:25 -0800,United,0,@united I would like your baggage damage number as well! Another great thing from your 'trained' staff! Whats the number please.. Claim time
569517721764786176,2015-02-22 07:23:00 -0800,Southwest,0,@SouthwestAir flying flight 3130 tonight at 7:20 from PBI- I have boarding position C-42. Is flight overbooked? Have funeral to attend!
569520477351383040,2015-02-22 07:33:57 -0800,Delta,0,@JetBlue isn't this something YOU should do?!  Why should I tell your crew how to do their job?
569521573268480002,2015-02-22 07:38:18 -0800,US Airways,0,@USAirways my in-laws flight Cancelled Flighted 4 tonight. U auto rebooked 4 flight on Tuesday that doesn't work. Can you help reFlight Booking Problems them?
569524310186061824,2015-02-22 07:49:11 -0800,Delta,0,@JetBlue seriously? System down? No IT?
569525270907981825,2015-02-22 07:53:00 -0800,Delta,0,@JetBlue Appreciate the heads up at 10:45 that my 11am flight was delayed bc the crew is stuck in Boston #communicationFAIL #dobetterJetBlue
569525641759993856,2015-02-22 07:54:28 -0800,Delta,0,@JetBlue whatever your lil #mint heart desires! http://t.co/WmX12F33ZC
569525690615205888,2015-02-22 07:54:40 -0800,US Airways,0,@USAirways i want an Icecream baby...
569526493023498240,2015-02-22 07:57:51 -0800,Delta,0,@JetBlue I knew there was a reason u were my favorite airline. Just read you answer on twitter in globe this morning. Great job
569526559012495361,2015-02-22 07:58:07 -0800,Delta,0,@JetBlue #489. Flight #589 is departing before we even board
569526800767983616,2015-02-22 07:59:05 -0800,United,0,@united you really need a better system for handling Cancelled Flightled flights http://t.co/3uBCoAsyws
569527586960711681,2015-02-22 08:02:12 -0800,Delta,0,"@JetBlue then this agent demanded I remove my old luggage tag, every other airport the JB agent politely handles it"
569528351364292608,2015-02-22 08:05:14 -0800,Delta,0,"@JetBlue after applying my new tag, she left my bag on the ground rather than loading on the conveyer belt..I had to walk back 50 yards"
569528523418775552,2015-02-22 08:05:55 -0800,Southwest,0,@SouthwestAir no I wasn't. After over an hour was too frustrated and had to hang up.
569529412196167682,2015-02-22 08:09:27 -0800,US Airways,1,@USAirways Thanks for Cancelled Flighting my flight tomorrow and not reFlight Booking Problems me on another one. #usairwaysfail
569529608862875648,2015-02-22 08:10:14 -0800,United,0,@united can you put Russell Daiber (on same ticket) as well into premium Eco? Appreciated!
569530483022962688,2015-02-22 08:13:43 -0800,United,0,@united this customer service experience will be tweeted for quality assurance.
569531768321269760,2015-02-22 08:18:49 -0800,US Airways,0,@USAirways 2 hours?! And just got disconnected.
569533328396832768,2015-02-22 08:25:01 -0800,Delta,0,@JetBlue it's sunny and gorgeous in ny actually. What's the real reason?
569534268130660352,2015-02-22 08:28:45 -0800,United,0,@united you can't say the flight is pulled in and departs in 2 mins if boarding hasn't even started! http://t.co/2IKbP8gxWi
569538127016144896,2015-02-22 08:44:05 -0800,Delta,0,@JetBlue Flight 1533 JFK to Cartagena all at this airport bar singing the opposite of your praises! We're making a pact to never fly u again
569538524321419265,2015-02-22 08:45:40 -0800,Southwest,0,@SouthwestAir last week I flew from DAL to LAX. You got us in almost an hour early. Thank You.
569538770808266754,2015-02-22 08:46:39 -0800,United,0,@united so? Found anything or just showing off? You do realise that the morning flight that you Cancelled Flightled was more pricey than the evening?
569541848877957120,2015-02-22 08:58:53 -0800,United,0,@united thanks for the effort. I can get the earliest. Though I will make a complaint for a refund as I am losing one business day tomorrow
569543955622338560,2015-02-22 09:07:15 -0800,Southwest,0,@SouthwestAir I have never had such awful customer service and conflicting service. Outrageous.
569544742595391489,2015-02-22 09:10:22 -0800,United,0,"@united ah, that would explain why crew didn't seem particularly distressed when we pointed it out. It was a little startling at first."
569546412121202689,2015-02-22 09:17:00 -0800,United,1,"@united once again you guys didn't let me down, a four hour delay to Honolulu from Houston, thanks for the train wreck of issues now coming"
569547374454050816,2015-02-22 09:20:50 -0800,Delta,0,"@JetBlue if someone had bothered to inform us that the airport closed, that would have helped."
569547458520469505,2015-02-22 09:21:10 -0800,Delta,0,@JetBlue no excuse though for 3 gate changes though.
569549922569224192,2015-02-22 09:30:57 -0800,Delta,0,"@JetBlue, your hold music sucks."
569550230376423424,2015-02-22 09:32:11 -0800,Delta,0,@JetBlue Promo Watch Phone $33 at Amazon check http://t.co/leNaOwFyvU
569550676784578562,2015-02-22 09:33:57 -0800,United,0,"@united broken light, 35 mins to get bridge to gate, airplane parked wrong , bathroom not emptied last night....your airline in last 3 hrs"
569554065606074368,2015-02-22 09:47:25 -0800,Southwest,0,"@SouthwestAir check the head of the plane, there has been dynamite placed onto it"
569554916064284672,2015-02-22 09:50:48 -0800,United,0,@united amazing hospitality and helpfulness from Anthony Lastella. Great staff 👏👏👏✈️ def flying #united again.
569555199062224897,2015-02-22 09:51:55 -0800,Southwest,0,"@SouthwestAir Totally ruined my birthday weekend by Cancelled Flighting my flights for no reason and offer no points, drink, transport. #nolove #cali"
569556215375613952,2015-02-22 09:55:58 -0800,Southwest,0,"@SouthwestAir As a frequent traveler, I've never been treated so coldly &amp; had an airline offer nothing when my flight was Cancelled Flightled. #nolove"
569556697603280897,2015-02-22 09:57:53 -0800,US Airways,0,@USAirways No thank you. @AmericanAir was responsive &amp; I found alternate travel home.
569564853460807680,2015-02-22 10:30:17 -0800,Virgin America,0,"@VirginAmerica got a flight (we were told) for 4:50 today..,checked my email and its for 4;50 TOMORROW. This is unacceptable."
569568357030232066,2015-02-22 10:44:13 -0800,Delta,0,@JetBlue #1691 out of JFK. no one has info &amp; no answers as to why we boarded the plane. the team is in an awkward spot &amp; everyone is cranky
569568612215865344,2015-02-22 10:45:13 -0800,US Airways,0,@USAirways churn rate increasing by the second
569568878977794048,2015-02-22 10:46:17 -0800,Delta,0,@JetBlue also not have food available even for purchase is quite shocking since this is a 5 hour international flight.
569571437389881344,2015-02-22 10:56:27 -0800,Southwest,0,@SouthwestAir here's a first..both pilot and first officer in galley during flight...
569571448412438528,2015-02-22 10:56:30 -0800,Southwest,0,@SouthwestAir Way to go flying out of Denver today! Must be the only airline not Cancelled Flighting/delaying flights! #FlySWA #denverairport
569576214047760385,2015-02-22 11:15:26 -0800,Delta,0,"@JetBlue come on! Already delayed 2+ hrs on flight 1415 as we waited for the pilot to come from Boston, now you reassign him?! Endless trip."
569579153604743171,2015-02-22 11:27:07 -0800,Delta,0,@JetBlue no baggage crew update!  Your staff is incompetent with no answers after 2 hours....
569579962786689024,2015-02-22 11:30:20 -0800,United,0,@United rescheduled my return flight from #Japan?  Uh why?  Trying to call #UnitedAirlines #customerservice - 45 min wait.  #fun
569581828258078721,2015-02-22 11:37:44 -0800,US Airways,0,@USAirways spent 1.5 hours in line trying to get on a flight home tonight only for it to be Cancelled Flightled an hour Late Flightr. Not even snowing at DCA
569584057270575105,2015-02-22 11:46:36 -0800,US Airways,28,@USAirways with this livery back in the day. http://t.co/EEqWVAMmiy
569584207011434497,2015-02-22 11:47:11 -0800,US Airways,0,@USAirways why have me board a plane knowing there is a maint issue?  US5235.
569584885108748290,2015-02-22 11:49:53 -0800,US Airways,0,@USAirways Flight 4210 been sitting @Bradley_Airport gate 27 for 10 min w door open since we arrived. Still no jet bridge. Can someone help?
569587048811761664,2015-02-22 11:58:29 -0800,Delta,0,@JetBlue now we dont have enough money for parking in your garage this is your fault and im not paying for what should be 10mins into 3hrs
569587371693355008,2015-02-22 11:59:46 -0800,American,0,@AmericanAir leaving over 20 minutes Late Flight. No warnings or communication until we were 15 minutes Late Flight. That's called shitty customer svc
569587705937600512,2015-02-22 12:01:06 -0800,American,0,"@AmericanAir my flight was Cancelled Flightled, leaving tomorrow morning. Auto rebooked for a Tuesday night flight but need to arrive Monday."
569587844693536768,2015-02-22 12:01:39 -0800,US Airways,0,@USAirways  you Cancelled Flighted &amp; rescheduled my flight &amp; still getting updates &amp; can't find my current flight on my account http://t.co/8Je1h3666w
569591136534319105,2015-02-22 12:14:44 -0800,American,0,@AmericanAir 3078 is overweight so you pull 2 dozen passengers off? Why not luggage? Seriously?
569592148338876416,2015-02-22 12:18:45 -0800,American,0,"@AmericanAir &amp; if that wasn't enough, your staff have been so rude &amp; ignored passengers,don't think that should be accepted whatever reason"
569592270866878464,2015-02-22 12:19:14 -0800,American,0,@AmericanAir i need someone to help me out
569592368518660096,2015-02-22 12:19:37 -0800,US Airways,1,"@USAirways @AmericanAir as a Gold Dividends member, why can't I get anyone on phone to handle my Cancelled Flighted American flight tonight 😡"
569595745126494208,2015-02-22 12:33:02 -0800,US Airways,0,@USAirways is absolute crap this week!!
569596097540132864,2015-02-22 12:34:26 -0800,Virgin America,0,.@VirginAmerica I don't understand why you need a DM to give me an answer on if you have a damaged luggage policy.
569596156927303681,2015-02-22 12:34:41 -0800,American,0,"@AmericanAir 30 minutes flight from OKC and then make us wait, 30 minutes cause the gate isn't empty.  #epicfail #poorplanning"
569596783011217408,2015-02-22 12:37:10 -0800,US Airways,0,@USAirways 2nd plane forced to get off due to mech and wait for 3rd need housing and meals in STT need help b4 we arrive at STT please
569597220871282690,2015-02-22 12:38:54 -0800,American,0,@AmericanAir You didn't respond to my DM. You tweeted the same canned tweet you're telling everyone else.
569598171082596352,2015-02-22 12:42:41 -0800,United,0,@united my last call your customer service agent called me back... As he was stuck on hold to air Canada.. Just hope he's booked me a flight
569598852912668672,2015-02-22 12:45:23 -0800,US Airways,0,@USAirways you should update your passbook passes with any gate changes.
569599379893575680,2015-02-22 12:47:29 -0800,American,0,"@AmericanAir @brewcrewfan8 Is this real life, AA? Like, 2015 real life? You should be emailing/calling/DMing people you've inconvenienced."
569599867716132864,2015-02-22 12:49:25 -0800,Virgin America,2,Always have it together!!! You're welcome! RT @VirginAmerica: @jessicajaymes You're so welcome.
569600291290656768,2015-02-22 12:51:06 -0800,American,0,@AmericanAir fix the engine of flight AA3031so I don't spend all night in your airport so I can fly home tomorrow
569600599588630529,2015-02-22 12:52:20 -0800,American,0,@AmericanAir please help us get home tomorrow!!!!!
569600989055086592,2015-02-22 12:53:53 -0800,US Airways,0,@USAirways AA Gate Supervisor emplid 600117 allowed flight AA67 to leave JFK to SJ on 20feb15 w/o 8 customers that made final boarding call.
569601275672829952,2015-02-22 12:55:01 -0800,US Airways,0,"@USAirways thanks to you, you have now incurred us approximately 2000 dollars in fees due to a staff members screw up.  #neveragain"
569603991551782913,2015-02-22 13:05:48 -0800,American,0,@AmericanAir  Mad love http://t.co/4ojrSDWPkK NYC-
569604083507556353,2015-02-22 13:06:10 -0800,American,0,@AmericanAir is this how you let your employees treat your loyal customers? #attackingbabymomma #crazinessintherockies
569604655166009345,2015-02-22 13:08:27 -0800,United,1,@United You were doing so well until the PHL-SFO flight yesterday. Major miss. Unfriendly Premier cabin crew. Baggage cluster at SFO.
569604805116563457,2015-02-22 13:09:02 -0800,United,0,@united there is a sector whereby it says $0 in both bags...no bag allowance at all in international flight?
569607509167595520,2015-02-22 13:19:47 -0800,American,0,"@AmericanAir The point of the pic: If your reps struggle with the merger this much, imagine how it is for the public! http://t.co/hQdB5IRuVg"
569609163824713729,2015-02-22 13:26:22 -0800,American,0,@AmericanAir when is next lax JFK flight today
569609396461936640,2015-02-22 13:27:17 -0800,American,0,@AmericanAir Nicest people ever flight to Chicago.Thanks David Deane &amp; Norma Sedholm for making me feel comfortable ✈️✈️✈️✈️✈️✈️✈️
569609621834301440,2015-02-22 13:28:11 -0800,US Airways,0,@USAirways and after six hours even the gate agent got fed up and left us all on line in front of an empty desk. Stay classy US Air.
569609828831780865,2015-02-22 13:29:00 -0800,US Airways,0,@USAirways Do you have Bereavement discount on airfare as my grandfather just passed and need to attend his funeral this week.
569610759795314688,2015-02-22 13:32:42 -0800,US Airways,0,@USAirways thanks for the worst customer service on the face of the earth. I loved the 5+ hrs on hold along w 2 Cancelled Flightled flights
569610806196768768,2015-02-22 13:32:53 -0800,Southwest,0,@SouthwestAir done
569612804350717953,2015-02-22 13:40:50 -0800,US Airways,0,"@USAirways despite mechanical issues and many delays followed by a Cancelled Flightlation, still getting to Vegas thanks to great gate agents!"
569613284455948289,2015-02-22 13:42:44 -0800,Southwest,0,@SouthwestAir I will be calling someone on Monday in customer relations. Very disappointed in how I was treated by customer service!
569613601918492672,2015-02-22 13:44:00 -0800,American,0,@AmericanAir hey guys. DMed you a question about when 500-mile upgrades post after earning. Hope to use tomorrow
569615410720432128,2015-02-22 13:51:11 -0800,American,0,"@americanair hi, you Cancelled Flightled our flight back to the US and now won't take our call. What are we supposed to do?"
569615514928074752,2015-02-22 13:51:36 -0800,American,0,@AmericanAir cannot talk to any agents keep getting hung up on crazy
569616576481267712,2015-02-22 13:55:49 -0800,Delta,0,@JetBlue What confirmation number?
569617259548708864,2015-02-22 13:58:32 -0800,Delta,0,"@JetBlue @amybruni No wifi on this flight so we can't tweet you our Oscar party pics at 37,000ft. #bluecarpet :-( SEA✈️BOS"
569618371148443649,2015-02-22 14:02:57 -0800,American,0,"@AmericanAir 245. I'm about to take off but one of your reps at a different gate was rude when I asked for assistance. Thanks, though."
569618440396398592,2015-02-22 14:03:13 -0800,United,0,@united if I miss the #Oscars I'll never fly united again
569618538924789760,2015-02-22 14:03:37 -0800,US Airways,0,@USAirways Everyone on Flight 669 from LAX to RDU enjoyed waiting an hour &amp; a half in baggage claim for their bags just now
569618659917893632,2015-02-22 14:04:06 -0800,American,0,"@AmericanAir two hours Late Flightr and still waiting for a callback. Need to reschedule flight 1027, hopefully to the Late Flightr one tomo not Cancelled Flighted"
569618838767181825,2015-02-22 14:04:48 -0800,US Airways,2,@USAirways Y'all need to get it together
569619569372823552,2015-02-22 14:07:43 -0800,Virgin America,0,@VirginAmerica why can't we book seats on your flights when we buy them or even during check in? Creates so much anxiety! #frustrated
569620098467569664,2015-02-22 14:09:49 -0800,United,0,@united the bag is in a state that I didn't travel to and the airports don't fly to each other. Looks like it'll never show
569620102389350401,2015-02-22 14:09:50 -0800,Virgin America,0,@VirginAmerica always!!! Xoxo
569620202045841408,2015-02-22 14:10:13 -0800,American,0,@AmericanAir @tcunningham10 please call us back to rebook. 7403607771 we can't through!!!!! We need to get to columbus!!!!
569620355783925760,2015-02-22 14:10:50 -0800,US Airways,0,@USAirways made it to the Bahamas for work but my luggage didn't. I know #travel happens but is there anyway I can get more help/info?
569621744295682048,2015-02-22 14:16:21 -0800,Delta,0,"@JetBlue from San Diego with a 4 hour delay to JFK!Even you have a Amex  JetBlue, even having over 50.000 travel miles, you're still nothing"
569621840844464128,2015-02-22 14:16:44 -0800,Delta,0,@JetBlue never had an airline refuse to help sit parents with tiny kids. But this guy is willing to do it. #JetBlue http://t.co/MzZfGqfHu2
569623415767871489,2015-02-22 14:23:00 -0800,US Airways,0,@USAirways he is 8 months old and is suffering from a rare form of cancer. Your customer service agents had no compassion and I am disgusted
569623961224351744,2015-02-22 14:25:10 -0800,American,0,@AmericanAir your message was delayed I just responded
569624009354170369,2015-02-22 14:25:21 -0800,US Airways,0,"@USAirways his name is Rett Cavan, he has a gofundme page, and is going to take his last breath tonight. This airline only cares about money"
569625053916061696,2015-02-22 14:29:30 -0800,US Airways,1,@USAirways provided the best service for me today! Thank you so much :)
569625456816709633,2015-02-22 14:31:06 -0800,American,0,"@AmericanAir that's unacceptable. They should allow me to wait on hold, or take my number and call me themselves."
569625848334000128,2015-02-22 14:32:40 -0800,US Airways,0,@USAirways on plane from BOS to CLT for 60 mins. Still at gate. Crew says system-wide computers preventing paperwork. Any info you can give?
569628922431873025,2015-02-22 14:44:52 -0800,Delta,0,"@JetBlue Seriously, what is your solution? Who exactly will help my 5 year old if there's a problem with the plane? http://t.co/vPDRPLXj5a"
569629819559747585,2015-02-22 14:48:26 -0800,United,0,@united why are your agents working so slowly to rebook people who are on #UA1481. We have all wasted an entire day at STT.
569630240512876546,2015-02-22 14:50:07 -0800,Delta,0,@JetBlue cool! Are there stairs at JFK? I can walk short distances but not stairs.
569630885450002432,2015-02-22 14:52:40 -0800,American,0,@AmericanAir TY Can you confirm or deny if AA953 left JFK? I want to figure out if more delays are in store. Internet giving different info.
569631041356320768,2015-02-22 14:53:18 -0800,United,0,@united I trust you enough to put my coat in my checked bag!
569631350304731136,2015-02-22 14:54:31 -0800,United,0,@united 4 open seats in 1st class on UA 2065. Way to honor your upgrade policy for freq flyers and/or honor an employee with an upgrade.
569631508379664384,2015-02-22 14:55:09 -0800,United,0,@united it was such a lovely part of this long day - attendants on UA5168 (most) /UA795 were beyond exceptional today. #GiveThoseLadiesRaise
569632200913604608,2015-02-22 14:57:54 -0800,United,0,"@United​ has Cancelled Flighted 1 arrival into SHV tonight &amp; the 1st departure flight on Mon, Feb 23rd. Check with your airline for flight status."
569633257689518081,2015-02-22 15:02:06 -0800,Delta,0,@Jetblue  I will keep on tweeting until your CEO answers and personally apologizes to my wife and the passengers of flight 136. Just Wrong!!
569636003473793024,2015-02-22 15:13:01 -0800,American,0,"@AmericanAir fair enough. But they could have at least told us. Once again it's the lack of communication. Delays happen, just tell me"
569636980612427776,2015-02-22 15:16:54 -0800,Delta,0,"@JetBlue I hope your customer service reps are as reliable/friendly as they usually are, so far you are not living up to your + rep/exper."
569638419384528897,2015-02-22 15:22:37 -0800,United,1,"@united that's what you have said for years, you are losing customers!!!!!!"
569640038302134273,2015-02-22 15:29:03 -0800,American,0,"As am I, @AmericanAir - but thankfully there was a @united lounge next door. Really not impressed by oneworld partnerships :("
569640733466103808,2015-02-22 15:31:48 -0800,US Airways,0,@USAirways What is happening at Reagan Airport DCA? Long lines and four people working checkIn! #unhappy #DCA
569641247075213312,2015-02-22 15:33:51 -0800,American,0,@AmericanAir flight 1081 from IAD to LAX sat for more than 3hrs because ground crew couldn't drive in snow #badmgmt #AmericanAirlines
569641676244791296,2015-02-22 15:35:33 -0800,American,0,@AmericanAir why don't you have driver service to get employees to work in bad weather like hospitals etc #badmgmt #AmericanAirlines
569642200595898368,2015-02-22 15:37:38 -0800,American,0,"@AmericanAir Stuck on a plane at JFK: food was not on the plane now we need to wait crew to push back the plane. Good job, AA!"
569642569203904512,2015-02-22 15:39:06 -0800,Delta,0,"@JetBlue yes, please get me the seats we paid for."
569643262459269120,2015-02-22 15:41:51 -0800,Virgin America,0,@VirginAmerica is flight 882 Cancelled Flightled and what do I do if it is?
569644634386911232,2015-02-22 15:47:18 -0800,Delta,0,@JetBlue WELL...my paid tickets have NO assigned seats at all. So essentially I won't be on this flight unless I pay more.
569645505950695424,2015-02-22 15:50:46 -0800,Delta,0,@JetBlue thanks for the update. 'Preciate it. Hope it gets here. Been delayed 2 days getting back
569646005315973120,2015-02-22 15:52:45 -0800,United,0,"@united Good evening, UA. Can you assist with an issue via DM?"
569646347705561088,2015-02-22 15:54:07 -0800,American,0,@AmericanAir @dfwairport listening to all the flights taking off over my house and kicking myself for Flight Booking Problems an AM flight tomorrow. Iceday?
569647146712113152,2015-02-22 15:57:17 -0800,American,0,@AmericanAir Now your site is not working! WTF
569649277888106496,2015-02-22 16:05:46 -0800,Southwest,0,@SouthwestAir got it.  Next time I will know about paying extra to make the A Line.
569651085348110336,2015-02-22 16:12:57 -0800,US Airways,0,@USAirways it's flt 4827 to ELM - still no gate and still have to make it thru customs
569652497947734017,2015-02-22 16:18:33 -0800,Virgin America,0,@VirginAmerica completely awesome experience last month BOS-LAS nonstop. Thanks for such an awesome flight and depart time. #VAbeatsJblue
569652510950100992,2015-02-22 16:18:36 -0800,American,0,"@AmericanAir Kid upset, my staff upset (one accused of stealing fruit!!!!!) mistreatment due to airline policy of an Austic child."
569653219229630464,2015-02-22 16:21:25 -0800,US Airways,0,"@USAirways - why can't the gate agent on flight #759 provide an update? Seriously, this is ridiculous how long people have been waiting"
569654393898864640,2015-02-22 16:26:05 -0800,American,0,@AmericanAir It just hangs up and your agents on the ground are useless. How don't I have a seat on a first class ticket booked weeks ago?
569654946179579904,2015-02-22 16:28:17 -0800,United,0,@united UA1565 IAH -&gt; SJO is delayed by like 1.5 hours. Crazy!
569655113477988352,2015-02-22 16:28:57 -0800,American,0,@AmericanAir - Can you please give me a travel agent support phone number? I cant find it on your website. Thanks.
569655302871580673,2015-02-22 16:29:42 -0800,US Airways,0,@USAirways please have your people hold flight 599 from Phoenix to San Jose.  We pulling up to the gate! Scheduled to depart at 5:40
569655339135725568,2015-02-22 16:29:51 -0800,American,0,"@AmericanAir Hey, so... I think I left my wallet on you. Can I have it back, please?"
569655861297049600,2015-02-22 16:31:55 -0800,American,0,@AmericanAir pleaseeee find my suitcase. I want deoderant and a clean shirt for work tomorrow :(
569656088817233921,2015-02-22 16:32:49 -0800,US Airways,1,@USAirways You suck in Philadelphia.  Let us off this plane! #phl
569656873315487746,2015-02-22 16:35:56 -0800,American,0,@AmericanAir flight 3056 DFW still has all passengers sitting on the plane waiting for luggage to be loaded
569657389722550272,2015-02-22 16:38:00 -0800,Southwest,0,@SouthwestAir couldn't be bothered to help with my lost my luggage. Not a single helpful employee owner to be found in BWI.
569657504273027073,2015-02-22 16:38:27 -0800,American,0,@AmericanAir Flight  AA1691 LAX to LAS closes too early and gate agents give us hassles #PatheticCX
569659162281377794,2015-02-22 16:45:02 -0800,American,0,@AmericanAir pathetic to have your gate agents lie to my face when you are at fault
569660029093203968,2015-02-22 16:48:29 -0800,American,0,"@AmericanAir I made my flight but then still had no update emails when I landed, no info ever sent on that or second flight. Losing my biz."
569660166959865856,2015-02-22 16:49:02 -0800,American,0,@AmericanAir Why does your iPhone app not have any sort of notifications option?
569661901468270592,2015-02-22 16:55:55 -0800,American,0,@AmericanAir yeah that's not helping. Having my bag shipped to the correct city the first time probably would have helped.
569662418898579456,2015-02-22 16:57:59 -0800,American,0,@AmericanAir I’ve been on the line waiting for 40 minutes again.
569662513111023616,2015-02-22 16:58:21 -0800,Delta,0,@JetBlue you quite possibly ruined my entire first day in South Florida bc of your disorganization. #GetItTogether
569662934520999936,2015-02-22 17:00:02 -0800,United,1,@united might possibly have the worst service on the planet.
569663325383979008,2015-02-22 17:01:35 -0800,American,0,@AmericanAir it was 1265 coming and next catching 2396 home to DCA. Let's get another great leg too tonight!
569664077049384961,2015-02-22 17:04:34 -0800,American,0,@AmericanAir flight 3056 still sitting at DFW waiting for baggage to be loaded
569665019899572226,2015-02-22 17:08:19 -0800,Southwest,0,@SouthwestAir Can I get any help with Cancelled Flighting my flight reservation?
569665766628286464,2015-02-22 17:11:17 -0800,Delta,0,@JetBlue flight 98 DEN to JFK already 2hrs delayed. Any idea how that might change again due to weather forecast etc?
569666771717890048,2015-02-22 17:15:16 -0800,United,0,@united strikes again! Why board anyone if there's something wrong with the plane? Common sense.
569667082499035137,2015-02-22 17:16:31 -0800,United,0,@united customer service sucks!  They hang up after waiting an hour and talking for 5 minutes.
569667246026416130,2015-02-22 17:17:10 -0800,Southwest,0,@SouthwestAir got mine!  Just in time for the wife and my 15th anniversary!
569668144198848514,2015-02-22 17:20:44 -0800,Delta,3,@JetBlue id appreciate that. Would also you mind contacting the pilot of my flight and request that I be allowed to announce over intercom?
569668198389436416,2015-02-22 17:20:57 -0800,Southwest,0,@SouthwestAir I would love a great deal from bwi to las Memorial Day weekend aka my bday weekend 😬
569668455202484224,2015-02-22 17:21:58 -0800,American,0,@AmericanAir AA919 flight attendant freaks out and leaves aircraft as passengers react to a 24h delay and cattle treatment. Surreal!
569668853849919488,2015-02-22 17:23:33 -0800,Southwest,0,@SouthwestAir yes please!
569669629951549440,2015-02-22 17:26:38 -0800,Southwest,0,@SouthwestAir flights still going to DAL?
569670155132907520,2015-02-22 17:28:43 -0800,American,0,"@AmericanAir @kconti44 This looks like JFK - had a great pic of the OneWorld jets lined up on the opposite side #Air Berlin, LAN and AA."
569670708818780161,2015-02-22 17:30:55 -0800,US Airways,0,@USAirways do you know what flight the pilots for 1581 are coming in on? Thanks.
569670904852172800,2015-02-22 17:31:42 -0800,Southwest,0,@SouthwestAir.   50th Anniversary on April 10th. Still. Sweethearts.  Companions.  Lifetime.  Sons.  Families. Love.
569670962825846785,2015-02-22 17:31:56 -0800,Southwest,0,@SouthwestAir lol I already am ! I am a card member as well too lol i enjoy flying with you Guys
569671200978436096,2015-02-22 17:32:52 -0800,Southwest,0,@SouthwestAir staff was overall awful through multiple airports would have switched airlines if another flight was available
569671617674022912,2015-02-22 17:34:32 -0800,United,0,"@united I need to get from Albuquerque, NM, USA, to Cebu, Philippines. I'm providing educational help for 800 kids. Can you help me?"
569672202037170177,2015-02-22 17:36:51 -0800,US Airways,0,"@USAirways great, thank you!"
569672477967835136,2015-02-22 17:37:57 -0800,Delta,0,@JetBlue Thanks. So the delay was the result of scheduling issues more than weather reLate Flightd problems?
569673431224074240,2015-02-22 17:41:44 -0800,United,0,@united 3 hour 45 min delay so far..... Would love to round to 4 hours to just go to bed!
569674565074481152,2015-02-22 17:46:15 -0800,American,0,@AmericanAir the bags arent even loaded on the plane??? #Flight293
569674812781694976,2015-02-22 17:47:14 -0800,American,0,@AmericanAir I spent $600 on my flight. Could have gone on @united for $382 but their mileage program sucks.
569675498873159680,2015-02-22 17:49:57 -0800,Delta,0,"@JetBlue the amount of money I spent on hotels for a WEEK bc of flight Cancelled Flightlation, another flight doesn't make up for the money lost."
569675668524441600,2015-02-22 17:50:38 -0800,Southwest,0,@SouthwestAir want go from New Orleans houston see my dad at md anderson can you help me out
569677591055106048,2015-02-22 17:58:16 -0800,American,0,@AmericanAir is profiting in the billions and throwing crap at the people who put them there. American is a hurting brand
569678975049588737,2015-02-22 18:03:46 -0800,United,0,@united please tell CLT flight 4232 needs a gate. Waiting now for 15 mins.
569679254495100928,2015-02-22 18:04:53 -0800,American,0,@AmericanAir Unfortunately that is not true. A robot apologizes and hangs up. So how do I get help?
569679976053805056,2015-02-22 18:07:45 -0800,US Airways,0,"@USAirways @AmericanAir major issues getting out of Boston, but your crew has been exceptional. Let's see how things roll out in Philly."
569681799984492544,2015-02-22 18:14:59 -0800,United,1,@united so glad I've been waiting for 1 hour and 15 minutes and Ive been transferred 3 times without resolving anything. Worst service ever.
569682667362344960,2015-02-22 18:18:26 -0800,American,0,@AmericanAir gotta be worse than @delta w/ on time departures.  I rushed back to terminal C for 8:25 flight but they haven't strtd boarding.
569683696422244352,2015-02-22 18:22:32 -0800,Delta,0,"@JetBlue okay so anything using contactless EMV should work, just your internal testing and training is currently Apple Pay specific?"
569683780593545218,2015-02-22 18:22:52 -0800,Southwest,0,@SouthwestAir why does the customer service have rather inconsistent information
569683804857745409,2015-02-22 18:22:57 -0800,American,0,@AmericanAir hats off to Admiral Lounge attendant @ YYZ Terminal 3 who gave her banana to our toddler when none avail elsewhere.
569684101197910016,2015-02-22 18:24:08 -0800,US Airways,0,@USAirways I've been on hold for 90 minutes. This is terrible customer service. You messed up my reservation! http://t.co/oyLgeao7Y8
569686145275072512,2015-02-22 18:32:15 -0800,American,0,@AmericanAir - where are my bags? Baggage claim C25 or C26 (flt# 959)?? I can see the plane from here? Why does it take 25 min???
569686478046887937,2015-02-22 18:33:35 -0800,American,0,"@AmericanAir my wife's flight is Cancelled Flightled, told to call. No one answers. How do we book a flight? Help us please"
569687163136315392,2015-02-22 18:36:18 -0800,American,0,@AmericanAir yes. He's in the next flight
569692835907129345,2015-02-22 18:58:51 -0800,US Airways,0,"@USAirways What is with your lost &amp; found.  My wife lost her phone in Philly, &amp; followed your web instructions to call an 800#.  No answer."
569692982955237377,2015-02-22 18:59:26 -0800,American,0,"@AmericanAir I have been trying to speak with an agent the whole day about my Cancelled Flightled flight, what I can do?"
569693808914522113,2015-02-22 19:02:43 -0800,American,0,@AmericanAir my understanding is they were able and did for many other flights but chose not to for this one.
569695412740714496,2015-02-22 19:09:05 -0800,US Airways,0,"@USAirways delayed 2.5 hours @longbeachairport trying to get to @PHXSkyHarbor; give us an update, please???"
569696039914971136,2015-02-22 19:11:35 -0800,American,0,@AmericanAir Great - thank you.
569696313824161792,2015-02-22 19:12:40 -0800,United,0,@united wanted to point out that not one United crew has been sympathetic. Questions unanswered. MileagePlus is starting to look like a joke
569696521425281024,2015-02-22 19:13:29 -0800,US Airways,0,@USAirways Missed flight. Rude CSR. No flight till Tuesday. No answer on twitter. Help me out with a RT @pattonoswalt you're my only hope.
569697809017864193,2015-02-22 19:18:36 -0800,American,0,"@AmericanAir seriously, I do not want to wait 24 hours for a flight when I have to prepare for a family funeral."
569699471954587648,2015-02-22 19:25:13 -0800,United,0,@United #1758 now going in 40 min waiting for other plane to vacate gate. #findanothergate
569700071484338177,2015-02-22 19:27:36 -0800,American,0,"@AmericanAir this is pathetic customer service. Why have bag tags, barcodes and computers if your response is, ""not yet located""?"
569700397884928000,2015-02-22 19:28:54 -0800,American,0,@AmericanAir wow @AmericanAir still screw n stuff up
569700953164615681,2015-02-22 19:31:06 -0800,American,0,@AmericanAir why are you still selling tickets when you haven't rebooked people to arrive at their destinations on time?
569702495926267905,2015-02-22 19:37:14 -0800,US Airways,0,@USAirways nightmare trying to get to Costa Rica from PHL today. Stuck in Miami and no one answers at 800 number.
569704454376660992,2015-02-22 19:45:01 -0800,Southwest,0,@SouthwestAir is not being responding to the @SpecialOlympics athletes.  #notcool #Southwest
569705212274995201,2015-02-22 19:48:01 -0800,United,0,@united  Otis in the baggage claim by Bay #8. not at all happy but not nearly as pissed.
569709552721141764,2015-02-22 20:05:16 -0800,American,0,@AmericanAir - I am Platinum.  I am flying USAir and they have stranded me in CLT.  Not answering phones. Did not rebook me.  Please help?
569714541178679296,2015-02-22 20:25:06 -0800,United,0,@united I have 8 flights with you in the next two weeks :) let's make some good memories!
569715860241129472,2015-02-22 20:30:20 -0800,American,0,@AmericanAir that luggage you forgot...#mia.....he just won an oscar😄💝💝💝
569715908664430593,2015-02-22 20:30:32 -0800,American,0,@AmericanAir flights out of Dallas on Tuesday are not going to be Cancelled Flightled correct?
569716646165778432,2015-02-22 20:33:27 -0800,US Airways,0,@USAirways attendants at the gate. Enjoyed watching the other flight to our destination take off before having a horrible attendant give us
569719449458094080,2015-02-22 20:44:36 -0800,American,0,@AmericanAir I'm still on hold if you're wondering...  4 hours 37 minutes and counting.  #ServiceFail #OnHoldForever #Suboptimal
569722020776116224,2015-02-22 20:54:49 -0800,United,0,"@united yes I have and I was calling in regards to speaking to someone about it even further, but unfortunately i was just bounced around."
569723086465069056,2015-02-22 20:59:03 -0800,Delta,0,@JetBlue other jfk to Boston flights went off with some delay but not this.  #epicfail
569723864252424193,2015-02-22 21:02:08 -0800,American,0,@AmericanAir Toby hates you lol
569723994468962304,2015-02-22 21:02:39 -0800,United,1,@united it will be on a different airline.
569724056645140480,2015-02-22 21:02:54 -0800,United,0,"@united tried a different flight IAH-MNL 4/1/15-4/17/15, 6 flights are advertised for $1038 but are not bookable (due to partner error)."
569724119748636672,2015-02-22 21:03:09 -0800,United,0,"@united love how you don't give a shit about people who tried to be loyal, but you screw them every way till Sunday. Glad I've stayed away"
569724186173640705,2015-02-22 21:03:25 -0800,United,0,@united was forced  to book a flight on a different date than originally planned for a higher price $1130 felt like a bait and switch tactic
569724918016839681,2015-02-22 21:06:20 -0800,American,0,@AmericanAir Get a new crystal ball. Cancelled Flight flights before weather hits to rebook me on flight during? Looking like 2 nights hotel on me.
569730123210948608,2015-02-22 21:27:01 -0800,American,0,@AmericanAir I left something on my flight from ORD to SFO earlier today and believe it's on the plane back at ORD now. Please help.
569730682949398528,2015-02-22 21:29:14 -0800,United,0,@united you're my early frontrunner for best airline! #oscars2016
569734884396302338,2015-02-22 21:45:56 -0800,US Airways,0,@USAirways #usairways lost a passenger today for not upholding their promise of excellent customer service!!!
569738779931623425,2015-02-22 22:01:25 -0800,American,0,"@AmericanAir bag turned up, no thanks to your useless call-centre and useless website"
569739521291452416,2015-02-22 22:04:21 -0800,Delta,0,"@JetBlue Woo! Update! Flight 915 is now possibly delayed by more than 2hrs!  Power of positive thinking, people."
569740152966238208,2015-02-22 22:06:52 -0800,American,0,@AmericanAir I've been on hold ANOTHER hour and still nothing. My Cancelled Flighted flight was supposed to be six hours from now. #Stranded
569741306190172161,2015-02-22 22:11:27 -0800,United,1,@united Ph the pat answers are BS. After I was denied boarding it sat at the gate until 9:05! Your employees totally suck.
569745686784315392,2015-02-22 22:28:51 -0800,American,0,"@AmericanAir Worst airline. You Cancelled Flight flight, don't let me know, I wait on hold 30 mins, told to enter callback for middle of the night?!!"
569746288499138560,2015-02-22 22:31:15 -0800,American,0,@AmericanAir - Hanging up on customers with no chance for a callback is a failure of customer service. 1:30am EST and no one can answer? 2/2
569747390758047745,2015-02-22 22:35:38 -0800,US Airways,0,"@USAirways has to be the most lazy, inconsiderate, and unprofessional airline that I have ever traveled."
569752691460706304,2015-02-22 22:56:41 -0800,Southwest,0,@SouthwestAir show me some love and a companion flight~please and thank you!
569754550187352064,2015-02-22 23:04:04 -0800,American,0,@AmericanAir my mom’s flight tomorrow Cancelled Flighted w/ no notice. Phone system said callback in 2 hours and it’s been 4. I need to go to bed!
569758482989084674,2015-02-22 23:19:42 -0800,US Airways,0,@USAirways you guys should be nice and just give your routes to jet blue and southwest.  At least they treat their customers properly.
569760267485122560,2015-02-22 23:26:48 -0800,US Airways,0,@USAirways pls get me back to Tallahassee:( no one should ever have to be stranded in Gainesville for this long😒
569775795452792833,2015-02-23 00:28:30 -0800,American,0,@AmericanAir can you use the aa credit platinum select world mastercard for Alaska flights?  Or just american?
569811225770479616,2015-02-23 02:49:17 -0800,American,0,@AmericanAir I understand you are busy but I have still gotten no answer. I need to get home and you guys have not helped at all
569817051482726400,2015-02-23 03:12:26 -0800,US Airways,0,"@USAirways so she has to take a Late Flightr flight booked by her corporate (Disney) travel dept, as your agent offered little help"
569817817522044928,2015-02-23 03:15:29 -0800,American,1,"@AmericanAir not only did you Cancelled Flight our flight from JFK and delay us by 29 hours, you've now lost 2 of our bags. Worst airline ever."
569821947049218048,2015-02-23 03:31:53 -0800,United,0,"@united Cancelled Flightled a flight cause the crew needed sleep.But it's totally okay to wake me up at 3am just to let me know it's Cancelled Flightled, again."
569823770308939776,2015-02-23 03:39:08 -0800,American,0,"@AmericanAir i tried all day. Have been disconnected due to ""heavy call volume."""
569830069746712576,2015-02-23 04:04:10 -0800,American,0,@AmericanAir thank you Mr Parker for screwing over chairman preferred when we fly AA. No #firstclass option and treated like crap by staff
569830265364701184,2015-02-23 04:04:56 -0800,United,0,@united very poor customer service. I WILL think again befor Flight Booking Problems another United flight.
569831129773027329,2015-02-23 04:08:22 -0800,United,0,"@united why do I check in online if I still have to wait in line for an hour to ""check in"" at counter? #fuckinlame  @naia_miaa"
569831393682976768,2015-02-23 04:09:25 -0800,American,0,@AmericanAir hi do you have a phone number to ring from uk regarding claim for our Late Flight flight departure claim amount agreed just had no
569833680316829696,2015-02-23 04:18:31 -0800,US Airways,0,@USAirways You guys are screwing up my trip. Thanks for nothing. #lazy
569835633147056128,2015-02-23 04:26:16 -0800,Delta,0,@JetBlue not an issue but I think training &amp; information would help. Great ppl but service needs to switch from individual to group better
569836433931808768,2015-02-23 04:29:27 -0800,American,0,@AmericanAir spent hour+ trying to check after to use military ID for luggage then messed up boarding pass &amp; forced into line again.
569838141273559040,2015-02-23 04:36:14 -0800,American,0,"@AmericanAir you bet make this screw up right (for once). Things I need in bag for my job and you have ""grounded"" me today #painandsuffering"
569838973490765824,2015-02-23 04:39:33 -0800,United,0,@united Thanks. Got it straightend out last night.
569843082994315264,2015-02-23 04:55:52 -0800,Southwest,0,@SouthwestAir Me on one of your planes!!! Thanks for taking me Arizona 184! http://t.co/Finq5Fh6ue
569845106888585216,2015-02-23 05:03:55 -0800,Southwest,0,@SouthwestAir arrangements to reimburse me for the rental I had to get?
569846882291159040,2015-02-23 05:10:58 -0800,American,0,@AmericanAir Not necessary.  I am confident the excellent in-flight staff will make the appropriate report.
569855477854691328,2015-02-23 05:45:07 -0800,Delta,0,@JetBlue 653. Just for update that gate got moved to complete opposite end of the terminal. Airline is a disaster.
569856492477657088,2015-02-23 05:49:09 -0800,United,0,@United how is it that I book a flight with a reserved seat and then go to check in and find out I have no seat?  WTF.
569859985208770562,2015-02-23 06:03:02 -0800,United,0,@united as a freq flyer it makes me sad to see cust needing assistance treated so poorly. #ServiceFail
569860371626004480,2015-02-23 06:04:34 -0800,United,0,@United I'd like to thank and recognize Terri P at Dulles for going out of her way to get me back on my Raleigh flight
569863765451255809,2015-02-23 06:18:03 -0800,United,0,@united I have been told twice my issue has been resolved and twice it has not been. And when I write an email it bounces?! #worstservice
569864108134301697,2015-02-23 06:19:25 -0800,United,0,"@united Currently on UA862, 20 minutes of the worst turbulence I've ever experienced, and ZERO communication from the flight deck."
569864290578108419,2015-02-23 06:20:09 -0800,United,0,"@united You can't control turbulence, but you can control customer experience, lot of scared people up here."
569865540098871298,2015-02-23 06:25:07 -0800,United,0,@united We were supposed to board at 605. They just brought the plane from the hanger! WTF did they not know there was a flight?1153 Lax-EWR
569866081164111873,2015-02-23 06:27:16 -0800,US Airways,0,@USAirways will all flights out of DFW be Cancelled Flightled today?
569868055502696449,2015-02-23 06:35:06 -0800,United,0,@united Thanks for looking into this and for getting back to me via DM. Glad to hear my bag is finally being delivered to me. Thanks again!
569870819582586880,2015-02-23 06:46:05 -0800,United,0,@united love the new 1st class breakfast!
569870924410970112,2015-02-23 06:46:30 -0800,US Airways,0,@USAirways I will NEVER fly us airways or american again and I will share this nightmare of a story to all the many others we know who fly
569872756302422017,2015-02-23 06:53:47 -0800,American,0,@AmericanAir are you anticipating weather-reLate Flightd Cancelled Flightations for afternoon departures out of AUS today?
569873065464573952,2015-02-23 06:55:01 -0800,Delta,0,@JetBlue I wish you all the best of luck :-) I'm enjoying the luxurious free!! amount of leg space rn. Thanks
569873968175259650,2015-02-23 06:58:36 -0800,US Airways,0,@USAirways already spent 60 mins today handling this for my minor child. Shame on you for treating a 15 year old girl like this.
569875024045314048,2015-02-23 07:02:48 -0800,American,1,@AmericanAir BRING MY FIANCÉ @meerikangas BACK TO ME!
569875203473297408,2015-02-23 07:03:30 -0800,United,0,"@united UA1130 Flight was a nightmare!! From poor customer service,having my confirmed seat given away.... +more issues"
569875456415170560,2015-02-23 07:04:31 -0800,United,0,@united Hi! what is the phone number for reservations in Venezuela? Thanks
569875532600385536,2015-02-23 07:04:49 -0800,Southwest,0,@SouthwestAir bag in possession but no clothes in bag??
569877449389051906,2015-02-23 07:12:26 -0800,United,0,@united at the gate! IAD to RDU
569877540698894336,2015-02-23 07:12:48 -0800,American,0,@AmericanAir the one at 11:30am? My app still shows it as on time!
569877658286186496,2015-02-23 07:13:16 -0800,Southwest,0,@SouthwestAir didn't realize no clothes until at hotel - suggestions?
569878537999503360,2015-02-23 07:16:45 -0800,American,0,@AmericanAir at gate c11. Your gate agents are turning paying customers away in favor of non revs
569878584967344128,2015-02-23 07:16:57 -0800,American,0,"@AmericanAir Supervisor M.Robinson just served a lot of attitude, Cancelled Flighted my flight out of spite, then put me back on on #crazybitch"
569879100971753472,2015-02-23 07:19:00 -0800,US Airways,0,"@USAirways @AmericanAir me after arriving at 8:41am for a flight scheduled to depart at 8:57am. doors closed, no agents"
569879623317659648,2015-02-23 07:21:04 -0800,United,0,@united passengers should have been rerouted to match the intended arrival time (even if you have to incur cost to put us in other airlines)
569880207911460864,2015-02-23 07:23:24 -0800,US Airways,0,@USAirways 4914 from PHL to BGM. I cannot believe this has happened 2x in under two weeks!
569881062169567232,2015-02-23 07:26:47 -0800,US Airways,0,@USAirways no my flight plans have been delayed until tuesday due to your computer crash
569884033775063040,2015-02-23 07:38:36 -0800,American,0,@AmericanAir Please follow me.
569885759513034752,2015-02-23 07:45:27 -0800,Southwest,0,@SouthwestAir on hold for 15+ min...no estimated answer time. Any help here?
569886516505407488,2015-02-23 07:48:28 -0800,American,0,@AmericanAir =UNAmerican Airlines just lies and poor customer services...
569887773953527808,2015-02-23 07:53:27 -0800,American,0,@AmericanAir I tried that &amp; they have been disrespectful not professional &amp; my 2nd flight been Cancelled Flighted I have to get home for a surgeryHELP
569888183409893377,2015-02-23 07:55:05 -0800,Delta,0,"@JetBlue I know there's no actual 'mile high' club, but surely there's something I can join ;-)"
569889964445470721,2015-02-23 08:02:10 -0800,American,0,@AmericanAir You are having phone issues.  Please fix it!!!!
569890213570457600,2015-02-23 08:03:09 -0800,American,0,@AmericanAir finally called! Can't get met Seattle so refund will be processed. Thanks
569890695902662657,2015-02-23 08:05:04 -0800,American,0,"@AmericanAir I understand that. But 14 hours Late Flightr, I still haven't heard a word! How can you plan your week with no zero information!"
569891440135794688,2015-02-23 08:08:02 -0800,American,0,@AmericanAir Thank You! CC: @packermama1
569892024708689920,2015-02-23 08:10:21 -0800,American,0,@AmericanAir could you guys follow me so I can dm yall please
569893516609847297,2015-02-23 08:16:17 -0800,American,0,"@AmericanAir as of now, will do my best to never fly w/ #AmericanAirlines ever again. Y'all have made this a day to remember."
569897573294743552,2015-02-23 08:32:24 -0800,US Airways,0,@USAirways FYI your customer service rep Carol is an absolute delight. So pleasant to with with and rebooked me in lightning speed! Thanks!
569897798692286465,2015-02-23 08:33:18 -0800,US Airways,0,@USAirways thanks for a subpar travel experience and it's not even over yet #stepitup
569899102198206464,2015-02-23 08:38:28 -0800,US Airways,0,@USAirways : Premier provider of missed connections! #usairwaysfail
569900147343265792,2015-02-23 08:42:38 -0800,Southwest,0,"@SouthwestAir open seating is like an open marriage, there's so much love for strangers!"
569903366647586818,2015-02-23 08:55:25 -0800,United,1,@united already done that. the answer i got was... oops we can give you miles and we're very sorry. but who pays for my discomfort for 9 h?
569906117100351493,2015-02-23 09:06:21 -0800,American,0,"@AmericanAir So much for Status, EP and 1.5 million miles.  Revenue First class ticket and Im sitting in Coach thanks your rude CS staff"
569907773309214721,2015-02-23 09:12:56 -0800,United,0,@united 3 hours to rebook but 8 hours l8r the same problem again. Arrive at gate stopped cause now infant is sitting in 4 yr old lap
569910528279228416,2015-02-23 09:23:53 -0800,American,0,@AmericanAir Trying  to Cancelled Flight fligt 2321 O'Hare to Dallas 12:17pm. High call volume no one answer. Online no confirmation. #thankU
569910774556004352,2015-02-23 09:24:51 -0800,American,0,@AmericanAir I need HELP!  I'm trying to Cancelled Flight a flight before it takes off but I can't get a hold of ANYONE because all lines are busy.
569910996824780801,2015-02-23 09:25:44 -0800,United,0,"@united After speaking to a United customer service rep the night before a flight, confirming that everything is ok with your reservation.."
569911218942517248,2015-02-23 09:26:37 -0800,Virgin America,0,@VirginAmerica why is flight 345 redirected?
569912776199704578,2015-02-23 09:32:48 -0800,United,1,"@united Cancelled Flights flt from EWR. ""No crew"".Tells wife &amp; 4 yr old to ""get to NY to catch @AirCanada"" to YYZ! Good #customerservice is dead."
569912963273879552,2015-02-23 09:33:33 -0800,US Airways,0,@USAirways called 3x &amp; it says high call volumes call back. At $1 a minute for international calls is there any way someone can contact me?
569913667476549632,2015-02-23 09:36:21 -0800,Delta,0,"@JetBlue For one way, not letting me select TO city....strange...and now some fairs look ""normal"" ????"
569914076496850945,2015-02-23 09:37:58 -0800,US Airways,0,"@USAirways / @AmericanAir was the worst experience I've ever had flying. Rude, delays, Cancelled Flightlations, lack of updates, and wasting our time"
569914894868328448,2015-02-23 09:41:14 -0800,American,0,@AmericanAir research buddy. Read my previous tweets and get some context.
569916323725217793,2015-02-23 09:46:54 -0800,American,0,"@AmericanAir Well if you won't let me handle my reservation/change online, &amp; your Reservation call # hangs up on me wtf do I do?? Bullshit."
569916555154169856,2015-02-23 09:47:49 -0800,United,0,"@united Awesome flight crew on UA1589, re the plane,  the  Jurassic period called and they want their dinosaur/plane back!"
569917363891499008,2015-02-23 09:51:02 -0800,United,1,"@united, and now while waiting for new pilot the door on plane BROKE. why am I global services status  on an airline that's unsafe? STUNNING"
569918484726964224,2015-02-23 09:55:29 -0800,Southwest,0,"@SouthwestAir My bags are on the way to Chicago, without me! Help! I was confirmed for 2 flights and told there isn't room and I'm screwed."
569919625640615936,2015-02-23 10:00:02 -0800,American,0,@AmericanAir you can tweet but not call! You're like a bad boyfriend!
569920618843521024,2015-02-23 10:03:58 -0800,American,0,@AmericanAir How clueless is AA. Been waiting to hear for 2.5 weeks about a refund from a Cancelled Flightled flight &amp; been on hold now for 1hr 49min
569920661642088448,2015-02-23 10:04:09 -0800,United,1,@united you're the reason this whole travel experience has been a nightmare
569921309439709184,2015-02-23 10:06:43 -0800,United,0,@united - SERIOUSLY it's 2015?!?!  NO WiFi on a 5hr flight from CLE-SFO #1589.  You're the ONLY airline w/out WiFi...and pls no 'unwind' BS.
569921913667104768,2015-02-23 10:09:07 -0800,Delta,0,@JetBlue what else on this plane is duct-taped?? #ohboy #shouldigetoutandpush #airplane #flying… http://t.co/R9ZsVzuRLw
569922145264009216,2015-02-23 10:10:02 -0800,United,0,@united there are a lot of unhappy cold people on the bridge in freezing temps for an hour. Not given any info.
569922730008518656,2015-02-23 10:12:22 -0800,Southwest,0,@SouthwestAir Awesome. Thanks! You guys rock!
569923163259318274,2015-02-23 10:14:05 -0800,US Airways,0,"@USAirways Aye, and nothing to do with an automated system which doesn't work properly. Anyway, got through to somebody..."
569925291331735552,2015-02-23 10:22:32 -0800,American,0,@AmericanAir you said this last time. It doesn't take 6 weeks to reply to an email.
569925551475056640,2015-02-23 10:23:34 -0800,Delta,0,@JetBlue I have a little more time then that..lol. Well actually a lot more. 36 days more. But I'm just excited!!
569925645204987904,2015-02-23 10:23:57 -0800,Southwest,0,"@SouthwestAir Thanks, Lindsey. Any idea when I'll get there?! Stuck in Denver and told to ""listen to the intercom better""."
569926031542345728,2015-02-23 10:25:29 -0800,US Airways,0,"@USAirways booked flight 1mnth ago, seat CONFIRMED, small plane arrived and was not allowed to board bcs no seat, horrible service"
569930630059974656,2015-02-23 10:43:45 -0800,United,0,@united thank you. Literally called for preboarding as I ran up.
569931363505315840,2015-02-23 10:46:40 -0800,American,0,@AmericanAir am on hold for the 2nd time today. Need help with confirming the new flights you arranged for me. Can you expedite this?
569931469990154242,2015-02-23 10:47:05 -0800,Delta,0,❤️❤️❤️“@JetBlue: Our fleet's on fleek. http://t.co/UHUmAskLdv”
569931716049154051,2015-02-23 10:48:04 -0800,United,0,@united counter agents at RDU deserve a medal. #thankyou
569932363641298944,2015-02-23 10:50:38 -0800,American,0,@AmericanAir why have I been on hold for almost 3 hours? This is ridiculous
569934170819948544,2015-02-23 10:57:49 -0800,American,0,@AmericanAir you keep returning my call and hanging up when I answer? Help reFlight Booking Problems a flight!
569934354241212417,2015-02-23 10:58:33 -0800,American,1,"@AmericanAir There was no one from #AA at the #woase2015 event @HelsinkiAirport
Lots of info available of #winterops"
569934395865493504,2015-02-23 10:58:43 -0800,Virgin America,0,@VirginAmerica what happened to Doom?!
569934457215410176,2015-02-23 10:58:58 -0800,American,0,"@AmericanAir Hahaha.... ""Meanwhile in Russia...."""
569935639539425280,2015-02-23 11:03:40 -0800,US Airways,0,@USAirways site shows on-time but FlightAware site shows delayed. Trying to decide if I get out in this ice to catch FLT 456 to PHX.
569937408013176832,2015-02-23 11:10:41 -0800,Delta,0,“@JetBlue: Our fleet's on fleek. http://t.co/5xGnyHGAFz” this is what I hate
569938796986433537,2015-02-23 11:16:12 -0800,Delta,0,@JetBlue I'm sick of y'all.
569938864028012544,2015-02-23 11:16:28 -0800,American,0,@AmericanAir thanks!
569939301301153792,2015-02-23 11:18:13 -0800,US Airways,0,"@usairways really need help asap, so please make it quick. Thx."
569940075120873472,2015-02-23 11:21:17 -0800,American,0,@AmericanAir umm unexpected?? Unexpected meaning you guys didn't know you had a major staff shortage ??
569940430365847554,2015-02-23 11:22:42 -0800,Southwest,0,@SouthwestAir yeah they're somewhere. Hopefully getting them back today. Just frustrated tweeting.
569940980809342976,2015-02-23 11:24:53 -0800,American,0,"@AmericanAir On hold since 5am. When no one can get to the airport, Cancelled Flight flight, don't make us pay huge fee to change flight."
569941344053018625,2015-02-23 11:26:20 -0800,Delta,0,@JetBlue You respond to complaints about cultural appropriation with more of it!?  You're  now below Spirit Airlines on my fly list.
569942226224050176,2015-02-23 11:29:50 -0800,American,0,@AmericanAir are flights leaving Dallas right now? In Maui trying to figure out how delayed flight 7 is going to be
569942287318458369,2015-02-23 11:30:04 -0800,American,0,@AmericanAir Kudos to the crew of Flt 167 today. Specially to Carlton. Loved your new 767-300. Keep up the good work AA!
569944281512685570,2015-02-23 11:38:00 -0800,American,0,@AmericanAir FYI...call stilling getting dropped.  After an hour of continuous dialing. Attempted to Cancelled Flight online but not able to. HELP!!!
569944807830736896,2015-02-23 11:40:05 -0800,American,0,@AmericanAir I have the app - after my nonsense flight Cancelled Flightation yesterday I wasn't able to use the app or kiosk today. Hour long line.
569945501166133248,2015-02-23 11:42:51 -0800,US Airways,0,"@USAirways US 728 Wait, now a gate opened. Back we go. (Good, maybe we can get off.)"
569946477356818432,2015-02-23 11:46:43 -0800,Delta,0,@JetBlue also. My party { me and my sister and mom} are on three separate reservations. Will TSA lets us go through together or alone.
569947048574758912,2015-02-23 11:49:00 -0800,US Airways,0,@USAirways thanks but the bags are only 10% of what went wrong. 22 hours from DCA to SAN when there were no weather issues is not acceptable
569947356428419073,2015-02-23 11:50:13 -0800,Delta,0,.@JetBlue Delete this tweet.
569948758118526976,2015-02-23 11:55:47 -0800,American,0,@AmericanAir Thank you
569948928864600064,2015-02-23 11:56:28 -0800,Delta,0,Too Late Flight. RT “@JetBlue: Our fleet's on fleek. http://t.co/nJ5Ga1gds5”
569949217843605504,2015-02-23 11:57:37 -0800,Delta,0,"Brands: Stop this shit. No, stop. RT @JetBlue Our fleet's on fleek. http://t.co/sKEbqKtxvX"
569950510981083136,2015-02-23 12:02:45 -0800,American,0,@AmericanAir Your people on the phone can't see those? And to have it be over $800 difference. That's a poor process then...
569950766485540864,2015-02-23 12:03:46 -0800,American,0,@AmericanAir thanks for telling me my flight got Cancelled Flightled when it wasn't. Now I have a missing luggage because of you. Thanks fam!
569951021398683650,2015-02-23 12:04:47 -0800,US Airways,0,@usairways im trying to get my dads wheelchair and no one is answering at Dulles.we have tried to call back on.multiple times
569952340612149250,2015-02-23 12:10:01 -0800,Delta,0,😂😂 RT @JetBlue: Our fleet's on fleek. http://t.co/rinzYSK6kI
569953001751732225,2015-02-23 12:12:39 -0800,Delta,2,NO“@JetBlue: Our fleet's on fleek. http://t.co/UgFCKErmrW”
569953575226310656,2015-02-23 12:14:56 -0800,United,0,"@united nice your app says US 4972 delayed by weather.  Pilot says waiting on fuel.  One in ur control, one not"
569956201934385152,2015-02-23 12:25:22 -0800,United,0,@united thanks. Just a program comment; the system assigned seats behind each other even though pairs were available. I changed it back.
569957000752140290,2015-02-23 12:28:32 -0800,American,0,@AmericanAir unacceptable. It's clear losing just one customer doesn't matter to American but how many more bankruptcies will it take
569957163138883584,2015-02-23 12:29:11 -0800,American,0,@AmericanAir thanks
569957187138797569,2015-02-23 12:29:17 -0800,Southwest,0,@SouthwestAir but when do I get my gin &amp; tonic !?!?
569957958634770432,2015-02-23 12:32:21 -0800,American,0,"@AmericanAir Was put on hold for 5.5 hrs then got a call back at 11:20 pm, only to wait on hold for another hour."
569958349514485760,2015-02-23 12:33:54 -0800,Delta,0,@JetBlue we haven't even gotten off the plane yet! I can't afford to miss my flight back to Boston! Ugh.
569959122331836416,2015-02-23 12:36:58 -0800,Delta,0,@JetBlue you guys operate a world class company and for that I thank you
569959601011068928,2015-02-23 12:38:52 -0800,American,0,"@AmericanAir flt 703, sorry scheduled at 545, phl-mia, a totally chaotic, poorly addressed event.  Sent to three gates in the night"
569960010249334784,2015-02-23 12:40:30 -0800,Delta,0,@JetBlue We had some major plane-wide DirectTV issues yesterday. System kept being reset by crew member.
569960575792504833,2015-02-23 12:42:45 -0800,US Airways,0,"@USAirways if I apply for ur credit card, do you automatically get the companion certificate or do I have to wait for it?"
569961410161192960,2015-02-23 12:46:04 -0800,United,0,@united booked flights for 2 for $779. Was charged $389.50 twice. Means I can't redeem CC points properly. Would have gone elsewhere.
569961481455976449,2015-02-23 12:46:21 -0800,US Airways,0,"@USAirways is there an additional charge for a golf bag with clubs , shoes, and golf balls, if that's the only piece of luggage you check?"
569962417876131840,2015-02-23 12:50:04 -0800,Delta,0,"@JetBlue CEO battles to appease passengers, investors - Toledo Blade http://t.co/R4xJXQRX1z"
569962494283919360,2015-02-23 12:50:22 -0800,American,0,@AmericanAir on Feb. 15th your rep gave me the record locator and told me I'd be receiving an email with the itinerary and confirmation.
569962905493315585,2015-02-23 12:52:00 -0800,American,0,@AmericanAir attached original ticket. flight number was 1672. isn't the experience I thought I would have. Terrible! http://t.co/5SdlyN9MSS
569965247093731328,2015-02-23 13:01:19 -0800,American,0,@AmericanAir been on the phone for 47 minutes...said it would be 10...  Any advice?
569965873752104960,2015-02-23 13:03:48 -0800,American,0,@AmericanAir have been in call cue for 11 hours. No call yet. Wife in cue for 9 hours.  Got a call but was hung up on.
569966422744395776,2015-02-23 13:05:59 -0800,United,0,"@united I am buying 2 yo own seat on 3 legs of intl trip, car seat? Required? If not- then allowed? Can child still sit w/mom after takeoff?"
569967834203189248,2015-02-23 13:11:35 -0800,Delta,0,@JetBlue three hours on s delayed flight staring a blank screen. At least a heads up so you could download a movie
569967897600139264,2015-02-23 13:11:50 -0800,American,0,"@AmericanAir Hello, question, How many balloons do you think it will take to life up one of your planes?"
569970729237782528,2015-02-23 13:23:06 -0800,Southwest,0,@SouthwestAir Is it possible to add companion to only the 2nd leg of a trip?
569971216934526976,2015-02-23 13:25:02 -0800,American,0,@AmericanAir What's with your baggage handlers calling out at DFW today? No luggage onboard the planes.
569973034880098304,2015-02-23 13:32:15 -0800,American,0,"@americanair the best is your 800 message saying to use website and your website is saying you need to call.  If you don't answer, #hardtodo"
569973105075990528,2015-02-23 13:32:32 -0800,American,0,"@AmericanAir thank you, truly appreciate the help, just sent a DM"
569973204263034880,2015-02-23 13:32:56 -0800,US Airways,0,@USAirways Your exchange/credit policies are worthless and shadier than the White House. Dissatisfied to the nines right now.
569973337050341376,2015-02-23 13:33:27 -0800,American,0,@AmericanAir my wife is stuck in #Brownsville any chance she can get any flight out? She needs to be at work tomorrow morning.
569974508435562496,2015-02-23 13:38:07 -0800,American,0,"@AmericanAir no. Booked seat in Dallas, live in Dallas. Real nice that your gate agent had exit row available told me they weren't available"
569974641214644224,2015-02-23 13:38:38 -0800,American,0,@AmericanAir #AmericanAirlines on approach to mex.... http://t.co/se57dmjHiW
569975032127967232,2015-02-23 13:40:11 -0800,Southwest,0,@SouthwestAir #Vegas I was there 5 days ago. Miss the  Warm Weather
569975063094501376,2015-02-23 13:40:19 -0800,American,0,"@AmericanAir after waiting for a delayed plane, we sat on the plane for an hour waiting for a Late Flight passenger. That's BS too.."
569975508756267008,2015-02-23 13:42:05 -0800,US Airways,0,@USAirways been on hold for 45 minutes. Is there a better time to call? This is getting ridiculous
569976131748823040,2015-02-23 13:44:34 -0800,United,0,@united how can your app show arriving aircraft is early but departing flight is delayed due to Late Flight arriving aircraft? @unfriendly
569976246135697408,2015-02-23 13:45:01 -0800,Southwest,0,"“@SouthwestAir: Congrats to these fans who are seeing #DestinationDragons in L.A.! SLC, you're next! http://t.co/YcCITaeP3S” Thanks again SW"
569976426163777536,2015-02-23 13:45:44 -0800,United,0,@united you are easily the worst company I have ever experienced. You have lost someone's personal possessions &amp; you couldn't care less!....
569978798906716161,2015-02-23 13:55:10 -0800,Delta,6,“@JetBlue: Our fleet's on fleek. http://t.co/LSYbgLF59j” let's keep it professional
569979211722596353,2015-02-23 13:56:48 -0800,United,0,@united I think DM would be better
569981015378112512,2015-02-23 14:03:58 -0800,US Airways,0,"@USAirways awesome... Doors close in 2 minutes, flight leaves in 17 minutes... And the plane just got here. WTH?"
569985760482365440,2015-02-23 14:22:49 -0800,US Airways,0,@USAirways patience is what my connecting flight will need. Why do you guys do this to me every time I travel? Every. Single. Time.
569987608912142337,2015-02-23 14:30:10 -0800,Delta,0,@JetBlue once again my flight is delayed. I hope I dont miss my  connecting. Please don't fuck me... I have a girlfriend -_-
569988207489777664,2015-02-23 14:32:33 -0800,American,0,@AmericanAir I've tried...its @USAirways anyway
569989252613689344,2015-02-23 14:36:42 -0800,American,0,@AmericanAir been calling all morning. Still can't get through. I need to chge a flight that is this week!!!!!
569989321698074624,2015-02-23 14:36:58 -0800,Virgin America,0,@VirginAmerica @ladygaga @carrieunderwood Julie Andrews first but Lady Gaga wow'd me last night. Carrie? Meh.
569992414653362176,2015-02-23 14:49:16 -0800,US Airways,0,"@USAirways Your ""moveup"" policy really sucks. United has a 24 hour policy for this with status. I was wanting to move up from 5am to 7am..."
569993393767460864,2015-02-23 14:53:09 -0800,US Airways,0,@USAirways but question :  if the downgrade include losing first class do you get money back ? http://t.co/LfT7QD23Sy
569994012670734336,2015-02-23 14:55:37 -0800,Delta,0,@JetBlue @MrJustyn I heard companies were studying popular lingo for advertising but this is just depressing and embarrassing.
569995335893848064,2015-02-23 15:00:52 -0800,American,0,@AmericanAir boom. http://t.co/PzGc6Jch7n
569995706909503488,2015-02-23 15:02:21 -0800,United,0,@united Thank you!
569995961570856960,2015-02-23 15:03:21 -0800,United,0,@united should NOT sell tickets for @SilverAirways on http://t.co/onhXHCO6bK.  has terrible service and UA staff cannot reach Silver
569996897009717248,2015-02-23 15:07:04 -0800,United,0,@united has the WORST customer svcs! This Kevin rep at call center must be investigated. My baggage's lost and there's no help but argument!
569997351412228097,2015-02-23 15:08:53 -0800,United,0,"@United fucked up, then voided my ticket, and KEPT MY MONEY.  Not even an apology. I will never fly with your airline again. #UnitedAirlines"
569997655713173504,2015-02-23 15:10:05 -0800,American,0,"@AmericanAir has the worst flight change policy. No mercy, no sympathy, such a bummer when you can't go to funerals or see friends bc of it."
569998122241232896,2015-02-23 15:11:57 -0800,Southwest,0,@SouthwestAir hasn't evennotified us that theflight isdelayed via email/text/phone call.If we wererunning Late Flight I would be pissed #unreliable
570001706676842497,2015-02-23 15:26:11 -0800,Delta,0,"Social agencies, this is why we can't have nice things. @JetBlue: Our fleet's on fleek. http://t.co/QRxz0bGbtq"
570002454839820288,2015-02-23 15:29:10 -0800,United,0,@united that is not in line with your responses here. And now I'm waiting until tomorrow morning because all the flights are overbooked.
570004391731847169,2015-02-23 15:36:51 -0800,Virgin America,0,@VirginAmerica wish you flew out of Atlanta... Soon?
570004421352001536,2015-02-23 15:36:58 -0800,US Airways,0,@USAirways  I will never fly us airways again.
570004519679074304,2015-02-23 15:37:22 -0800,American,0,@AmericanAir no kidding! Gonna take some beating on the apron... And there are some good lookin' planes out there!
570006028864999424,2015-02-23 15:43:22 -0800,American,0,"@AmericanAir Thx, someone picked up after 45 minutes"
570007761355980800,2015-02-23 15:50:15 -0800,US Airways,1,"@USAirways @Gregm528 well there is certainly nothing happening ""in front"" of the scenes. #Noaccountability  #disappointing"
570008005774860289,2015-02-23 15:51:13 -0800,Delta,0,Alright... Someone has to stop this! RT @JetBlue: Our fleet's on fleek. http://t.co/lchVJoliDg
570009743160254464,2015-02-23 15:58:07 -0800,United,0,@united what's a girl gotta do to get a flight name change when SHE bought one for a mean ex boyfriend and needs a girl's trip stat?!
570013523650048002,2015-02-23 16:13:09 -0800,Virgin America,0,@VirginAmerica are flights leaving Dallas for Seattle on time Feb 24?
570015527961272321,2015-02-23 16:21:06 -0800,American,0,"@AmericanAir trying to change flight via DFW tomorrow, can't get thru on phone, long wait then cut off x2, can you help please?"
570016770708283392,2015-02-23 16:26:03 -0800,American,0,@AmericanAir any ways to get through the 50 minute wait to book a flight?
570018892031991808,2015-02-23 16:34:28 -0800,US Airways,0,@USAirways I just want to be heard and to discuss the many issues on my trip
570021075355963392,2015-02-23 16:43:09 -0800,United,0,"@united also, the mere fact that I have to go online to issue a statement vice calling and talking to some directly is one good example."
570022626724220928,2015-02-23 16:49:19 -0800,US Airways,0,@USAirways I have better Intel than she does!  She said plane is due in at 630.  Flightaware and your own app say 645
570025428095770624,2015-02-23 17:00:27 -0800,American,0,"@AmericanAir upgraded to 1st class. Inquired about red wine.  ""Sauvignon blanc &amp; I can't pronounce the other one.""  Couldn't describe..."
570025482344898560,2015-02-23 17:00:40 -0800,Virgin America,0,"@VirginAmerica Hey, first time flyer next week - excited! But I'm having a hard time getting my flights added to my Elevate account. Help?"
570029599930880000,2015-02-23 17:17:01 -0800,American,0,@AmericanAir can you help me update a birthday that was incorrectly input in a reservation? This is preventing me from checking in
570030390309552128,2015-02-23 17:20:10 -0800,Delta,0,@JetBlue plan to repair its brand http://t.co/ui9M8YpzH2 via @WSJ
570031211336368128,2015-02-23 17:23:26 -0800,Southwest,0,@SouthwestAir is my favorite airlines. I've never had issues with them. Plus there crew is entertaining.
570032541933051904,2015-02-23 17:28:43 -0800,American,0,@AmericanAir have such a bad rep for loosing costumers luggage. I stopped flying them a while back.
570036327825195008,2015-02-23 17:43:45 -0800,American,0,@AmericanAir Gabriela in Miami is a very rude employee.Working the MIA-LGA check In. She made experience unpleasant.  #customerexperience
570037961020080129,2015-02-23 17:50:15 -0800,United,0,"@united caught earlier flight to ORD. Gate checked bag, and you've lost it at O'Hare. original flight lands in 20minutes. #frustrating!"
570038564110467074,2015-02-23 17:52:39 -0800,American,0,@AmericanAir @USAirways need to be reported to the @BBB_media for their complete disregard for paying customers! #DoNotFlyWithThem
570039094257938432,2015-02-23 17:54:45 -0800,United,0,@united can you assist with current flight status for flt# 1016 out of DFW tomorrow at 6:55am?
570040750412406784,2015-02-23 18:01:20 -0800,American,0,@AmericanAir the folks at the Executive Platinum desk are great pros.  They understand my displeasure with change fees and switch to SW.
570045461077352448,2015-02-23 18:20:03 -0800,American,0,@AmericanAir is that the flight for tomorrow?
570048188830216192,2015-02-23 18:30:53 -0800,US Airways,0,@USAirways I am a premium #DividendMiles #cardholder. Unacceptable 4 you to #hangup my #customerservice call twice after putting me on hold.
570049195446444033,2015-02-23 18:34:53 -0800,Southwest,0,@SouthwestAir will do - if you follow back I can DM that info
570050268588597248,2015-02-23 18:39:09 -0800,United,0,@united can you tell me how to file a claim for clothing that had to be purchased?
570050785490419712,2015-02-23 18:41:12 -0800,United,1,"@united http://t.co/hj5kq82Chn, however, is completely under your control—the price was and still is displayed on http://t.co/hj5kq82Chn."
570056533356224512,2015-02-23 19:04:03 -0800,US Airways,1,@USAirways   Not good. On hold for over an hour. http://t.co/wSgYckCIIO
570058699676520448,2015-02-23 19:12:39 -0800,Southwest,0,@SouthwestAir Twitter cust svc rule 1 Dont say IF we fell short. I just told u u did! #2 If u cant solve problem don't say anything at all!
570059874480091136,2015-02-23 19:17:19 -0800,American,0,"@AmericanAir seriously, all flights from Detroit to Dallas are Cancelled Flightled 2 days in a row. I want to get home &amp; see my wife &amp; kids."
570061334898872321,2015-02-23 19:23:08 -0800,Southwest,0,"@SouthwestAir in flight wifi + @TMobile wifi calling makes for the best combination. Who doesn't love texting 40,000 feet in the air :D"
570061921145065473,2015-02-23 19:25:27 -0800,American,0,@AmericanAir so disappointed with this airline never again will I book with you guys
570063451143462913,2015-02-23 19:31:32 -0800,American,0,@AmericanAir I've just received the ticket. Thank you for your help
570064381410734080,2015-02-23 19:35:14 -0800,Southwest,0,@SouthwestAir reference #: 261093929756
570068435805310976,2015-02-23 19:51:21 -0800,United,0,@united I hope so too
570068649295241216,2015-02-23 19:52:12 -0800,American,0,.@AmericanAir Hopefully it's all fixed. They've got a new aircraft for us- just waiting to board.
570070483338731520,2015-02-23 19:59:29 -0800,American,0,@AmericanAir which one.?i have been booked on 6 different ones in the past 2 days
570073396152676352,2015-02-23 20:11:03 -0800,American,0,@AmericanAir what can AA do for a load of people about to board their 5th plane of a very long day when the first 4 were unserviceable
570073507465469952,2015-02-23 20:11:30 -0800,US Airways,0,"@USAirways - No live person to speak with all day at Dividend Miles, after they wrongfully took over 65,000 miles out of my account."
570073661241057280,2015-02-23 20:12:06 -0800,Delta,0,@JetBlue Happy Anniversary!! It's hard to believe you're 15!! You're so young!
570073757508726784,2015-02-23 20:12:29 -0800,United,1,@united you guys continue to impress me in Houston. http://t.co/cIh1qNllcM
570076792993611776,2015-02-23 20:24:33 -0800,Virgin America,0,@VirginAmerica this is great news!  America could start flights to Hawaii by end of year http://t.co/r8p2Zy3fe4 via @Pacificbiznews
570077431484121088,2015-02-23 20:27:05 -0800,American,0,@AmericanAir With snow/ice forecast DFW Tu pm-We am what is change policy on reservations we hold Wed morning? Any leeway??
570080863720878081,2015-02-23 20:40:44 -0800,United,0,@united why would they make me share a room?
570082243596591104,2015-02-23 20:46:13 -0800,United,0,@united @luke_mcintosh68 nah you wouldn't
570084337099673600,2015-02-23 20:54:32 -0800,US Airways,0,"@USAirways  Instead, the miles are credited to an account that i did not open
-- My request to merge the accounts is denied"
570084406204997632,2015-02-23 20:54:48 -0800,US Airways,0,@USAirways   No one picks up the phone all day/  no opportunity to leave a voicemail
570084883332239360,2015-02-23 20:56:42 -0800,Delta,0,@JetBlue Hey guys do you have a tail number assigned yet to flight 1373 for tomorrow?
570085229576265728,2015-02-23 20:58:05 -0800,US Airways,0,@USAirways  Three months and my miles haven't been credited.  No one is going to read the email I sent.
570085423801888768,2015-02-23 20:58:51 -0800,US Airways,0,@USAirways  I'm glad this airline is going to be swallowed by American!!! American always picks up the phone and solves problems.
570086434410930176,2015-02-23 21:02:52 -0800,American,0,@AmericanAir do you have hand sanitizer in the bathrooms on your flights?
570090102195486722,2015-02-23 21:17:26 -0800,United,0,“@united: @Darquenloveli We regret to hear this. Please let us know if you need assistance. ^KN” I was finally able to secure my seat. Thx
570092184948645889,2015-02-23 21:25:43 -0800,American,0,@AmericanAir I FOUND MY FOOTAGE!! :D I am so so happy.
570092210466611200,2015-02-23 21:25:49 -0800,American,0,"@AmericanAir your online site doesn't have flights listed in chronological order, resulting in a mis-purchase. Anything that can be done?"
570093170874302464,2015-02-23 21:29:38 -0800,United,0,@united Deep Vein thrombosis
570095443364831232,2015-02-23 21:38:40 -0800,American,0,@AmericanAir followed!  Sure hope you can help!
570098489943666688,2015-02-23 21:50:46 -0800,American,0,@AmericanAir @united @SpiritAirPR  @Fioretti2ndWard @ChicagosMayor @garcia4chicago BS that #Noise #Late Flight #NoRahm http://t.co/CFzdJmn0uI
570099762709581824,2015-02-23 21:55:50 -0800,United,0,@united yes I do.
570099970742886400,2015-02-23 21:56:39 -0800,American,0,@AmericanAir TSA. When I tried to check in the things I've bought your people told me it was Late Flight to do it. So... I want my things back
570102708734197760,2015-02-23 22:07:32 -0800,Delta,0,@JetBlue the worst flying experience I've ever suffered through. I'd appreciate my money back.
570105020999344128,2015-02-23 22:16:43 -0800,United,0,“@united: @MelanieSpring We'll see what we can do. ^KN” We are running! Most of this plane is running. Thanks for the help!
570108724636831745,2015-02-23 22:31:26 -0800,United,0,@lindaSWC @united:  We don't like to hear you had a poor experience. Please share details w/our Customer Care team http://t.co/HIsc4NdMgZ.
570128126480674816,2015-02-23 23:48:32 -0800,American,0,"@AmericanAir pity that a machine replied, or perhaps my story not unusual. Expected better response given article in in-flight magazine."
570133621870174209,2015-02-24 00:10:22 -0800,American,0,@AmericanAir they are giving cots to the people that did not get hotel rooms...that is terrible..
570137063716216832,2015-02-24 00:24:03 -0800,American,0,@AmericanAir try contacting everyone on that flight with a refund offer and we might believe you are sincere
570150741022617600,2015-02-24 01:18:24 -0800,American,0,@AmericanAir no; I just expect a higher level of customer service &amp; for the flight crews to give us accurate information
570162212616212480,2015-02-24 02:03:59 -0800,American,0,"@AmericanAir leave us stranded, send baggage with important medication to different city for 4days&amp;apologise with a $50 voucher. appalling."
570168203470446592,2015-02-24 02:27:47 -0800,Delta,0,"@JetBlue here we go again, 2nd round trip to CA in a week #TrueBlue"
570174964856266752,2015-02-24 02:54:39 -0800,American,0,@AmericanAir  oh no she left the counter and went downstairs.  Then she told Elise an agent that joined her not to come over to counter.
570175858469515264,2015-02-24 02:58:12 -0800,American,0,"@AmericanAir when you strand someone in a city without luggage you would think AA would want to earn your business, but guess not?"
570176104541122561,2015-02-24 02:59:11 -0800,American,0,@AmericanAir merged airlines do not work for FF programs. Very frustrating and the gate agents are to busy pouting to care. #AttitudeIssues
570176998355701760,2015-02-24 03:02:44 -0800,United,0,@united another awesome new plane flight 1584 and extremely nice Captain Steve Connolly.
570177745759678466,2015-02-24 03:05:42 -0800,American,0,"@AmericanAir Ps, I was right."
570180010125864960,2015-02-24 03:14:42 -0800,American,0,"@AmericanAir Embassy Suites
13341 Woodland Park Drive
Herndon, Virginia, 20171 
US 
+1-703-464-0200"
570181700036087809,2015-02-24 03:21:25 -0800,American,0,@AmericanAir just wow Regina just told me I can't file or request a lost bag statement until I finish my travel.  So until I get to DC argg
570185364746461184,2015-02-24 03:35:59 -0800,American,0,@AmericanAir re-staff and commence new policies because your industry is so embarrassed by you.
570188353984958464,2015-02-24 03:47:51 -0800,United,0,@united YOU GUYS ARE HORRIBLE.
570192452486889473,2015-02-24 04:04:08 -0800,Delta,2,@JetBlue now out of A gates and into main terminal @ DCA. @NATCA members keeping watch from ATCT. #avgeek http://t.co/hPsiEaokwh
570195089869447168,2015-02-24 04:14:37 -0800,American,0,"Thanks, @chasefoster. Was just about to book a flight to UK using @AmericanAir, but after reading this exchange, there's no way. I've sent"
570197146894520320,2015-02-24 04:22:48 -0800,Delta,0,"@JetBlue Hi there, any rough idea of when January 2016 flights will be made available?"
570203842542829568,2015-02-24 04:49:24 -0800,Southwest,0,@SouthwestAir three hour flight to Orlando and no wifi? Uncool. #firstworldproblems
570204219191504896,2015-02-24 04:50:54 -0800,US Airways,0,@USAirways just wasted another hour of my life on hold. this is insanity. there has to be another way to use my voucher as payment online
570204435663581184,2015-02-24 04:51:46 -0800,American,0,@AmericanAir great job TYR ground crew...now let's get this bird outta here!!!  Tell flight 3200 to wait on me...be there in 45 mikes!
570205880504815616,2015-02-24 04:57:30 -0800,United,0,"@united I'm grounded in Montreal with ua3659. I am missing my connection ua3417 to St. Louis. Can you help,Do you have a private jet for me?"
570208992439312384,2015-02-24 05:09:52 -0800,American,0,"@AmericanAir yes starting w/ flight 1278, getting me home more than 48 hours Late Flightr. record locator BSUXLU"
570210502955155456,2015-02-24 05:15:52 -0800,Southwest,0,@SouthwestAir weather where? And at what time Cancelled Flighted? No I can't because meeting was today.
570212050548461568,2015-02-24 05:22:01 -0800,American,0,@AmericanAir She seems a little preoccupied - that's why I'm bringing it to your attention. I am just flagging an issue as an observer.
570214968622239744,2015-02-24 05:33:37 -0800,Southwest,0,@SouthwestAir sent
570217639584395264,2015-02-24 05:44:14 -0800,US Airways,0,@USAirways We're back at a gate. Opposite of wheels up. Im sure we'll get thete eventually. So thanks.
570217831557677057,2015-02-24 05:44:59 -0800,Virgin America,0,@VirginAmerica do you miss me? Don't worry we'll be together very soon.
570218794414673921,2015-02-24 05:48:49 -0800,American,0,@AmericanAir You sent me a cheque today which can’t be paid into a UK bank account. VERY annoying!
570225098189348864,2015-02-24 06:13:52 -0800,American,0,@AmericanAir and is there a delay on our connection to pns?
570225899964129281,2015-02-24 06:17:03 -0800,Delta,0,@JetBlue sounds great! Thank you!! :)
570227814575804416,2015-02-24 06:24:39 -0800,Southwest,0,@SouthwestAir why was Southwest only airline to Cancelled Flight all flights from Charleston? Was 7:50pm flight Cancelled Flightation really weather reLate Flightd?
570229133445242880,2015-02-24 06:29:54 -0800,United,0,@united so you're telling me there is no number to call after being left in an airport because of a negligent pilot and staff?
570229176621510659,2015-02-24 06:30:04 -0800,US Airways,0,@USAirways they have all of this at hotels. Still don't have my work folder or business casual clothes. #worst http://t.co/JIEYCat1Ek
570231786824994816,2015-02-24 06:40:27 -0800,US Airways,0,@USAirways Thanks again for ruiningmy vacation.  You all are the best for this.  Could not have done it without you.
570234327071629312,2015-02-24 06:50:32 -0800,American,0,@AmericanAir @cityandsand we're trying to coordinate an airport hand-off of Nutella! #veryimportantproject
570236690637459456,2015-02-24 06:59:56 -0800,American,0,@AmericanAir simply amazing. Smiles for miles.Thank u for my upgrade tomorrow for ORD.We are spending a lot of time together next few weeks!
570237238631669763,2015-02-24 07:02:06 -0800,American,0,@AmericanAir I am dealing with the reFlight Booking Problems agent in the Miami airport now
570237440616570880,2015-02-24 07:02:54 -0800,Delta,0,“@JetBlue: Our fleet's on fleek. http://t.co/clu5pdPrHP” :(
570237629775675392,2015-02-24 07:03:40 -0800,United,0,"@united bet you wont honour them, like mine ey"
570245656972894208,2015-02-24 07:35:33 -0800,Southwest,0,@SouthwestAir is there a resource to check delays/Cancelled Flightlations out of Love Field? Flying out tomorrow am and stressed about weather! ❄️
570245996334190592,2015-02-24 07:36:54 -0800,United,0,@united does this process ever end? Still waiting for the reply since 2 months #pathetic #customerservice
570246963901427713,2015-02-24 07:40:45 -0800,United,0,@united ok it's now been 7 months waiting to hear from airline. I gave them quite a bit more than the 30 days requested! Terrible service
570247850858147840,2015-02-24 07:44:16 -0800,American,0,@AmericanAir Yes I am. 2495/1170. RNO departure at 1229 on 2/25 w/connection at DFW to LGA. I can do the 1120am to LAX and then to JFK
570248035369820162,2015-02-24 07:45:00 -0800,Southwest,0,"@SouthwestAir: #VIPLiveintheVieyard - first time we tried to redeem pts for *anything*, it really did not go well. #disappointed"
570248242853773312,2015-02-24 07:45:50 -0800,US Airways,0,@USAirways haha no worries you guys are the best!  +1 for spelling my name correctly
570248591295557632,2015-02-24 07:47:13 -0800,Delta,0,“@JetBlue: Our fleet's on fleek. http://t.co/b5ttno68xu” I just 🙈
570249871107723264,2015-02-24 07:52:18 -0800,United,0,@united Airline trouble this winter &amp; not getting good customer service? contact http://t.co/aQjn4HwNaC  we negotiate resolutions for You!
570250780252504064,2015-02-24 07:55:55 -0800,Southwest,0,@SouthwestAir NOR @SpiritAirlines fly to Toronto?!?!? You're killing me smalls.......
570252231624265729,2015-02-24 08:01:41 -0800,Southwest,0,"@SouthwestAir Why can we no longer change trips with a companion online? Been doing it for years, now get message can't be done online?"
570252885809868801,2015-02-24 08:04:17 -0800,American,0,@AmericanAir Filled out a baggage claim over the phone last night. Check the status to discover the rep confused Arkansas for Alaska 😒
570257429486706688,2015-02-24 08:22:20 -0800,American,0,"@AmericanAir @USAirways if this is how your merger is going to go, you fail! Huge probls w/comm on DFW storm. Cxld rtrn flts. NOT COOL!!!"
570259380999860224,2015-02-24 08:30:05 -0800,American,0,@ods1819 aren't you glad this isn't you RT @AmericanAir: Bet these birds wish they'd flown south for the #winter... http://t.co/HEpkNpuzwU
570261349172973569,2015-02-24 08:37:55 -0800,Southwest,0,"@SouthwestAir That was Chantilly, Paris, France."
570263130141564929,2015-02-24 08:44:59 -0800,Southwest,0,@SouthwestAir can you please make sense of the companion promo? How to we set it up?
570263732099649537,2015-02-24 08:47:23 -0800,American,0,"@AmericanAir @dfwairport That's DFW!? OMG! Yeah cold, everywhere!"
570265300685488129,2015-02-24 08:53:37 -0800,American,0,"@AmericanAir your definition and mine of 10 min is vastly different. I understand the need to get off the plane for maint, but be honest."
570265563035004928,2015-02-24 08:54:39 -0800,Southwest,0,@SouthwestAir from groupA to group C. We have never got to sit next to each other on any south west flight not even on our honey moon
570265811623002112,2015-02-24 08:55:39 -0800,Delta,0,@JetBlue I appreciate the credit for my troubles but the lack of personal response troubles me.
570266871586553856,2015-02-24 08:59:51 -0800,US Airways,0,@USAirways what's the charge for oversize? Not overweight
570268558451720193,2015-02-24 09:06:34 -0800,Southwest,0,"@SouthwestAir then had to watch the staff check off each passenger on the list TWICE, because the first time they forgot look at IDs. Brutal"
570270684619923457,2015-02-24 09:15:00 -0800,Virgin America,0,I ❤️ flying @VirginAmerica. ☺️👍
570273188485197825,2015-02-24 09:24:57 -0800,US Airways,0,"@USAirways ...2 hours on the plane, they at least got us on a direct flight a couple hours Late Flightr on United"
570277278627848192,2015-02-24 09:41:13 -0800,Delta,0,@JetBlue Is there an issue with your website and logging on? (App too?) I know I am entering info correctly but cannot sign in! :(
570278202897276928,2015-02-24 09:44:53 -0800,US Airways,0,"@USAirways @AmericanAir I love you guys &amp; I'm gonna let you finish, but I've been on hold for 1 hour trying to book a flight w/ my voucher."
570278679491670016,2015-02-24 09:46:47 -0800,Southwest,0,@SouthwestAir are people in an exit row still supposed to give their verbal approvals? I was never asked on the flight I'm on...
570278869133107201,2015-02-24 09:47:32 -0800,American,0,@AmericanAir my flight 386 to Dallas from Jacksonville fl has been Cancelled Flightled. No one has notified me. What's going on?
570279050276704257,2015-02-24 09:48:15 -0800,US Airways,0,"@USAirways ""Airport snow removal method #22...""
Keep up the good work folks, this is where Cessna's become 747's! http://t.co/0JJT4X3YxG"
570279118438182913,2015-02-24 09:48:31 -0800,American,0,"@AmericanAir great, thanks!"
570279787287093248,2015-02-24 09:51:11 -0800,Delta,0,@JetBlue it's poop and barely works
570283824040382464,2015-02-24 10:07:13 -0800,Southwest,0,@SouthwestAir round-trip tickets just arrived for our auction at the Post-Masters Invitational! Thanks Southwest! http://t.co/mRfBjtePef
570284855163883520,2015-02-24 10:11:19 -0800,US Airways,0,@USAirways 59 minutes now. Nice customer service you got going on.
570288039454486529,2015-02-24 10:23:58 -0800,US Airways,0,"@USAirways: u didn't bother following up, we booked with @Delta.  @Delta understands cust srv: provided lunch 4 delays &amp; upgraded seats!"
570289080090689536,2015-02-24 10:28:06 -0800,Southwest,0,@SouthwestAir weather bc of system outage. Hopefully everything goes smoothly now. Thank you for follow up
570290337169739776,2015-02-24 10:33:06 -0800,American,0,@AmericanAir I need a flight out tonight. Isn't there anything else?
570290421336813568,2015-02-24 10:33:26 -0800,US Airways,0,@USAirways thank you!!
570291219919736832,2015-02-24 10:36:36 -0800,Southwest,0,@SouthwestAir Just DMed you my confirmation number.
570291492545298432,2015-02-24 10:37:41 -0800,United,0,@united I lost a voucher that I was given in Miami aeroport on jan 26. I did not use it.
570295405818335236,2015-02-24 10:53:14 -0800,US Airways,0,"@USAirways I forgot my password and I don't know if my username is correct, and i want to use my miles, what i have to do??"
570295576446808065,2015-02-24 10:53:55 -0800,American,0,@AmericanAir I have been on hold w/customer service line for 68 minutes.  This after I was on phone with an agent for 35 min b/f call droped
570295745921880064,2015-02-24 10:54:36 -0800,American,0,@AmericanAir thanks keep me updated just hope I make either of my connections to Killeen Tx
570295981985681409,2015-02-24 10:55:32 -0800,American,0,@AmericanAir don't worry. I'll be sending a letter with what I expect from you for compensation. I fly twice a week w/you guys...for now
570296572375900160,2015-02-24 10:57:53 -0800,American,0,"@AmericanAir yes yes yes,so glad to be headed home!"
570298744723415040,2015-02-24 11:06:31 -0800,American,0,@AmericanAir got another flight. Thanks you
570299824760860672,2015-02-24 11:10:48 -0800,American,0,"@AmericanAir Great, thanks. Followed."
570299953286942721,2015-02-24 11:11:19 -0800,Virgin America,0,"@virginamerica Well, I didn't…but NOW I DO! :-D"
570300177367633921,2015-02-24 11:12:12 -0800,American,0,@AmericanAir What happens when you combine Top Chef &amp; the beauty of San Miguel de Allende. My Late Flightst food blog.  http://t.co/7t1rDRCRe6
570301031407624196,2015-02-24 11:15:36 -0800,Virgin America,0,"@VirginAmerica it's really aggressive to blast obnoxious ""entertainment"" in your guests' faces &amp; they have little recourse"
570302023993831425,2015-02-24 11:19:32 -0800,United,0,"@united Gate agent hooked me up with alternate flights. If you have a way to PREVENT the constant issues, that would rock."
570305051819941889,2015-02-24 11:31:34 -0800,American,0,"@AmericanAir my flight got Cancelled Flightled from GRK to DFW, then to LEX for tomorrow and I need it rebooked."
570306217001799680,2015-02-24 11:36:12 -0800,United,0,@united Your ERI-ORD express connections are hugely popular .. now if only we could have an ERI-EWR hop! :)
570309145276125185,2015-02-24 11:47:50 -0800,Southwest,0,@SouthwestAir although I'm not happy you Cancelled Flighted my flight home tomorrow (phx to atl then dca) I am happy on how easy it was to rebook
